tree
version=v4
num_class=1
num_tree_per_iteration=1
label_index=0
max_feature_idx=16
feature_names=Column_0 Column_1 Column_2 Column_3 Column_4 Column_5 Column_6 Column_7 Column_8 Column_9 Column_10 Column_11 Column_12 Column_13 Column_14 Column_15 Column_16
feature_infos=[1:400] [2:400] [0:30] [0:3] [0:3] [0:3] [0:11] [0:11] [0:3] [1:99] [0:3] [0:4] [0:6] [0:8] [0:11] [-6.4920525550842285:-2.1932690143585205] [1:38]
tree_sizes=1792 1798 1798 1769 1789 1782 1789 1787 1783 1801 1808 1797 1794 1790 1797 1789 1794 1803 1786 1797 1794 1786 1784 1792 1783 1779 1784 1787 1799 1790 1797 1800 1792 1796 1789 1779 1799 1783 1775 1795 1798 1780 1801 1781 1782 1785 1789 1798 1790 1789 1786 1787 1780 1776 1762 1788 1792 1787 1803 1786

Tree=0
num_leaves=15
num_cat=0
split_feature=1 6 15 6 0 0 8 1 0 2 15 1 1 15
split_gain=15.796 11.6053 11.072 9.04235 7.45199 8.06111 8.48857 6.71213 6.23846 8.89784 6.00018 25.4792 6.50576 5.73182
threshold=137.50000000000003 6.5000000000000009 -3.3188960552215572 9.5000000000000018 43.500000000000007 20.500000000000004 1.0000000180025095e-35 85.500000000000014 41.500000000000007 11.500000000000002 -4.2932326793670645 41.500000000000007 79.500000000000014 -3.7246499061584468
decision_type=2 2 2 2 2 2 2 2 2 2 2 2 2 2
left_child=2 13 10 8 5 6 -4 -7 -3 -10 11 -1 -12 -2
right_child=1 3 4 -5 -6 7 -8 -9 9 -11 12 -13 -14 -15
leaf_value=-0.011512384532086464 -0.010397118379020798 -0.0050255749767665154 0.0011511069525317759 -0.0057468825305499668 0.0062161444347971868 -0.0060255022689532757 -0.0082262782018251678 0.00761369301694431 0.012366394708039555 -0.0025415008564113636 0.0029517568593646262 0.011456119912275532 0.0002041453109437761 -0.0032137270288321276
leaf_weight=113.37799257459119 208.52011025033426 39.183340059127659 639.77448721975088 110.72044384106994 96.031243931502104 443.25853733345866 90.289492473006248 26.580749727785587 96.654494455084205 49.953308362513781 2360.2668275795877 57.656759608420543 1155.1302639674395 208.14227886684239
leaf_count=15701 11209 1761 15595 5629 2520 11021 2160 684 4261 2406 89315 7679 45665 7501
internal_value=0.000345465 -0.0037991 0.000945138 0.000736088 -0.00143234 -0.00209078 -0.000104112 -0.00511129 0.00469575 0.00744893 0.00178253 -0.00356446 0.00205205 -0.00696811
internal_weight=5695.54 713.174 4982.37 296.512 1295.93 1199.9 730.064 469.839 185.791 146.608 3686.43 171.035 3515.4 416.662
internal_count=223107 32767 190340 14057 31980 29460 17755 11705 8428 6667 158360 23380 134980 18710
is_linear=0
shrinkage=0.03


Tree=1
num_leaves=15
num_cat=0
split_feature=1 15 6 15 6 16 1 2 16 6 7 7 15 14
split_gain=12.6791 11.9763 10.3446 5.94648 5.8132 5.76457 28.1771 10.8745 10.3922 7.09234 6.25367 6.03655 5.42231 12.4278
threshold=143.50000000000003 -3.0081992149353023 5.5000000000000009 -3.7246499061584468 9.5000000000000018 34.500000000000007 41.500000000000007 1.0000000180025095e-35 30.500000000000004 9.5000000000000018 1.0000000180025095e-35 10.500000000000002 -3.3392256498336788 6.5000000000000009
decision_type=2 2 2 2 2 2 2 2 2 2 2 2 2 2
left_child=1 5 3 -2 -4 8 7 -7 12 -10 -8 -12 13 -1
right_child=2 -3 4 -5 -6 6 10 -9 9 -11 11 -13 -14 -15
leaf_value=0.0013618800024779668 -0.011362599337788049 -0.0066269773941826406 0.0026114532600003946 -0.0030257687536775421 -0.0057284521936460343 -0.01056275114447079 -0.0023843054565726505 0.0098623661309027479 -0.007478485129589988 0.0041647505387101243 0.023480714987553612 -0.0040704760945391586 -0.00062080565365047879 0.011693615570783047
leaf_weight=3118.5592399481684 165.02330152795184 186.5154961720109 228.63756078947335 155.02164137549698 99.844207908026874 69.35420895786956 9.4123627860099059 24.3379683541134 205.09845487237908 53.241544216871262 63.604252003948204 4.9460277450270942 1232.6848171763122 98.707247801590711
leaf_count=116864 9045 3612 10372 5604 5165 10394 771 1756 14488 3056 6834 317 31971 3660
internal_value=0.000129334 0.000637161 -0.00378737 -0.00753848 -1.78635e-05 0.000927786 0.00617442 -0.00481758 0.000723824 -0.00501314 0.0184301 0.0212277 0.00106737 0.00171411
internal_weight=5714.99 5066.46 648.527 320.045 328.482 4879.95 171.655 93.6922 4708.29 258.34 77.9626 68.5503 4449.95 3217.27
internal_count=223909 193723 30186 14649 15537 190111 20072 12150 170039 17544 7922 7151 152495 120524
is_linear=0
shrinkage=0.03


Tree=2
num_leaves=15
num_cat=0
split_feature=1 7 15 12 6 6 2 13 9 1 15 2 7 14
split_gain=15.3556 9.40763 8.99337 8.88864 7.99115 6.82878 6.40225 9.36148 5.96248 7.18098 5.19117 4.23173 6.62017 6.67092
threshold=137.50000000000003 5.5000000000000009 -3.3921626806259151 1.0000000180025095e-35 1.5000000000000002 9.5000000000000018 11.500000000000002 1.0000000180025095e-35 1.5000000000000002 51.500000000000007 -3.657018661499023 4.5000000000000009 5.5000000000000009 2.5000000000000004
decision_type=2 2 2 2 2 2 2 2 2 2 2 2 2 2
left_child=2 10 8 -4 -5 6 7 -3 9 -1 -2 -10 -13 -14
right_child=1 5 3 4 -6 -7 -8 -9 11 -11 -12 12 13 -15
leaf_value=-0.014432059240889453 -0.0098340366323348156 0.011261394969326417 0.004542466670438023 0.0042125400947926788 -0.0025384110526127102 -0.0060782230148526501 -0.0050285850501898127 -0.0025392422833286398 0.002457820794829607 0.0087190869457602037 -0.0024281239597385416 -0.0026939148185597256 0.0062463407021487753 -0.0025381907131430161
leaf_weight=31.661871354095638 229.8269277960062 97.206580515019596 221.29280856996775 169.22628868743777 1359.6548110023141 109.93838674714789 61.61534627340734 70.05672097671777 2475.5894500687718 9.2896715122042206 145.01723717153072 399.84606085438281 199.91506251692772 116.56450549792498
leaf_count=4074 12029 4003 6144 4246 35219 5652 2971 3323 110851 1184 5004 15820 8052 4687
internal_value=0.000187643 -0.00389684 0.000779247 -0.0009494 -0.00176865 -0.000244036 0.00269546 0.00566396 0.00171512 -0.00849981 -0.00710643 0.00187232 -0.000157139 0.00303221
internal_weight=5696.7 713.661 4983.04 1750.17 1528.88 338.817 228.879 167.263 3232.87 40.9515 374.844 3191.92 716.326 316.48
internal_count=223259 32982 190277 45609 39465 15949 10297 7326 144668 5258 17033 139410 28559 12739
is_linear=0
shrinkage=0.03


Tree=3
num_leaves=15
num_cat=0
split_feature=1 7 16 0 0 6 0 1 4 6 7 14 1 16
split_gain=10.0333 8.67769 7.55186 6.34217 6.98333 7.9919 5.47985 5.17012 4.91157 7.09213 4.41 4.27042 8.54586 9.03195
threshold=137.50000000000003 5.5000000000000009 6.5000000000000009 49.500000000000007 131.50000000000003 9.5000000000000018 1.5000000000000002 51.500000000000007 1.5000000000000002 6.5000000000000009 7.5000000000000009 6.5000000000000009 33.500000000000007 20.500000000000004
decision_type=2 2 2 2 2 2 2 2 2 2 2 2 2 2
left_child=2 -2 -1 -3 5 10 7 -4 11 -10 -5 -8 13 -13
right_child=1 3 6 4 -6 -7 8 -9 9 -11 -12 12 -14 -15
leaf_value=-0.0012591944542978846 -0.006237750017348517 -0.0061382236565146516 -0.012653134963608995 0.0044473048161026291 -0.0034624383741743451 -0.0031169270371678671 0.0011257974974105446 0.0064978152455733955 0.015974293898170271 -0.0020017786483945512 0.017115501127259545 0.0087198987295465484 0.016794223784966891 -0.01055414276551532
leaf_weight=1366.7198130860925 373.49473685619887 89.031233847374097 35.93430964066647 62.575125075876713 93.983592599164695 49.107156322337687 3412.0916683545802 10.451785115874371 38.919819455826655 29.771745463716798 45.323744555003941 39.37414014339447 37.365755137288943 29.300422010477632
leaf_count=34641 17071 4143 4409 2560 4788 2513 142406 1291 1714 1220 1994 1313 1481 2230
internal_value=0.000158845 -0.00314386 0.000635493 0.000335729 0.00277937 0.00649931 0.00134973 -0.00795092 0.00149178 0.00891894 0.010769 0.00132189 0.0069909 0.000200258
internal_weight=5713.45 713.516 4999.93 340.021 250.99 157.006 3633.21 46.3861 3586.82 68.6916 107.899 3518.13 106.04 68.6746
internal_count=223774 33069 190705 15998 11855 7067 156064 5700 150364 2934 4554 147430 5024 3543
is_linear=0
shrinkage=0.03


Tree=4
num_leaves=15
num_cat=0
split_feature=1 15 7 0 15 1 14 16 16 1 15 16 7 15
split_gain=11.5924 9.93505 8.19035 7.43312 6.4039 13.1625 6.49258 6.67581 6.40204 10.5522 7.58211 7.06977 6.37768 5.57885
threshold=137.50000000000003 -3.3582049608230586 1.5000000000000002 16.500000000000004 -5.04046607017517 59.500000000000007 6.5000000000000009 29.500000000000004 34.500000000000007 37.500000000000007 -4.6578364372253409 37.500000000000007 5.5000000000000009 -3.657018661499023
decision_type=2 2 2 2 2 2 2 2 2 2 2 2 2 2
left_child=1 4 3 -3 5 -1 8 -8 -6 10 -10 -11 13 -2
right_child=12 2 -4 -5 6 -7 7 -9 9 11 -12 -13 -14 -15
leaf_value=-0.015971589354437613 -0.0092551556794910929 0.012073139642085576 -0.0025810129279013831 0.00013780933650807352 0.0008552820891795759 0.013779343230716902 0.011379808254240701 -0.0052546972206631119 -0.014159593644540558 0.018055675356940762 0.0055316229936803862 -0.0057818540398802062 -0.00072751046582870081 -0.0016105257893997507
leaf_weight=38.781426665373147 226.24104543495923 55.953161373734474 1305.5038737617433 163.9080436527729 3183.6613075151108 9.8371481046779063 93.084949196316302 21.149846567772329 18.141644704155624 59.365935803391039 37.653518411330879 8.4565234063193184 338.43217441241723 142.79035481996834
leaf_count=8491 12014 1398 33335 4132 125598 2002 3360 1717 2404 4548 2751 804 15937 4976
internal_value=-0.000177691 0.000333807 -0.00167719 0.00356836 0.00122006 -0.00862822 0.00138474 0.00812497 0.00112814 0.00756534 -0.00204989 0.0147224 -0.00374376 -0.00641773
internal_weight=5702.96 4995.5 1525.37 219.861 3470.13 48.6186 3421.51 114.235 3307.28 123.618 55.7952 67.8225 707.464 369.031
internal_count=223467 190540 38865 5530 151675 10493 141182 5077 136105 10507 5155 5352 32927 16990
is_linear=0
shrinkage=0.03


Tree=5
num_leaves=15
num_cat=0
split_feature=1 15 14 16 6 7 6 0 0 15 2 12 6 16
split_gain=9.29937 8.13984 9.91368 10.7471 8.14525 7.08903 7.5015 8.2115 8.78202 7.24465 6.93513 16.7318 12.0121 6.24219
threshold=132.50000000000003 -3.3392256498336788 6.5000000000000009 29.500000000000004 2.5000000000000004 5.5000000000000009 9.5000000000000018 53.500000000000007 131.50000000000003 -3.8584365844726558 1.0000000180025095e-35 1.5000000000000002 9.5000000000000018 34.500000000000007
decision_type=2 2 2 2 2 2 2 2 2 2 2 2 2 2
left_child=1 2 10 -4 -3 -2 7 -7 9 -9 11 13 -13 -1
right_child=5 4 3 -5 -6 6 -8 8 -10 -11 -12 12 -14 -15
leaf_value=-0.00045119837121169207 -0.0055756549618173456 0.0034534566824535847 0.013701722916347076 -0.0062488588985090661 -0.0023549477389243202 -0.0051515158059049961 -0.0057896546588688284 0.024026201876355888 -0.002317011964534179 0.0061261751322262354 0.0015319796728421062 -0.01753554645414282 -0.0017802529655896961 0.012520110396177087
leaf_weight=80.787851273547858 400.36999700334854 258.49949645623565 97.763125688768923 24.965740396059118 1142.2887080088258 69.967179586063139 118.1962605305016 20.867130336351693 64.296796254813671 94.932799279689789 3117.8878522305749 72.833226576447487 97.222234001150355 46.124685484101065
leaf_count=5160 18363 6444 3460 2653 28844 3262 6070 1110 3117 3663 119503 10947 5023 6004
internal_value=0.000184005 0.000663227 0.00142864 0.0094783 -0.00126619 -0.00286392 0.000153719 0.00307754 0.00637733 0.0110052 0.00111251 -0.003198 -0.00912724 0.00483319
internal_weight=5707 4938.37 3537.58 122.729 1400.79 768.63 368.26 250.064 180.097 115.8 3414.86 296.968 170.055 126.913
internal_count=223623 188038 152750 6113 35288 35585 17222 11152 7890 4773 146637 27134 15970 11164
is_linear=0
shrinkage=0.03


Tree=6
num_leaves=15
num_cat=0
split_feature=14 7 6 0 0 0 0 8 7 0 7 7 12 13
split_gain=9.85629 13.0146 7.96729 5.59753 8.29424 4.27226 8.8553 9.79154 6.78853 7.10458 10.7262 4.28363 5.95163 4.07034
threshold=1.5000000000000002 5.5000000000000009 9.5000000000000018 53.500000000000007 131.50000000000003 33.500000000000007 20.500000000000004 1.0000000180025095e-35 2.5000000000000004 39.500000000000007 1.0000000180025095e-35 3.5000000000000004 1.0000000180025095e-35 1.5000000000000002
decision_type=2 2 2 2 2 2 2 2 2 2 2 2 2 2
left_child=1 -1 3 -3 -5 6 7 -2 9 10 -7 12 -10 -8
right_child=5 2 -4 4 -6 8 13 -9 11 -11 -12 -13 -14 -15
leaf_value=-0.0059063429392089114 0.0018571548745815868 -0.0021526449537602661 -0.0044612975134231169 0.009985342509387549 -0.0024759278796797376 -0.0070662952951191351 0.00061252506403776884 -0.0049114893778757392 0.0048280705281021491 -0.0034158779470076731 0.013213945886035266 0.0025579548280331176 0.021801179174176524 -0.0033148015154523089
leaf_weight=497.29298368340824 2013.3707537918817 95.062697621644475 149.36387756979093 151.22646745014936 63.652655455283821 29.312779124826193 343.26174874976277 202.9491944659967 110.40549566783011 304.63136349059641 53.44862431101501 937.11518262326717 15.203636988997458 741.30164848268032
leaf_count=22333 83966 4325 7451 6051 3089 997 11413 8218 4162 11220 1943 35588 524 22253
internal_value=0.000169877 -0.00259243 0.00104497 0.003755 0.00634805 0.000730334 0.000132225 0.00121807 0.00208157 -0.00129376 0.00604358 0.00331257 0.00833864 -0.00207757
internal_weight=5707.6 956.599 459.306 309.942 214.879 4751 3300.88 2216.32 1450.12 387.393 82.7614 1062.72 125.609 1084.56
internal_count=223533 43249 20916 13465 9140 180284 125850 92184 54434 14160 2940 40274 4686 33666
is_linear=0
shrinkage=0.03


Tree=7
num_leaves=15
num_cat=0
split_feature=1 7 6 16 16 14 16 1 13 2 16 16 7 8
split_gain=10.0134 11.5534 5.45659 4.00832 5.33495 4.68907 11.4809 4.12746 3.5665 5.27645 4.30623 3.86555 6.40966 3.5448
threshold=132.50000000000003 5.5000000000000009 9.5000000000000018 14.500000000000002 15.500000000000002 6.5000000000000009 28.500000000000004 67.500000000000014 1.0000000180025095e-35 11.500000000000002 25.500000000000004 25.500000000000004 6.5000000000000009 1.0000000180025095e-35
decision_type=2 2 2 2 2 2 2 2 2 2 2 2 2 2
left_child=3 -2 8 -1 7 -6 -7 -5 9 -3 -11 -10 -13 -4
right_child=1 2 13 4 5 6 -8 -9 11 10 -12 12 -14 -15
leaf_value=-0.00028435891067460833 -0.0066599406423302893 0.0090751980629609572 -0.0076312267565004799 0.0020368132410427137 0.00073443834870272567 0.017358661845112613 -0.0054475010361133436 0.012013945426073669 -0.0078489196305951987 -0.010422835504519048 0.0039926031871452272 -0.0088868594126199889 0.011364576893536482 0.0028818246770010024
leaf_weight=2732.0478500500321 397.80880052526481 111.27677558455616 81.600641215220094 86.799488630145788 1994.3732635524357 38.116558149456978 27.427234668168239 62.906578363850713 38.58052776940167 19.837401701137424 40.475154703482985 13.743689057999289 26.613722467795014 35.787370992358774
leaf_count=78246 18450 4408 4317 3054 100127 1498 2774 2222 1437 797 2161 737 1580 1743
internal_value=-1.24787e-05 -0.0031817 0.000655865 0.000484034 0.0014311 0.0010162 0.00835746 0.00671896 0.00312802 0.00545818 -0.00155681 -0.00198129 0.00407274 -0.00445155
internal_weight=5707.4 765.724 367.915 4941.67 2209.62 2059.92 65.5438 149.706 250.527 171.589 60.3126 78.9379 40.3574 117.388
internal_count=223551 35630 17180 187921 109675 104399 4272 5276 11120 7366 2958 3754 2317 6060
is_linear=0
shrinkage=0.03


Tree=8
num_leaves=15
num_cat=0
split_feature=0 8 16 0 13 14 0 2 6 14 7 14 0 12
split_gain=10.5727 6.76139 4.09692 5.64911 12.4897 5.28338 6.80816 5.7328 9.46497 10.487 7.4679 4.84609 9.61756 4.09124
threshold=131.50000000000003 1.0000000180025095e-35 9.5000000000000018 11.500000000000002 2.5000000000000004 3.5000000000000004 43.500000000000007 2.5000000000000004 5.5000000000000009 6.5000000000000009 9.5000000000000018 6.5000000000000009 8.5000000000000018 2.5000000000000004
decision_type=2 2 2 2 2 2 2 2 2 2 2 2 2 2
left_child=2 -2 3 4 -1 -5 7 8 9 -7 13 -4 -13 -10
right_child=1 -3 11 5 -6 6 -8 -9 10 -11 -12 12 -14 -15
leaf_value=-0.003628864340467431 -0.008413436101911656 0.0083900610566801093 0.00073343609511706685 0.00056739949995326239 0.0098279109304011264 0.0037670471482776201 0.007287833704095005 -0.0091438451904736606 -0.0079343955467479303 -0.01275852033356503 0.00070811204283237523 -0.0023900568713610352 0.015035746449956661 0.0035435000843976319
leaf_weight=110.2222357429564 176.39783665258437 16.294192399829626 3457.9903119516093 730.82513133436441 121.20416134223342 272.88159149512649 48.044278705492616 124.07979002222419 341.77881822735071 29.519518272951245 154.34124654345214 48.642945362138562 51.587617036420852 24.792119938880205
leaf_count=3088 9033 819 155954 20199 3358 7181 1360 3515 8553 756 3935 3479 1914 624
internal_value=8.08311e-05 -0.00664869 0.000327526 -0.00077224 0.00353397 -0.00136657 -0.00277796 -0.00335921 -0.00238815 0.00179711 -0.00480587 0.000933071 0.0071292 -0.00708463
internal_weight=5708.6 192.692 5515.91 1957.69 231.426 1726.26 995.437 947.393 823.313 302.401 520.912 3558.22 100.231 366.571
internal_count=223768 9852 213916 52569 6446 46123 25924 24564 21049 7937 13112 161347 5393 9177
is_linear=0
shrinkage=0.03


Tree=9
num_leaves=15
num_cat=0
split_feature=1 7 15 1 16 2 1 14 1 16 14 7 13 1
split_gain=12.1267 10.612 10.3122 7.01617 12.762 9.49665 7.18516 6.82387 6.01754 5.74593 5.52358 5.37806 7.68003 7.10148
threshold=137.50000000000003 4.5000000000000009 -3.2972941398620601 29.500000000000004 34.500000000000007 1.0000000180025095e-35 51.500000000000007 6.5000000000000009 106.50000000000001 14.500000000000002 2.5000000000000004 2.5000000000000004 1.5000000000000002 37.500000000000007
decision_type=2 2 2 2 2 2 2 2 2 2 2 2 2 2
left_child=2 -2 3 5 7 -1 -6 11 10 -7 -4 12 -5 -14
right_child=1 -3 8 4 6 9 -8 -9 -10 -11 -12 -13 13 -15
leaf_value=-0.0077306488945129998 -0.0078693878762815892 -0.00045392827213253318 -0.0085760011676753629 -0.0033151616027220754 -6.453536648150613e-05 -0.0027341940023638189 0.016883496597462921 0.011123580374099939 0.0083906820954929781 0.0036485943859741179 -0.0016812934781357122 0.001996896792912181 -0.0044252289667328368 0.0049778531741700412
leaf_weight=159.02514454466291 300.12015909841284 397.77156402298715 108.02111609280109 468.63700823159888 31.735173934022896 240.55567075684667 66.843020435422659 54.392532506259158 38.717180274426937 247.53187372162938 1011.1449697166681 2238.733473629225 90.160476170945913 258.78574951831251
leaf_count=15409 14153 18795 2726 18177 3773 7515 6337 1978 991 11159 24686 84862 3466 9679
internal_value=-3.29345e-05 -0.00370898 0.000485064 0.00123043 0.00180457 -0.00160111 0.011924 0.00144671 -0.00198669 0.000511078 -0.00241682 0.00123877 -0.000836189 0.00249269
internal_weight=5712.18 697.892 5014.28 3856.4 3209.29 647.113 98.5782 3110.71 1157.88 488.088 1119.17 3056.32 817.583 348.946
internal_count=223706 32948 190758 162355 128272 34083 10110 118162 28403 18674 27412 116184 31322 13145
is_linear=0
shrinkage=0.03


Tree=10
num_leaves=15
num_cat=0
split_feature=15 1 7 13 1 15 10 15 6 1 12 6 8 2
split_gain=6.17653 6.22586 4.75522 5.05549 4.59179 12.1685 10.3833 6.57104 5.8597 5.65609 5.50085 4.68151 4.48996 4.43377
threshold=-3.0081992149353023 132.50000000000003 5.5000000000000009 1.0000000180025095e-35 29.500000000000004 -3.9324547052383418 1.0000000180025095e-35 -4.0960187911987296 5.5000000000000009 88.500000000000014 2.5000000000000004 2.5000000000000004 1.0000000180025095e-35 18.500000000000004
decision_type=2 2 2 2 2 2 2 2 2 2 2 2 2 2
left_child=1 4 13 -4 5 11 8 9 -7 -6 12 -1 -10 -3
right_child=-2 2 3 -5 7 6 -8 -9 10 -11 -12 -13 -14 -15
leaf_value=0.00020596914230385874 -0.0054548588556453644 -0.0055402932112233634 0.0024338814394998993 -0.0048240677333915025 0.0031626134782242591 0.00045124079308577104 0.0032800227445213908 0.00062741444761329947 -0.012806413699886002 0.017321820787054295 0.0028095433134072132 -0.012070590444157727 0.0014799371912573433 0.0062742168992343571
leaf_weight=36.159611317911185 181.38509622216225 371.31864550779574 247.19227313390002 120.04647803970147 96.703301714500412 140.76947093382478 394.53549455106258 3815.0810480248183 104.90819735080004 27.811334557831287 30.943725826218724 108.43531093921047 21.582720508798957 22.733545651659369
leaf_count=3038 3567 17074 11350 5819 10863 4442 14095 132391 2935 2652 864 13011 599 1391
internal_value=-0.000156243 2.68141e-05 -0.00247457 -3.65158e-06 0.000429793 -0.00157547 0.000121141 0.000858907 -0.004029 0.0073778 -0.00782268 -0.00918579 -0.0104389 -0.00472028
internal_weight=5719.61 5538.22 761.291 367.239 4776.93 837.335 692.74 3939.6 298.204 124.515 157.435 144.595 126.491 394.052
internal_count=224091 220524 35634 17169 184890 38984 22935 145906 8840 13515 4398 16049 3534 18465
is_linear=0
shrinkage=0.03


Tree=11
num_leaves=15
num_cat=0
split_feature=1 7 15 13 15 15 2 7 15 7 0 0 15 1
split_gain=7.39206 12.889 8.27434 8.16497 7.25827 6.9665 4.76915 4.24625 3.95564 5.15086 8.2855 5.25382 5.35735 4.32939
threshold=132.50000000000003 5.5000000000000009 -3.0081992149353023 1.0000000180025095e-35 -3.7246499061584468 -4.0418667793273917 12.500000000000002 9.5000000000000018 -3.4942115545272823 3.5000000000000004 39.500000000000007 16.500000000000004 -3.2743369340896602 27.500000000000004
decision_type=2 2 2 2 2 2 2 2 2 2 2 2 2 2
left_child=2 4 8 6 -2 -5 7 -3 13 11 -11 12 -10 -1
right_child=1 3 -4 5 -6 -7 -8 -9 9 10 -12 -13 -14 -15
leaf_value=-0.0010888375463574307 -0.010250177614217568 0.0095267656819653865 -0.0053795125933686627 0.008983678332742679 -0.0020584623166895245 -0.0077978220685533299 -0.0019118938194285517 -0.00092718109084531631 0.0025197753786574068 -0.0017369027802895066 0.0045216266190627845 0.00057319483795337212 0.013127806653679236 0.0023369965926314765
leaf_weight=388.02591336867772 188.18148142728023 136.71142940316349 182.05486391857266 19.027483627200127 203.78771830163896 100.06299699656665 68.641394985374063 43.725073176436126 129.69315988384187 1369.7569978851825 211.11411310732365 510.65508802421391 59.124780297279358 2095.5588572379202
leaf_count=25184 10863 5482 3601 1488 7615 4325 3729 2195 3956 38635 6381 14693 1460 94062
internal_value=0.000305082 -0.00242999 0.000729485 0.0015867 -0.0061484 -0.00462837 0.00462223 0.00707781 0.000973722 7.0374e-05 -0.000877952 0.00219584 0.0063347 0.00179954
internal_weight=5706.12 760.138 4945.98 368.168 391.969 119.09 249.078 180.437 4763.93 2280.34 1580.87 699.473 188.818 2483.58
internal_count=223669 35697 187972 17219 18478 5813 11406 7677 184371 65125 45016 20109 5416 119246
is_linear=0
shrinkage=0.03


Tree=12
num_leaves=15
num_cat=0
split_feature=0 15 15 16 1 15 1 16 1 13 0 1 0 11
split_gain=9.07357 8.64115 4.63702 7.56646 6.94592 6.14137 16.7367 6.73164 6.05556 6.68986 11.5045 5.88462 5.36991 4.6774
threshold=131.50000000000003 -3.0081992149353023 -3.3921626806259151 7.5000000000000009 114.50000000000001 -4.2932326793670645 51.500000000000007 34.500000000000007 71.500000000000014 2.5000000000000004 9.5000000000000018 23.500000000000004 104.50000000000001 1.5000000000000002
decision_type=2 2 2 2 2 2 2 2 2 2 2 2 2 2
left_child=1 2 4 8 5 6 -1 -7 9 -4 11 -11 -6 -9
right_child=-2 -3 3 -5 12 7 -8 13 -10 10 -12 -13 -14 -15
leaf_value=-0.0090580979381778386 -0.0061250383637340335 -0.0059013971677177087 -0.0027632768789833512 -0.0048601391487184779 -0.0024187216531752118 0.0019603575405552662 0.011169787808778956 0.016124036286349803 0.0042149774714970332 0.0019376965553031158 -0.00014323237332823465 0.01984147789180506 0.0039608335340977352 -0.0013484514063369982
leaf_weight=123.18680717621464 188.44725175062194 179.02905965596437 603.53233687579632 309.30534186959267 653.64265134662855 2741.8401823332533 41.456078575807624 40.897389839403331 268.98951718397439 30.161639750003815 347.1363790743053 34.291460759937763 135.22615888994187 16.920903635211289
leaf_count=17668 9784 3558 15960 9023 30052 105624 5180 2349 7305 800 9065 909 5559 1038
internal_value=0.000178281 0.000403928 0.000625683 -0.000727084 0.00120041 0.00186507 -0.0036169 0.00219919 0.000298313 -0.000770527 0.00214777 0.0128487 -0.00128926 0.0115658
internal_weight=5714.06 5525.62 5346.59 1593.42 3753.17 2964.3 164.643 2799.66 1284.11 1015.12 411.589 64.4531 788.869 57.8183
internal_count=223874 214090 210532 43062 167470 131859 22848 109011 34039 26734 10774 1709 35611 3387
is_linear=0
shrinkage=0.03


Tree=13
num_leaves=15
num_cat=0
split_feature=1 6 15 0 15 13 6 15 0 8 1 1 15 6
split_gain=8.2583 9.81224 7.06907 10.9685 5.62295 10.9575 5.51402 6.05025 5.31609 5.37 5.60874 7.67842 7.40832 9.07678
threshold=132.50000000000003 6.5000000000000009 -3.3921626806259151 43.500000000000007 -5.04046607017517 1.5000000000000002 5.5000000000000009 -3.2485941648483272 20.500000000000004 1.0000000180025095e-35 31.500000000000004 43.500000000000007 -3.0916022062301631 6.5000000000000009
decision_type=2 2 2 2 2 2 2 2 2 2 2 2 2 2
left_child=2 -2 4 8 5 -1 7 -5 9 10 -4 12 13 -12
right_child=1 -3 3 6 -6 -7 -8 -9 -10 -11 11 -13 -14 -15
leaf_value=0.012339344005032485 -0.0059311161887358821 0.00091866422662864795 -0.0028656659338360548 -0.0033579582637589564 0.0013360493562535717 -0.014971903050062902 0.012178799965284105 0.010406762965134958 -0.0040904363113539828 -0.006610359843164171 0.0026841543496828766 -0.00090696849891004497 -0.0022569756944056164 0.017214201501612281
leaf_weight=9.8009321744320896 429.60253678145818 325.00018128380179 301.89001763984561 75.74868743121624 3171.9054611064494 37.558173605939373 62.926417801529169 33.437168300151825 636.82960736751556 104.68895399570465 85.984645433723927 297.61403253301978 60.010270573198795 67.674567088484764
leaf_count=1868 20275 15314 7839 2172 132112 8553 1747 820 16970 2660 2348 7740 1245 1812
internal_value=-0.000105738 -0.00300755 0.000342155 -0.00120205 0.00117162 -0.00815399 0.00577806 0.00137684 -0.00200678 -0.000532592 0.000320665 0.00222093 0.00642346 0.00974429
internal_weight=5700.67 754.603 4946.07 1726.8 3219.26 47.3591 172.112 109.186 1554.69 917.862 813.174 511.284 213.669 153.659
internal_count=223475 35589 187886 45353 142533 10421 4739 2992 40614 23644 20984 13145 5405 4160
is_linear=0
shrinkage=0.03


Tree=14
num_leaves=15
num_cat=0
split_feature=1 15 1 16 0 2 15 0 15 2 8 15 15 15
split_gain=4.62598 5.67575 13.1866 10.2864 5.26176 5.65701 4.81434 4.24678 6.9113 4.05406 4.34828 3.98659 3.64812 5.94458
threshold=137.50000000000003 -4.4677009582519522 41.500000000000007 34.500000000000007 53.500000000000007 11.500000000000002 -3.0081992149353023 2.5000000000000004 -4.6578364372253409 16.500000000000004 1.0000000180025095e-35 -4.171910047531127 -3.9053043127059932 -3.8803805112838741
decision_type=2 2 2 2 2 2 2 2 2 2 2 2 2 2
left_child=1 2 -1 6 11 -6 12 -4 -9 10 -7 -2 -3 -14
right_child=4 3 7 -5 5 9 -8 8 -10 -11 -12 -13 13 -15
leaf_value=-0.012263687562779157 0.0075622022843391786 -0.0032296640982699934 -0.0045146806677082915 0.01036994675094534 0.0016855953125172005 -0.0094858943697473438 -0.0044709706837534951 0.018465682606642414 -0.0058977323968190543 0.0012527213312595101 0.0068898112467802872 -0.0076188270532797746 0.010094327448226956 0.00045173488115153923
leaf_weight=85.385261704563163 9.0877083075465617 228.52199482452124 16.924071220564656 81.101228536106646 316.73568980675191 111.95410719048232 181.30033969506621 22.085332197719254 9.7786200502887386 63.732051837723702 9.3485221397131664 178.71396521572024 48.347742073237896 4348.5266759376973
leaf_count=13968 1012 13311 2560 4963 14009 5389 3628 3251 895 3780 454 8361 2391 145823
internal_value=-0.000107036 0.000210941 -0.00565639 0.000383223 -0.00239269 -0.000743353 0.000193543 0.00602631 0.0113661 -0.00477438 -0.00779524 -0.00653904 0.000385627 0.000580429
internal_weight=5711.54 5021.97 134.173 4887.8 689.572 501.77 4806.7 48.788 31.864 185.035 121.303 187.802 4625.4 4396.87
internal_count=223795 190790 20674 170116 33005 23632 165153 6706 4146 9623 5843 9373 161525 148214
is_linear=0
shrinkage=0.03


Tree=15
num_leaves=15
num_cat=0
split_feature=4 6 1 6 6 0 15 0 0 7 16 15 1 15
split_gain=6.17332 6.49134 5.2285 12.3673 7.65371 8.26311 6.19954 8.27215 8.78528 9.15444 12.115 6.58681 4.43603 17.1509
threshold=1.5000000000000002 6.5000000000000009 132.50000000000003 6.5000000000000009 9.5000000000000018 61.500000000000007 -3.2972941398620601 59.500000000000007 21.500000000000004 2.5000000000000004 2.5000000000000004 -3.2485941648483272 29.500000000000004 -3.99730372428894
decision_type=2 2 2 2 2 2 2 2 2 2 2 2 2 2
left_child=2 -2 6 -4 5 -5 12 8 9 10 -8 -9 13 -1
right_child=1 -3 3 4 -6 -7 7 11 -10 -11 -12 -13 -14 -15
leaf_value=-0.011845070381168993 0.013348779141068383 -0.0016424950088493033 -0.0060583460990776957 -0.0033843048693033935 -0.0043143375584023015 0.0088590338965796305 -0.0038479049940172848 -0.0033206619284373616 -0.0063267126367792968 -0.0022249740418973062 0.014523887904020441 0.014768881286591545 0.00092449907483540931 0.00074994838768747453
leaf_weight=113.57383209292311 49.891422381275333 42.458362869452685 429.52043339435477 67.079488608054817 116.7614485877566 142.34188931062818 51.214827340096235 24.868540849536657 373.56738049536943 571.12319721281528 64.196229185909033 35.828399438410997 3165.7902607551077 452.91364317946136
leaf_count=14078 2105 1597 20399 3233 6105 6052 1134 675 9433 13942 1577 874 125769 16613
internal_value=-0.000333516 0.00696938 -0.00046595 -0.00276989 0.00161177 0.00496188 -0.00010223 -0.00204863 -0.00268912 -0.00064737 0.00671447 0.00793595 0.000486184 -0.00193687
internal_weight=5701.13 92.3498 5608.78 755.703 326.183 209.421 4853.08 1120.8 1060.1 686.534 115.411 60.6969 3732.28 566.487
internal_count=223586 3702 219884 35789 15390 9285 184095 27635 26086 16653 2711 1549 156460 30691
is_linear=0
shrinkage=0.03


Tree=16
num_leaves=15
num_cat=0
split_feature=2 9 14 15 2 16 11 16 0 16 7 14 7 7
split_gain=6.11005 4.90534 5.81319 4.73214 4.20356 4.09026 7.02917 5.715 4.63429 4.58148 4.50322 8.63028 3.74511 3.58659
threshold=11.500000000000002 1.5000000000000002 2.5000000000000004 -3.0081992149353023 16.500000000000004 34.500000000000007 1.5000000000000002 30.500000000000004 51.500000000000007 25.500000000000004 3.5000000000000004 1.5000000000000002 9.5000000000000018 8.5000000000000018
decision_type=2 2 2 2 2 2 2 2 2 2 2 2 2 2
left_child=1 2 -1 5 12 7 8 9 -7 -3 11 -11 -2 -5
right_child=4 3 -4 13 -6 6 -8 -9 -10 10 -12 -13 -14 -15
leaf_value=0.0085612604236776548 -0.0098070077912827489 4.4016356533875543e-05 -0.013836479750676709 -0.0010929843939201547 0.00094772726330421338 0.010595651346295821 -0.0044428418789340292 -0.0037488141676178185 -0.0035557206581111065 -0.01150958405732753 0.0049142151763515154 0.0026061515670838054 0.0041487775193959587 -0.0096163008411036064
leaf_weight=6.2850558237405485 117.9907497628592 4253.886125896126 33.802836206974462 115.08002674207091 65.398080602288246 105.71433436323423 48.089452378451824 311.69831434823573 20.241352800279856 40.564925504848361 353.50258024968207 160.55668108258396 14.353134355973451 65.590361539274454
leaf_count=855 5486 139995 4530 2308 3879 10195 6250 20511 1265 2077 16692 7601 806 1327
internal_value=-0.000161109 2.90911e-05 -0.00931675 0.000114384 -0.00521182 0.000281094 0.00467525 0.000122907 0.00822723 0.00038114 0.00292025 -0.000651211 -0.00810833 -0.00452934
internal_weight=5712.75 5515.01 40.0879 5474.92 197.742 5294.25 174.045 5120.21 125.956 4808.51 554.624 201.122 132.344 180.67
internal_count=223777 213606 5385 208221 10171 204586 17710 186876 11460 166365 26370 9678 6292 3635
is_linear=0
shrinkage=0.03


Tree=17
num_leaves=15
num_cat=0
split_feature=15 6 1 7 6 2 1 2 0 0 15 6 15 0
split_gain=4.48198 5.3339 5.10771 8.96826 9.23565 8.03617 7.28877 8.26159 7.72422 6.78089 6.27744 7.35699 6.22838 5.0572
threshold=-3.2972941398620601 2.5000000000000004 76.500000000000014 5.5000000000000009 10.500000000000002 4.5000000000000009 29.500000000000004 1.0000000180025095e-35 9.5000000000000018 131.50000000000003 -3.7246499061584468 4.5000000000000009 -4.0960187911987296 27.500000000000004
decision_type=2 2 2 2 2 2 2 2 2 2 2 2 2 2
left_child=2 -2 6 10 5 12 7 -1 -9 -7 -4 -12 -5 -13
right_child=1 -3 3 4 -6 9 -8 8 -10 -11 11 13 -14 -15
leaf_value=-0.0073792680824440217 0.0023432631566816793 -0.002774093025342391 -0.005882298326784113 0.011524530328665267 -0.0051232547056663776 0.0066950715186244311 0.002094488210353504 0.0045928208726175581 -0.0028936188202377576 -0.0027790979811362563 0.00087271760217623494 0.0022360063709192606 -0.0021502413180798036 -0.0090621809087109602
leaf_weight=155.16041279199999 218.95706843584776 941.15092052519321 366.57057194551453 23.038271954865195 161.36569154215977 383.44825955480337 1915.1253502925392 210.25103142764419 274.07045549433678 76.370212430134416 491.69394301250577 43.645575851202011 318.71541373059154 126.48897264525294
leaf_count=15457 5275 23440 20385 2415 7435 14974 75397 8442 10030 3894 17702 1514 12583 4600
internal_value=-0.000140514 -0.00179648 0.000285097 -0.000851472 0.00122322 0.00254822 0.00117093 -0.00158462 0.000383519 0.00509587 -0.00278717 -0.00101082 -0.000926975 -0.00620056
internal_weight=5706.05 1160.11 4545.94 1991.34 962.938 801.572 2554.61 639.482 484.321 459.818 1028.4 661.828 341.754 170.135
internal_count=223543 28715 194828 85502 41301 33866 109326 33929 18472 18868 44201 23816 14998 6114
is_linear=0
shrinkage=0.03


Tree=18
num_leaves=15
num_cat=0
split_feature=0 15 8 0 16 6 0 16 11 9 4 0 7 16
split_gain=9.99319 6.52305 4.83518 4.48275 3.80939 5.66884 7.84082 7.78004 7.51903 4.70996 3.87264 3.7212 3.57159 3.37847
threshold=131.50000000000003 -3.0081992149353023 1.0000000180025095e-35 190.50000000000003 30.500000000000004 9.5000000000000018 9.5000000000000018 34.500000000000007 1.5000000000000002 1.5000000000000002 1.5000000000000002 51.500000000000007 6.5000000000000009 25.500000000000004
decision_type=2 2 2 2 2 2 2 2 2 2 2 2 2 2
left_child=1 4 3 12 13 7 -7 -6 9 -9 -10 -11 -2 -1
right_child=2 -3 -4 -5 5 6 -8 8 10 11 -12 -13 -14 -15
leaf_value=0.00057839622475825629 -0.014906692853538789 -0.0050961730800674803 0.0064472123180863107 -0.00098463238283164425 -0.0066257826068786812 0.011027695354667143 -0.003574233567675653 -0.0072596949279346689 -0.01018694113625567 0.010422377384500709 0.0077448545140268357 -0.0061213908299459175 -0.0029388829071091789 0.0030439921346792193
leaf_weight=4274.7906508827582 72.155236119404435 176.91307337582111 16.050847101025283 58.186623643152416 251.38779290881939 55.8575762626715 59.160364359151572 12.320597324171102 42.440922160167247 83.475774228572845 5.8363007025327525 7.4337838599458328 38.958984487690032 557.86198107292876
leaf_count=140630 3515 3581 798 3551 17352 3739 3424 2181 6756 8729 618 477 1972 26467
internal_value=0.000179576 0.000414523 -0.00648948 -0.00800714 0.000605898 -0.00181643 0.00383195 -0.00348268 0.00181984 0.0062305 -0.00706215 0.00859701 -0.0112996 0.000868713
internal_weight=5712.83 5527.48 185.352 169.301 5350.57 517.913 115.018 402.895 151.507 103.23 48.2772 90.9096 111.114 4832.65
internal_count=223790 213954 9836 9038 210373 43276 7163 36113 18761 11387 7374 9206 5487 167097
is_linear=0
shrinkage=0.03


Tree=19
num_leaves=15
num_cat=0
split_feature=1 15 16 7 0 0 14 13 15 14 14 1 16 2
split_gain=7.65551 6.87176 8.71194 6.60066 5.65039 6.72459 5.63643 5.48501 5.42113 4.86539 8.69409 9.06275 6.83691 4.80982
threshold=132.50000000000003 -3.3582049608230586 7.5000000000000009 5.5000000000000009 9.5000000000000018 43.500000000000007 3.5000000000000004 1.0000000180025095e-35 -4.0960187911987296 6.5000000000000009 5.5000000000000009 41.500000000000007 29.500000000000004 19.500000000000004
decision_type=2 2 2 2 2 2 2 2 2 2 2 2 2 2
left_child=1 9 4 13 6 -6 -3 8 -5 10 -1 -12 -11 -2
right_child=3 2 -4 7 5 -7 -8 -9 -10 12 11 -13 -14 -15
leaf_value=0.0015450123786718509 -0.006128601809989434 -0.0055784709210811231 -0.0073171188405644306 -0.009678201988163675 -0.0015680012663154424 0.0058177403253683903 0.0091371453442264227 -0.0048820036982507569 0.0041265650197892896 0.010416089205572958 -0.0085695312501251272 0.0041280079131309462 -0.0055915870985647929 0.0071747837737852951
leaf_weight=3124.2283447105438 361.2952445759438 23.210004713386297 166.81441219523549 19.109559718053788 1105.831047449261 113.35586071759462 89.750819474458694 115.77004316740204 231.89849156420678 96.833425778895617 147.01107936166227 67.373770705191419 24.039005609811284 17.985808012075722
leaf_count=133006 17252 612 4758 1357 27973 2980 2298 5716 10087 3331 7815 2661 2632 1145
internal_value=0.000204207 0.000631826 -0.00106004 -0.0026086 -0.00022784 -0.000839557 0.00590576 0.000271969 0.00274506 0.00136584 0.00113967 -0.004573 0.0070485 -0.00532964
internal_weight=5704.51 4958.45 1498.96 746.059 1332.15 1219.19 112.961 366.778 251.008 3459.49 3338.61 214.385 120.872 379.281
internal_count=223623 188066 38621 35557 33863 30953 2910 17160 11444 149445 143482 10476 5963 18397
is_linear=0
shrinkage=0.03


Tree=20
num_leaves=15
num_cat=0
split_feature=0 1 8 1 1 15 16 16 6 0 0 12 0 16
split_gain=5.20491 3.66718 4.02061 4.74832 3.30675 10.1496 9.57215 7.05996 7.28636 6.00342 7.05757 3.96196 5.90131 3.95429
threshold=131.50000000000003 325.50000000000006 1.0000000180025095e-35 156.50000000000003 29.500000000000004 -3.99730372428894 34.500000000000007 14.500000000000002 1.5000000000000002 14.500000000000002 2.5000000000000004 2.5000000000000004 12.500000000000002 31.500000000000004
decision_type=2 2 2 2 2 2 2 2 2 2 2 2 2 2
left_child=4 2 3 -2 5 -1 13 8 -7 10 -8 -10 -13 -6
right_child=1 -3 -4 -5 6 7 9 -9 11 -11 -12 12 -14 -15
leaf_value=-0.0094250038283720146 0.0058625030651652211 0.0047997240810768831 0.0055448695666276242 -0.0098145054637238834 0.00023062431038728626 0.0061794108391281842 -0.0010496872306456509 0.0034611009219901465 -0.005573040450407382 -0.0016744685637556571 0.016419133297568146 -0.0060730662165039331 0.0076901708729979314 -0.0043079944049525349
leaf_weight=120.79200105089694 13.13000662345439 22.427898997906595 15.037214888259767 133.02595493523404 4365.0586117578205 64.925052726641297 27.039795492892154 267.9582397788763 318.5263364315033 39.053074984811246 66.333501408807933 43.184089258313179 49.678472077473998 169.87260700715706
leaf_count=15019 540 1457 730 7101 151178 1802 3760 11061 8989 2363 6276 1289 1352 11071
internal_value=-0.000193827 -0.00502867 -0.00659665 -0.00812091 -2.45755e-05 -0.00171716 0.000292134 -0.000357841 -0.00253324 0.00795016 0.0117482 -0.00402228 0.00132164 5.1509e-05
internal_weight=5716.04 183.621 161.193 146.156 5532.42 865.064 4667.36 744.272 476.314 132.426 93.3733 411.389 92.8626 4534.93
internal_count=223988 9828 8371 7641 214160 39512 174648 24493 13432 12399 10036 11630 2641 162249
is_linear=0
shrinkage=0.03


Tree=21
num_leaves=15
num_cat=0
split_feature=0 6 2 2 0 6 16 14 16 6 0 0 16 14
split_gain=5.92155 6.30233 3.88394 3.73534 3.30993 6.81978 9.46363 5.57694 7.40597 6.34862 7.13949 5.76857 8.64071 5.71263
threshold=131.50000000000003 6.5000000000000009 20.500000000000004 17.500000000000004 43.500000000000007 5.5000000000000009 27.500000000000004 1.5000000000000002 36.500000000000007 5.5000000000000009 39.500000000000007 37.500000000000007 27.500000000000004 3.5000000000000004
decision_type=2 2 2 2 2 2 2 2 2 2 2 2 2 2
left_child=4 2 -2 -3 7 6 -6 8 11 10 -9 -1 -13 -11
right_child=1 3 -4 -5 5 -7 -8 9 -10 13 -12 12 -14 -15
leaf_value=-0.0074268327350124749 -0.011636269930904468 0.0053858233299536916 0.00277663257518849 -0.0072179803693211437 0.0013633213629902973 0.0037642955019594588 -0.0072183121681063172 0.0021249010220450227 0.014222726239904121 0.0011387840357206191 -0.0065897258717682169 0.017215172848083715 -0.0078059060361401946 -0.0021162748067268351
leaf_weight=194.62638781801797 86.603323085233569 57.62047926383093 16.282563830725849 21.100709751714021 600.76772375311702 767.24739527329803 132.68400952033699 1744.1953125082655 8.9249594210414198 833.80592542339582 79.319504115730524 14.559885762631895 16.611821310594678 1134.7727169671562
leaf_count=8484 4535 2921 1050 1256 21481 30673 7091 66064 1012 31758 2978 654 930 42728
internal_value=0.000429922 -0.0047567 -0.0093114 0.00157468 0.000608611 0.00180613 -0.000265337 0.000158955 -0.00423127 0.000441115 0.00171196 -0.00553292 0.00522381 -0.000738783
internal_weight=5709.12 181.607 102.886 78.7212 5527.52 1500.7 733.452 4026.82 234.723 3792.09 1823.51 225.798 31.1717 1968.58
internal_count=223615 9762 5585 4177 213853 59245 28572 154608 11080 143528 69042 10068 1584 74486
is_linear=0
shrinkage=0.03


Tree=22
num_leaves=15
num_cat=0
split_feature=0 4 6 6 7 9 15 16 16 0 0 0 0 14
split_gain=6.78239 5.69524 8.72723 7.52803 5.60094 4.95153 5.24244 4.91715 5.09414 6.09825 9.51168 4.53714 4.49713 6.34214
threshold=111.50000000000001 1.5000000000000002 6.5000000000000009 4.5000000000000009 6.5000000000000009 1.5000000000000002 -3.3392256498336788 7.5000000000000009 6.5000000000000009 13.500000000000002 27.500000000000004 190.50000000000003 98.500000000000014 1.5000000000000002
decision_type=2 2 2 2 2 2 2 2 2 2 2 2 2 2
left_child=1 5 3 -3 11 -1 12 8 -8 -10 -11 -2 13 -7
right_child=4 2 -4 -5 -6 6 7 -9 9 10 -12 -13 -14 -15
leaf_value=-0.0092635986890023496 -0.0099410144806034891 0.0039797456957600171 -0.0025101116534521841 0.026898831720504501 0.00088715705253574048 -0.0022391064347516902 -0.0011988418101777905 -0.0067885787648528807 0.018031286530210789 -0.0063581882067361506 0.013379467945933761 0.0014722966829708343 0.0069073710753826418 0.0012422563377831755
leaf_weight=38.546708247391507 134.50402299966663 33.313048737356439 41.956070653279312 16.606124869780615 113.74973317049444 540.17505450244062 1161.4452809840441 119.81967421248555 17.05984128639102 48.495021335780621 25.27930623292923 37.018449840601534 99.894803575240076 3282.9709665337577
leaf_count=5259 6100 1459 1583 625 5559 25293 29112 3402 467 1341 701 2275 3915 136683
internal_value=0.000169671 0.000409924 0.00743687 0.0148208 -0.0042588 0.00027519 0.00036196 -0.00122831 -0.000646733 0.00583155 0.00119483 -0.00753235 0.000919873 0.000745814
internal_weight=5710.83 5425.56 91.8752 49.9192 285.272 5333.69 5295.14 1372.1 1252.28 90.8342 73.7743 171.522 3923.04 3823.15
internal_count=223774 209840 3667 2084 13934 206173 200914 35023 31621 2509 2042 8375 165891 161976
is_linear=0
shrinkage=0.03


Tree=23
num_leaves=15
num_cat=0
split_feature=1 6 16 0 6 8 16 14 16 2 6 0 6 16
split_gain=7.52867 3.62638 4.80541 4.52182 4.59092 4.22425 3.87324 3.61922 3.11176 2.89163 2.79905 2.6904 3.27545 10.8705
threshold=137.50000000000003 4.5000000000000009 21.500000000000004 41.500000000000007 9.5000000000000018 1.0000000180025095e-35 4.5000000000000009 8.5000000000000018 10.500000000000002 10.500000000000002 10.500000000000002 98.500000000000014 9.5000000000000018 26.500000000000004
decision_type=2 2 2 2 2 2 2 2 2 2 2 2 2 2
left_child=7 2 6 8 9 -6 -2 11 -3 -5 -7 12 -1 -14
right_child=1 3 -4 4 5 10 -8 -9 -10 -11 -12 -13 13 -15
leaf_value=0.00023572805616257155 -0.012206703579459743 0.0046754136378883817 -0.0087122783564375569 0.0052331174166914893 -0.0091831671702303948 -0.0059583737854169583 0.0018056652567001517 -0.011187582402471273 -0.0088409049029901446 -0.0011695803165238789 0.0096818928760437212 0.005556926138012945 0.00066898743396017109 0.0093211164445416959
leaf_weight=4070.1545367949875 11.238257100805638 12.134134491905568 150.98144405172206 150.20547926425934 56.187462394591421 8.4941130923107284 98.699626220390201 13.205047329072839 74.118651181226596 100.03103809198365 16.196506123058498 90.53507399559021 717.26200307626277 150.32291408837773
leaf_count=154822 338 383 8986 6441 3189 434 3782 563 3771 4865 817 3198 23840 8607
internal_value=0.000241093 -0.00270291 -0.00540932 -0.000924002 0.000719143 -0.00510985 -0.000525055 0.000641749 -0.00665122 0.00272707 0.00413475 0.000694958 0.000594761 0.00225724
internal_weight=5719.77 678.287 260.919 417.367 331.115 80.8781 109.938 5041.48 86.2528 250.237 24.6906 5028.27 4937.74 867.585
internal_count=224036 33006 13106 19900 15746 4440 4120 191030 4154 11306 1251 190467 187269 32447
is_linear=0
shrinkage=0.03


Tree=24
num_leaves=15
num_cat=0
split_feature=1 5 6 6 14 16 16 6 7 13 14 1 6 16
split_gain=4.61937 2.57867 17.1817 6.55203 8.48822 7.59751 5.96511 6.961 5.59834 6.43734 5.904 5.3973 5.02797 4.88977
threshold=250.50000000000003 1.0000000180025095e-35 1.5000000000000002 1.5000000000000002 2.5000000000000004 25.500000000000004 32.500000000000007 9.5000000000000018 5.5000000000000009 3.5000000000000004 5.5000000000000009 57.500000000000007 4.5000000000000009 1.5000000000000002
decision_type=2 2 2 2 2 2 2 2 2 2 2 2 2 2
left_child=1 3 11 4 -1 -6 8 -8 9 -4 -11 13 -12 -3
right_child=-2 2 6 -5 5 -7 7 -9 -10 10 12 -13 -14 -15
leaf_value=-0.0070358125655517172 -0.0054783735385592778 -0.00380412178948694 -0.00076500631038887285 0.0010220448743791354 -0.0018321068789894234 0.0093371479498509415 -0.014995722858959851 0.0065770170106836294 -0.0032568496557579098 0.016150221032516544 -0.0050339672122766141 -0.0015249784874419106 0.011132299951078074 0.010091758032159823
leaf_weight=212.47287784749642 127.50747412606142 20.73698066174984 564.82508100196719 3283.522374069551 233.22970494348556 60.820092129870318 48.972672975622118 11.179581761825828 827.20854014344513 31.561940755695105 37.710872296243906 59.398878722451627 17.255274139344692 175.50096737698186
leaf_count=9194 7040 432 17931 132573 7864 3752 6757 798 26385 1043 1231 1941 522 6371
internal_value=-4.62317e-05 8.73703e-05 -0.000846676 0.000530648 -0.00261294 0.000709209 -0.00205136 -0.0106203 -0.00163375 0.000445645 0.00760891 0.00620875 0.000973413 0.00851009
internal_weight=5711.9 5584.4 1794.35 3790.05 506.523 294.05 1538.71 60.1523 1478.56 651.353 86.5281 255.637 54.9661 196.238
internal_count=223834 216794 63411 153383 20810 11616 54667 7555 47112 20727 2796 8744 1753 6803
is_linear=0
shrinkage=0.03


Tree=25
num_leaves=15
num_cat=0
split_feature=1 16 2 6 6 1 6 0 14 7 1 0 5 1
split_gain=5.69782 6.36357 6.75847 9.31046 6.00739 7.20836 4.51996 4.51182 5.68786 4.90056 4.70522 5.38105 4.47634 4.05023
threshold=137.50000000000003 9.5000000000000018 4.5000000000000009 5.5000000000000009 8.5000000000000018 69.500000000000014 2.5000000000000004 1.5000000000000002 2.5000000000000004 5.5000000000000009 76.500000000000014 43.500000000000007 1.5000000000000002 118.50000000000001
decision_type=2 2 2 2 2 2 2 2 2 2 2 2 2 2
left_child=1 -1 7 -4 5 -5 -2 8 -3 10 -9 -12 -11 -7
right_child=6 2 3 4 -6 13 -8 9 -10 12 11 -13 -14 -15
leaf_value=-0.00073103631151389412 -0.0067529937251598155 0.010523296378642083 -0.0046178800022474709 -0.0090553452966657087 -0.0018794429367091044 0.0045105719891946564 -0.00093307457954899516 0.0046416983795254212 -0.010642385672650122 0.0012506700977605301 -0.0012876113843006279 0.009897173745108739 -0.0097337368584087761 0.015149676043310299
leaf_weight=1900.5501588564366 147.00209877709858 6.234088566619902 339.62031270936131 17.944117593578994 166.67476877290756 131.79373218957335 529.46702272945549 985.01610184635501 38.86589758482296 1082.5704282439547 260.80630809394643 35.180866372771561 24.516662421519868 40.375443192198873
leaf_count=51223 7465 790 13590 713 6839 4842 25564 42310 5016 50164 11233 1462 1092 1496
internal_value=0.000287085 0.000635845 0.00146561 -0.00112804 0.00222921 0.00574524 -0.00227774 0.00220952 -0.00633782 0.0023967 0.00365377 0.00032181 0.000922461 0.00770022
internal_weight=5706.62 5030.15 3129.6 696.408 356.788 190.113 676.469 2433.19 45.1 2388.09 1281 295.987 1107.09 172.169
internal_count=223799 190770 139547 27480 13890 7051 33029 112067 5806 106261 55005 12695 51256 6338
is_linear=0
shrinkage=0.03


Tree=26
num_leaves=15
num_cat=0
split_feature=1 16 1 1 16 2 0 1 0 0 2 7 16 6
split_gain=5.61331 4.25258 5.40241 7.75675 9.04997 5.8868 5.26261 3.68947 3.59683 3.52771 3.47914 3.41912 3.22309 5.53519
threshold=250.50000000000003 31.500000000000004 143.50000000000003 41.500000000000007 34.500000000000007 1.0000000180025095e-35 5.5000000000000009 325.50000000000006 51.500000000000007 31.500000000000004 19.500000000000004 1.5000000000000002 12.500000000000002 4.5000000000000009
decision_type=2 2 2 2 2 2 2 2 2 2 2 2 2 2
left_child=1 12 3 5 9 -3 -7 10 11 -5 -2 -6 13 -1
right_child=7 2 -4 4 8 6 -8 -9 -10 -11 -12 -13 -14 -15
leaf_value=0.0016201392592701286 -0.011546290347921595 -0.0093452361103286193 -0.0092975972518356455 -0.0073535551034977732 0.00055853648597628135 0.011919406994546779 -0.0041672646078365176 0.0015090691479565611 -0.0045806760382175399 0.0028665767974431033 0.0023332283321533475 0.014907101981958116 0.0013568983507786729 -0.0012664137327378768
leaf_weight=968.90262833237648 70.5010407702066 106.19799784244969 73.823307200800627 55.030223242938519 20.103354428196326 19.112630018498749 40.265155113302171 40.646703601116315 8.6905000349506718 49.366522026248276 16.624930042773485 58.971022510784678 2650.7005914822221 1526.2188522685319
leaf_count=27886 3763 15228 5127 3940 1413 1265 2508 2348 487 2666 996 6074 107449 42462
internal_value=0.000242067 0.00038916 -0.00243768 -0.000807719 0.00322184 -0.00540143 0.00198244 -0.00574088 0.0098129 -0.0026926 -0.00893032 0.0117315 0.000630505 -0.000143518
internal_weight=5705.16 5577.38 431.561 357.737 192.162 165.576 59.3778 127.773 87.7649 104.397 87.126 79.0744 5145.82 2495.12
internal_count=223612 216505 38708 33581 14580 19001 3773 7107 7974 6606 4759 7487 177797 70348
is_linear=0
shrinkage=0.03


Tree=27
num_leaves=15
num_cat=0
split_feature=1 7 7 15 0 2 15 15 15 1 14 1 6 15
split_gain=4.96755 8.17463 11.8329 6.87215 6.13213 5.17997 4.49826 4.23628 4.10495 6.48223 4.70161 5.06458 7.20305 3.82657
threshold=114.50000000000001 5.5000000000000009 8.5000000000000018 -5.04046607017517 73.500000000000014 11.500000000000002 -4.0418667793273917 -3.4671117067337032 -3.3188960552215572 85.500000000000014 6.5000000000000009 33.500000000000007 4.5000000000000009 -3.7690098285675044
decision_type=2 2 2 2 2 2 2 2 2 2 2 2 2 2
left_child=3 7 4 -1 6 -6 -3 -2 10 -10 -5 12 -12 -8
right_child=1 2 -4 8 5 -7 13 -9 9 -11 11 -13 -14 -15
leaf_value=-0.010219838462535996 -0.0057330592736759738 0.012950840035392725 -0.0043490705780297395 0.00082723688308134445 0.011723024060590123 0.0001895318750167603 -0.0085985715055231279 0.0010745001645464426 -0.001616734160982997 0.0059662082494577476 -0.006391269672020034 0.013862049539553214 0.0093577120852604591 0.0017900772583238054
leaf_weight=44.28049072844442 429.45950926386286 10.152039034990592 217.99183834367432 3246.9745126068592 112.65513584669679 49.53257979825139 42.013645027764142 97.717331854626536 1137.7354949750006 101.48643815517426 41.814192973542958 42.411137320101261 43.200768277980387 75.680593993514776
leaf_count=10143 21655 885 10558 128830 4031 2438 2077 3030 28631 2605 1707 1528 2058 2818
internal_value=-2.39594e-05 -0.00189338 0.000819916 0.000394679 0.00472043 0.00841624 -0.000238543 -0.0044747 0.000518438 -0.000952939 0.00106001 0.00649953 0.00175424 -0.00230134
internal_weight=5693.11 1035.2 508.026 4657.9 290.034 162.188 127.846 527.177 4613.62 1239.22 3374.4 127.426 85.015 117.694
internal_count=222994 47492 22807 175502 12249 6469 5780 24685 165359 31236 134123 5293 3765 4895
is_linear=0
shrinkage=0.03


Tree=28
num_leaves=15
num_cat=0
split_feature=0 15 7 4 1 5 7 0 5 15 0 7 6 15
split_gain=6.11128 4.3668 6.49069 5.33224 4.46087 4.31372 3.86701 8.11498 5.79697 6.62203 4.32539 5.32214 4.99443 5.23315
threshold=131.50000000000003 -3.3921626806259151 10.500000000000002 1.5000000000000002 49.500000000000007 1.5000000000000002 2.5000000000000004 45.500000000000007 1.0000000180025095e-35 -3.2187956571578975 9.5000000000000018 4.5000000000000009 8.5000000000000018 -3.0081992149353023
decision_type=2 2 2 2 2 2 2 2 2 2 2 2 2 2
left_child=1 2 3 -1 -4 6 8 10 -3 -10 11 -8 -12 -14
right_child=-2 5 4 -5 -6 -7 7 -9 9 -11 12 -13 13 -15
leaf_value=0.00079075617689913845 -0.0054246448439218969 -0.0024527690630902787 0.0014033766284585346 0.0091121236519393235 -0.0077430304209194145 0.0075853216659441348 -0.0056051903436783665 0.0057133029676051175 0.010242977117051149 -0.00058961853826435949 -0.0049749898274847933 0.0074855820816691308 0.00052186270989954897 -0.0076467007902938471
leaf_weight=3512.0522972489707 177.24126692209393 184.50167722627521 70.401463337708265 60.833188027725555 124.59180855192244 39.767320541664958 34.981279291212559 100.07521217130125 91.014268599450588 100.08278186246753 673.93181669339538 67.049468096345663 392.90537729673088 75.764827035367489
leaf_count=155843 9718 5044 3087 2779 5413 1060 943 2754 2563 2221 18166 1809 10503 1569
internal_value=-9.42889e-05 8.61036e-05 0.000662067 0.000957476 -0.00453339 -0.00114367 -0.00138812 -0.00213669 0.00127779 0.00482245 -0.00280837 0.0028977 -0.00333863 -0.000930822
internal_weight=5705.19 5527.95 3767.88 3572.89 194.993 1760.07 1720.31 1344.71 375.599 191.097 1244.63 102.031 1142.6 468.67
internal_count=223472 213754 167122 158622 8500 46632 45572 35744 9828 4784 32990 2752 30238 12072
is_linear=0
shrinkage=0.03


Tree=29
num_leaves=15
num_cat=0
split_feature=0 0 7 7 1 15 15 1 2 13 0 15 1 7
split_gain=6.93852 4.87661 7.17574 5.94094 4.27863 5.26014 5.91365 11.397 5.34061 4.27144 5.15918 9.41694 4.60851 4.51513
threshold=131.50000000000003 98.500000000000014 9.5000000000000018 5.5000000000000009 132.50000000000003 -3.5319432020187373 -4.2932326793670645 55.500000000000007 1.0000000180025095e-35 1.0000000180025095e-35 80.500000000000014 -3.5570994615554805 173.50000000000003 4.5000000000000009
decision_type=2 2 2 2 2 2 2 2 2 2 2 2 2 2
left_child=1 4 3 -3 5 6 7 8 -1 10 11 12 -6 -14
right_child=-2 2 -4 -5 9 -7 -8 -9 -10 -11 -12 -13 13 -15
leaf_value=-0.010899961084908458 -0.0054338755942190987 0.0018546061567339888 -0.0082169307952773551 0.01236938341801911 -0.005070429543974412 -0.00038383036543146291 0.0020361127513689697 0.0083278468343778098 0.0041584295279814233 -0.0052892827070112744 -0.0042319698547359586 0.022818049260280644 -0.0035271087750151611 0.014495425273674568
leaf_weight=101.8775217696093 177.32695339526981 110.37897422583774 24.98887493647635 82.396093348041177 47.633907834999263 2707.2015440184623 2031.9839324103668 42.895454257144593 20.535561869386584 229.13961370568722 88.495334763079882 11.939190635457633 15.696160752326248 20.701854071579874
leaf_count=16316 9757 4350 1140 2943 2218 77307 84921 5106 1918 11934 3603 409 815 1001
internal_value=0.000245421 0.000436813 0.00473577 0.00673721 0.000252223 0.000501128 0.00158825 -0.00371902 -0.00825055 -0.00264142 0.00075054 0.00531073 0.000661207 0.00763833
internal_weight=5713.19 5535.86 217.764 192.775 5318.1 4904.49 2197.29 165.309 122.413 413.606 184.466 95.9711 84.0319 36.398
internal_count=223738 213981 8433 7293 205548 185568 108261 23340 18234 19980 8046 4443 4034 1816
is_linear=0
shrinkage=0.03


Tree=30
num_leaves=15
num_cat=0
split_feature=15 15 1 0 3 16 6 1 6 0 7 0 6 15
split_gain=6.39331 4.77076 6.94214 15.6122 7.01849 3.13351 15.9439 6.09974 4.68816 8.84362 6.97852 14.993 8.48153 7.08275
threshold=-3.0081992149353023 -4.0960187911987296 35.500000000000007 9.5000000000000018 1.0000000180025095e-35 25.500000000000004 7.5000000000000009 209.50000000000003 4.5000000000000009 43.500000000000007 5.5000000000000009 57.500000000000007 8.5000000000000018 -3.570023655891418
decision_type=2 2 2 2 2 2 2 2 2 2 2 2 2 2
left_child=1 2 4 -4 -1 7 -7 8 -3 -10 11 13 -12 -11
right_child=-2 5 3 -5 -6 6 -8 -9 9 10 12 -13 -14 -15
leaf_value=0.0034061714595526025 -0.0054721876496837104 0.0014736381000436131 0.0083028969503065684 -0.0090170376998873862 -0.012527113620166824 -0.00061522579122177512 0.0080298983103739095 -0.0078508564806881991 -0.0015827999928919206 0.020982108079156153 0.0073866403903334286 -0.0093653245321577688 -0.0001234286534625932 -0.0029868131469528913
leaf_weight=28.272744949907064 174.03417917713523 1681.9693620586768 93.379068452282809 75.668320385739207 89.996457509347238 624.37547653075308 266.45039856340736 75.432344648055732 1927.6158958412707 17.374491477385163 282.76626941747963 97.592738151550293 251.09350391849875 14.9664059728384
leaf_count=2266 3572 55785 10623 5639 13805 30505 13502 3184 60691 667 9510 3452 9755 468
internal_value=2.87786e-05 0.000211565 -0.00348595 0.000479601 -0.00874959 0.000420573 0.00203101 8.67832e-05 0.000244897 -0.000555223 0.002408 -0.00362912 0.00391706 0.0118043
internal_weight=5700.99 5526.95 287.317 169.047 118.269 5239.64 890.826 4348.81 4273.38 2591.41 663.793 129.934 533.86 32.3409
internal_count=223424 219852 32333 16262 16071 187519 44007 143512 140328 84543 23852 4587 19265 1135
is_linear=0
shrinkage=0.03


Tree=31
num_leaves=15
num_cat=0
split_feature=15 2 15 15 8 15 16 7 1 13 10 14 14 12
split_gain=5.67852 4.66809 3.75231 5.41556 3.44821 3.35948 8.54593 5.26482 7.22347 7.04275 8.19746 6.01235 5.60206 5.34647
threshold=-3.0081992149353023 10.500000000000002 -3.9623045921325679 -4.0960187911987296 1.0000000180025095e-35 -3.3392256498336788 7.5000000000000009 9.5000000000000018 65.500000000000014 2.5000000000000004 1.0000000180025095e-35 2.5000000000000004 2.5000000000000004 2.5000000000000004
decision_type=2 2 2 2 2 2 2 2 2 2 2 2 2 2
left_child=1 5 3 -3 -4 -1 7 8 9 -7 13 -10 -9 -11
right_child=-2 2 4 -5 -6 6 -8 12 11 10 -12 -13 -14 -15
leaf_value=0.00083139782604894354 -0.0051436707604870712 -0.005428837446209955 -0.0069146382177641789 0.010570209132535055 0.005532905659761108 -0.0049787424241416458 -0.00819252536034735 -0.0073105144174950487 -0.0017798495880905405 -0.0033442612208954879 0.0095984654247154196 0.0077579689506065263 0.0071391478145284397 0.0087797790405947963
leaf_weight=4075.2759570726193 172.96488498151302 29.827419647481292 174.02504322305322 27.379328715614974 15.018483649939297 405.06087870523334 121.27677835524082 20.60939834266901 100.41642189957201 216.14170634374022 65.888721030205488 125.6440946534276 133.26350238546729 28.517304375767708
leaf_count=175478 3573 2475 7618 1733 661 10666 3472 546 2666 5642 1681 3273 3444 736
internal_value=5.65214e-05 0.000227904 -0.00372741 0.0026618 -0.00569746 0.000418634 -0.00095927 -9.16858e-05 -0.000946097 -0.00242027 0.000968067 0.00362533 0.00487578 -0.00164182
internal_weight=5711.31 5538.35 246.25 57.2067 189.044 5292.09 1216.82 1095.54 941.669 715.609 310.548 226.061 153.873 244.659
internal_count=223664 220091 12487 4208 8279 207604 32126 28654 24664 18725 8059 5939 3990 6378
is_linear=0
shrinkage=0.03


Tree=32
num_leaves=15
num_cat=0
split_feature=9 14 0 14 0 2 0 7 7 7 0 8 8 5
split_gain=2.77274 4.6493 3.69778 5.31894 2.43365 4.17035 4.14388 5.19744 9.1561 3.78373 2.6503 5.85075 3.92566 9.80386
threshold=1.5000000000000002 2.5000000000000004 2.5000000000000004 5.5000000000000009 131.50000000000003 23.500000000000004 98.500000000000014 5.5000000000000009 9.5000000000000018 6.5000000000000009 20.500000000000004 1.0000000180025095e-35 1.0000000180025095e-35 1.0000000180025095e-35
decision_type=2 2 2 2 2 2 2 2 2 2 2 2 2 2
left_child=1 -1 3 -2 6 9 10 -8 -9 -6 11 -4 -12 -14
right_child=2 -3 4 -5 5 -7 7 8 -10 -11 12 -13 13 -15
leaf_value=0.008009623033037469 0.0099972203163708386 -0.011781536077105812 0.00082716912903442452 -0.0064481000951708998 -0.0088039701679962709 0.0083066315523873512 -0.00087277075658369471 0.012610594381314906 -0.0061682872047693765 0.00032498582955200355 -0.0013730542861248296 -0.0044667092256185708 0.0064886574059164525 -0.00503087955497731
leaf_weight=6.5181567830732083 56.719631724408828 32.192595323780552 2016.7751857624389 16.336817904724739 94.821108967531472 14.10079387295991 111.33416928583756 81.855342593044043 24.520476984791458 65.836899415124208 2719.1519193025306 197.138562832959 173.46085906494409 95.298868164420128
leaf_count=876 4917 4490 78093 1431 5236 967 4409 2880 1129 3532 98184 7518 6923 3001
internal_value=-0.000360637 -0.00748889 -0.000298843 0.00598615 -0.000391454 -0.0037779 -0.000275498 0.0036868 0.00812384 -0.00526313 -0.000448086 0.000337809 -0.00102959 0.00237003
internal_weight=5706.06 38.7108 5667.35 73.0564 5594.29 174.759 5419.54 217.71 106.376 160.658 5201.83 2213.91 2987.91 268.76
internal_count=223586 5366 218220 6348 211872 9735 202137 8418 4009 8768 193719 85611 108108 9924
is_linear=0
shrinkage=0.03


Tree=33
num_leaves=15
num_cat=0
split_feature=14 0 15 15 7 6 0 15 8 15 15 14 16 12
split_gain=5.44825 6.46716 10.4127 8.17151 5.91658 6.56319 5.45449 4.99855 6.87621 4.69999 4.63432 5.56014 5.21459 6.54531
threshold=1.5000000000000002 39.500000000000007 -4.0960187911987296 -4.0960187911987296 5.5000000000000009 9.5000000000000018 131.50000000000003 -3.9623045921325679 1.0000000180025095e-35 -3.4671117067337032 -5.04046607017517 2.5000000000000004 34.500000000000007 1.5000000000000002
decision_type=2 2 2 2 2 2 2 2 2 2 2 2 2 2
left_child=1 2 -1 -3 9 6 -6 -7 -9 -5 11 -2 -12 -14
right_child=10 3 -4 4 5 7 -8 8 -10 -11 12 -13 13 -15
leaf_value=0.013101456342662222 0.0086185407634500073 -0.010967933452339035 -0.008407645875236517 -0.0041540938851023579 0.0082551724304508033 0.0074113126836802727 -0.0020648609904016144 -0.013288282598919388 0.0043577470112570564 0.0042204549020387833 0.00049174192826981027 -0.012432271829290216 0.012053002094234211 -0.0010159717002544439
leaf_weight=13.555995002156122 7.0596764554502434 51.945450068451464 194.31501885037869 264.08295113220811 179.66717409528792 20.188736107200384 56.318075068295002 43.872175326570868 25.265597626566887 68.598222149536014 4617.8965822090395 37.522501309635118 69.113945928867906 58.59006798826158
leaf_count=1453 1377 4067 8469 12912 6893 1199 2731 2073 1116 2174 159651 8977 5005 5694
internal_value=0.000159272 -0.00194556 -0.006468 -0.000549928 0.000424405 0.00325174 0.00580847 -0.00340747 -0.00710394 -0.00235451 0.000565775 -0.00813055 0.000664397 0.00641866
internal_weight=5707.99 917.809 207.871 709.938 657.993 325.312 235.985 89.3265 69.1378 332.681 4790.18 44.5822 4745.6 127.704
internal_count=223791 43087 9922 33165 29098 14012 9624 4388 3189 15086 180704 10354 170350 10699
is_linear=0
shrinkage=0.03


Tree=34
num_leaves=15
num_cat=0
split_feature=15 1 10 1 14 9 1 15 2 15 15 1 14 7
split_gain=3.46856 4.02484 5.99154 3.68187 4.25899 3.84201 3.10946 4.23558 4.25746 4.81495 4.56603 4.16812 7.05172 3.85415
threshold=-4.0418667793273917 41.500000000000007 1.0000000180025095e-35 88.500000000000014 3.5000000000000004 3.5000000000000004 132.50000000000003 -3.5446978807449336 2.5000000000000004 -3.570023655891418 -3.99730372428894 79.500000000000014 4.5000000000000009 6.5000000000000009
decision_type=2 2 2 2 2 2 2 2 2 2 2 2 2 2
left_child=1 -1 -3 4 -4 -6 7 8 9 11 -10 12 -2 -11
right_child=6 2 3 -5 5 -7 -8 -9 10 13 -12 -13 -14 -15
leaf_value=-0.0063122762331333038 0.006053233105974996 -0.0049628848921443027 -0.0055548740383833022 0.011751092142145259 -0.0044777314607034983 0.013181664918675012 -0.0015803941452603063 -0.00011543149055407506 0.013211045269540577 0.013726269609957062 0.00018689405120687276 -0.002115234660393297 -0.00076013130571129237 8.1618478922781712e-05
leaf_weight=146.372460307437 367.43075671978295 98.464148103259504 38.501545090577565 33.52336034772452 11.031362688518128 21.071417052997276 649.7870630575344 2827.6657347008586 14.797726312652228 56.058757381513715 1067.2723955865949 135.8616086859256 211.17195494379848 26.118076838552952
leaf_count=18750 15324 6986 3829 3301 1393 1910 29170 81425 808 1946 43385 5755 8798 924
internal_value=0.000158953 -0.00269646 8.99949e-05 0.00488424 0.000570444 0.0074912 0.000349668 0.000618928 0.00171898 0.00336917 0.000484346 0.00249567 0.0035959 0.00986895
internal_weight=5705.13 348.964 202.592 104.128 70.6043 32.1028 5356.16 4706.38 1878.71 796.641 1082.07 714.464 578.603 82.1768
internal_count=223704 36169 17419 10433 7132 3303 187535 158365 76940 32747 44193 29877 24122 2870
is_linear=0
shrinkage=0.03


Tree=35
num_leaves=15
num_cat=0
split_feature=1 0 6 7 0 9 14 16 1 1 16 6 7 14
split_gain=3.43884 3.26444 3.6593 3.16803 2.61285 2.41744 5.48736 4.63594 10.3811 11.6594 9.17071 4.92386 4.35894 4.10456
threshold=250.50000000000003 190.50000000000003 5.5000000000000009 7.5000000000000009 164.50000000000003 1.5000000000000002 2.5000000000000004 34.500000000000007 41.500000000000007 143.50000000000003 31.500000000000004 2.5000000000000004 9.5000000000000018 2.5000000000000004
decision_type=2 2 2 2 2 2 2 2 2 2 2 2 2 2
left_child=4 3 -3 -2 5 6 -1 10 11 -10 -7 -9 -12 -14
right_child=1 2 -4 -5 -6 7 -8 8 9 -11 12 -13 13 -15
leaf_value=0.0097660158099404006 -0.011488930073831663 0.0089644803518420021 -0.00554088383617014 0.00071759403298413311 -0.006460853563690091 0.00041712127619313358 -0.01138271104597708 0.0065642374708470026 0.015712075898911458 -0.0062923458998844764 -0.0076602128104720597 -0.0082268881269562024 -0.0058235245836990024 0.010812610371791914
leaf_weight=6.5401536435820153 54.558441678294912 20.537407984491438 22.630947597324848 25.602561462204903 42.507199727930129 5120.2463238975033 31.315285416669212 21.726053351419978 79.761933422647417 22.498499470064417 176.83296816470101 49.994461097405292 16.914329631254077 17.695958373136818
leaf_count=845 2884 1408 1396 1338 2482 176023 4476 1694 6524 1763 13194 7521 971 1037
internal_value=8.75669e-05 -0.00467423 0.00174818 -0.00794312 0.000200863 0.000263487 -0.00645169 0.000321272 0.00500348 0.0107416 0.000159403 -0.00349129 -0.00581842 0.00319947
internal_weight=5709.36 123.329 43.1684 80.161 5586.03 5543.53 37.8554 5505.67 173.981 102.26 5331.69 71.7205 211.443 34.6103
internal_count=223556 7026 2804 4222 216530 214048 5321 208727 17502 8287 191225 9215 15202 2008
is_linear=0
shrinkage=0.03


Tree=36
num_leaves=15
num_cat=0
split_feature=15 5 0 1 1 15 7 7 0 15 2 16 1 16
split_gain=5.91117 7.6518 5.37468 4.30979 3.63272 3.58018 3.73339 4.54818 3.17881 6.26514 4.7835 3.15416 4.72197 4.35905
threshold=-4.0960187911987296 1.0000000180025095e-35 11.500000000000002 55.500000000000007 132.50000000000003 -3.0081992149353023 8.5000000000000018 5.5000000000000009 98.500000000000014 -3.6200107336044307 9.5000000000000018 22.500000000000004 63.500000000000007 21.500000000000004
decision_type=2 2 2 2 2 2 2 2 2 2 2 2 2 2
left_child=1 2 3 -1 5 8 7 -7 11 -10 -11 13 -13 -2
right_child=4 -3 -4 -5 -6 6 -8 -9 9 10 -12 12 -14 -15
leaf_value=-0.0022834403962869254 0.00039465089195187447 -0.012261511833212611 -0.0077610706439216453 0.0073094635211354347 -0.0018013476375327367 -0.005632846338654132 -0.0088914769944852239 0.0056632956700948421 -0.0055826276756638154 0.018112339234811307 0.00098724228345435953 0.0044664001316492121 0.00018270226959996876 -0.0052383269743684017
leaf_weight=89.688401255873032 3460.7038922477514 66.699774354696274 65.667587575502694 64.167281114729121 666.47970749437809 55.115928266197443 62.069220170378685 53.229051854461432 21.284388276748359 28.052775576710701 25.882187338545918 419.18545175902545 504.98272865265608 118.21988912858069
leaf_count=11704 108079 8996 5061 6651 30489 1105 1308 1118 902 878 783 18866 22781 4677
internal_value=3.11227e-05 -0.00409565 -0.00118842 0.00191931 0.000256392 0.000548373 -0.00360008 -7.3541e-05 0.000710296 0.00645393 0.0113342 0.000600267 0.00215272 0.000194504
internal_weight=5701.43 286.223 219.523 153.856 5415.21 4748.73 170.414 108.345 4578.31 75.2194 53.935 4503.09 924.168 3578.92
internal_count=223398 32412 23416 18355 190986 160497 3531 2223 156966 2563 1661 154403 41647 112756
is_linear=0
shrinkage=0.03


Tree=37
num_leaves=15
num_cat=0
split_feature=9 14 1 0 6 16 16 1 0 2 16 16 7 2
split_gain=4.06967 3.81583 3.1295 5.64331 4.29258 4.04136 2.91333 3.01645 2.5226 2.15656 2.08266 6.74472 5.50621 5.32326
threshold=1.5000000000000002 2.5000000000000004 209.50000000000003 57.500000000000007 4.5000000000000009 19.500000000000004 25.500000000000004 227.50000000000003 145.50000000000003 17.500000000000004 30.500000000000004 34.500000000000007 9.5000000000000018 4.5000000000000009
decision_type=2 2 2 2 2 2 2 2 2 2 2 2 2 2
left_child=1 -1 5 -4 9 -2 -6 -8 10 -5 -7 12 -12 -13
right_child=2 -3 3 4 6 8 7 -9 -10 -11 11 13 -14 -15
leaf_value=0.0059342894986485874 -0.00039857310553438705 -0.012625590014490595 -0.011248783797440924 -0.0093733976201464311 -0.0045223453913628879 0.0020794159163205206 0.01496045593240288 0.0020734712826398272 -0.0059984805748769373 0.001521692508571069 -0.0048156585954520215 0.0061638355947503847 0.0057076103604099268 -0.0089193357213641807
leaf_weight=6.633069386240094 3629.5313410293311 30.835680985474028 50.698103896109387 42.54641944821924 24.589011449366808 1342.7222608150914 14.494751377962528 61.879914110992104 31.758125092368573 20.127679321914911 242.3641738621518 152.58128479681909 45.573301373049617 15.246789644472299
leaf_count=851 110587 4506 2767 2343 1039 57593 786 3612 1862 1348 16969 15958 2582 960
internal_value=-3.4374e-05 -0.00878197 3.87387e-05 -0.00343415 -0.000504633 0.000181104 0.00323592 0.00596811 0.00132657 -0.00614653 0.00148837 -0.000260151 -0.00301442 0.00436905
internal_weight=5711.58 37.4688 5674.11 214.336 163.638 5459.78 100.964 76.3747 1830.25 62.6741 1798.49 455.766 287.937 167.828
internal_count=223763 5357 218406 11895 9128 206511 5437 4398 95924 3691 94062 36469 19551 16918
is_linear=0
shrinkage=0.03


Tree=38
num_leaves=15
num_cat=0
split_feature=1 0 9 13 0 13 4 7 7 0 15 1 16 7
split_gain=7.01739 5.88025 3.606 4.03954 3.89607 3.95321 3.4801 4.6548 3.42814 3.25376 3.24355 8.01355 8.27526 9.4143
threshold=209.50000000000003 57.500000000000007 1.5000000000000002 1.5000000000000002 3.5000000000000004 3.5000000000000004 1.5000000000000002 6.5000000000000009 4.5000000000000009 70.500000000000014 -3.9053043127059932 29.500000000000004 34.500000000000007 5.5000000000000009
decision_type=2 2 2 2 2 2 2 2 2 2 2 2 2 2
left_child=2 -2 3 -1 5 -4 10 8 -8 -3 11 -6 13 -13
right_child=1 9 4 -5 6 -7 7 -9 -10 -11 -12 12 -14 -15
leaf_value=0.0057861295896547088 -0.013213158434688762 0.0091294777543796911 0.00705621606866845 -0.012497257822859317 -0.010273551077292668 -0.0039281243226006899 0.0025962846610620809 -0.0015411799701684919 0.019147290850983861 -0.0034421177109234305 0.0002682340909899975 -0.0094852184553287228 0.0069217346286725955 0.0021345440829552381
leaf_weight=8.361307960120028 50.67540897463914 11.281141575425861 126.27327729947865 28.859174734563567 82.582791139837354 30.622086559887975 25.201401947299019 39.186256202403456 17.712146548437886 150.41355753783137 4805.7095369808376 105.78620181209408 92.017204441246577 130.6182822776027
leaf_count=1004 2822 573 9635 4295 8175 2401 969 1360 603 8470 161563 6563 7076 8027
internal_value=1.01204e-05 -0.00521469 0.000221233 -0.00803448 0.000292153 0.00480544 0.000149717 0.00593053 0.0117551 -0.00208438 4.75668e-05 -0.00247769 -0.000271748 -0.00323899
internal_weight=5705.3 212.37 5492.93 37.2205 5455.71 156.895 5298.81 82.0998 42.9135 161.695 5216.71 411.004 328.422 236.404
internal_count=223536 11865 211671 5299 206372 12036 194336 2932 1572 9043 191404 29841 21666 14590
is_linear=0
shrinkage=0.03


Tree=39
num_leaves=15
num_cat=0
split_feature=1 15 16 1 0 15 6 1 13 15 0 1 14 8
split_gain=6.70036 5.22494 6.63768 7.35863 6.80197 4.79089 4.93233 5.16091 4.73521 4.70258 4.69347 4.65877 4.56259 4.3193
threshold=227.50000000000003 -3.3582049608230586 7.5000000000000009 65.500000000000014 20.500000000000004 -3.570023655891418 10.500000000000002 35.500000000000007 1.5000000000000002 -3.0081992149353023 111.50000000000001 195.50000000000003 6.5000000000000009 1.0000000180025095e-35
decision_type=2 2 2 2 2 2 2 2 2 2 2 2 2 2
left_child=1 5 3 4 13 10 12 -8 -6 -5 -1 -12 -7 -3
right_child=-2 2 -4 9 8 6 7 -9 -10 -11 11 -13 -14 -15
leaf_value=0.00045058195378317335 -0.0055312797058840752 0.0012669133786670957 -0.006483519553753923 0.0047023062333709526 -0.014494344352383358 0.0022795814342636013 -0.014684866226353057 0.00017634316862848488 -0.0034014988795417187 -0.0079734212259072318 -0.0089768637286177302 0.0028932791034043106 0.010543475850079571 -0.0061093498099390724
leaf_weight=2251.9445289738942 165.00668621866498 573.00413059070706 169.49805184453726 288.35582289658487 30.144777398556471 1510.6796366814524 20.055193264037371 69.271161112934351 368.34360620006919 19.867375187575817 84.302258349489421 37.66192311886698 53.694908821955323 71.457468431442976
leaf_count=114821 9413 14366 4921 7662 797 49147 656 2271 9621 413 4102 2104 1616 1805
internal_value=0.000249233 0.000430789 -0.00106281 -0.000340169 -0.00154598 0.000995949 0.00223039 -0.00430276 -0.00457493 0.00366037 0.00013027 -0.00536994 0.0026284 0.000368186
internal_weight=5713.29 5548.28 1520.67 1351.17 1042.95 4027.61 1653.7 89.3264 398.488 308.223 2373.91 121.964 1564.37 644.462
internal_count=223715 214302 39585 34664 26589 174717 53690 2927 10418 8075 121027 6206 50763 16171
is_linear=0
shrinkage=0.03


Tree=40
num_leaves=15
num_cat=0
split_feature=15 15 12 0 2 13 14 14 0 15 15 7 2 7
split_gain=4.05304 3.74216 9.61956 9.26113 4.55549 3.96742 5.04757 2.69211 6.3194 4.60774 6.35702 4.75567 5.19702 4.41511
threshold=-3.0081992149353023 -4.0960187911987296 1.5000000000000002 10.500000000000002 1.0000000180025095e-35 1.5000000000000002 3.5000000000000004 1.5000000000000002 37.500000000000007 -3.4671117067337032 -3.3757029771804805 5.5000000000000009 4.5000000000000009 2.5000000000000004
decision_type=2 2 2 2 2 2 2 2 2 2 2 2 2 2
left_child=1 2 3 5 -4 -1 -7 8 -3 11 13 12 -10 -11
right_child=-2 7 4 -5 -6 6 -8 -9 9 10 -12 -13 -14 -15
leaf_value=0.012241131653040516 -0.0039445267845462269 -0.0055854961599481655 -0.012077849355850111 -0.0058966184394275336 0.0010849305517714825 -0.0093652002230915684 0.0077853014142001227 0.0010664280533637619 0.0073968329625811137 0.020770423390706481 -0.0022786013580015653 0.0020929792967350519 -0.00474486828191903 0.0031225976154656766
leaf_weight=54.877044056076556 173.76250041648746 181.00151364691556 87.565762817393988 70.918660274706781 29.190255784895271 17.344300562283024 25.511566892149858 4401.9905210239813 27.264473316259682 20.930625343695283 39.275517540052533 307.26723441109061 240.23005446232855 28.943489234894514
leaf_count=5710 3610 7977 13963 5451 2347 1945 2955 149951 1460 715 1144 13614 11754 902
internal_value=0.000440695 0.000585298 -0.00270291 0.00188862 -0.00896104 0.00756084 0.000385641 0.000768963 -0.000775174 0.000599681 0.00657358 -0.000423482 -0.00328536 0.0127609
internal_weight=5706.07 5532.31 285.408 168.652 116.756 97.7329 42.8559 5246.9 844.913 663.911 89.1496 574.762 267.495 49.8741
internal_count=223498 219888 32371 16061 16310 10610 4900 187517 37566 29589 2761 26828 13214 1617
is_linear=0
shrinkage=0.03


Tree=41
num_leaves=15
num_cat=0
split_feature=15 1 15 15 6 15 6 1 1 1 15 2 15 2
split_gain=2.83433 3.15766 4.00268 5.07619 3.18439 5.20266 4.20766 2.93692 2.73731 3.37387 2.78893 2.66131 3.05553 2.62928
threshold=-3.0081992149353023 137.50000000000003 -3.5068659782409664 -3.3757029771804805 6.5000000000000009 -3.7101644277572627 9.5000000000000018 164.50000000000003 250.50000000000003 149.50000000000003 -3.819731473922729 19.500000000000004 -3.9053043127059932 12.500000000000002
decision_type=2 2 2 2 2 2 2 2 2 2 2 2 2 2
left_child=1 -1 4 7 11 6 8 -4 9 -6 -10 -3 -13 -11
right_child=-2 2 3 -5 5 -7 -8 -9 10 13 -12 12 -14 -15
leaf_value=0.00064875019014192621 -0.0034056423178593608 -0.0053298455968241324 0.012818237085866891 -0.0053370719139508097 -0.003544461550681108 -0.0062165296370672776 -0.0024766963614173691 0.00036207816035922714 0.004497028168802408 0.01368090804647489 -0.010522816499391789 0.011465420699398925 -0.0057789258315671804 -0.00019055782226182417
leaf_weight=4874.7038816636195 173.49780672416091 280.97325671988074 36.816437168046832 28.915398702025414 12.368320158449931 76.830197598785162 79.976846778299659 27.71934344433248 19.260204842081297 54.397878685267642 8.1861652042716724 10.876305725891145 8.3587531354278308 14.864513296633957
leaf_count=186973 3622 15331 1236 895 619 2929 4736 995 1143 2657 368 876 415 794
internal_value=0.000263582 0.000384547 -0.00154871 0.00392521 -0.0025048 -9.21179e-05 0.00258407 0.00823446 0.00619107 0.00869795 -0.00159657 -0.00456977 0.00455829 0.0110555
internal_weight=5707.75 5534.25 659.544 93.4512 566.092 265.884 189.054 64.5358 109.077 81.6307 27.4464 300.208 19.2351 69.2624
internal_count=223589 219967 32994 3126 29868 13246 10317 2231 5581 4070 1511 16622 1291 3451
is_linear=0
shrinkage=0.03


Tree=42
num_leaves=15
num_cat=0
split_feature=4 7 15 16 1 2 8 1 15 16 16 7 2 13
split_gain=4.64494 5.19097 2.31074 2.92954 3.67152 2.36448 5.26958 2.45226 11.7259 9.47038 9.22072 4.56546 4.50236 3.64184
threshold=1.5000000000000002 6.5000000000000009 -3.0916022062301631 1.5000000000000002 43.500000000000007 9.5000000000000018 1.0000000180025095e-35 29.500000000000004 -3.99730372428894 34.500000000000007 26.500000000000004 1.5000000000000002 4.5000000000000009 2.5000000000000004
decision_type=2 2 2 2 2 2 2 2 2 2 2 2 2 2
left_child=2 -2 3 4 -1 7 -7 8 -5 -9 11 -10 -11 -13
right_child=1 -3 -4 5 -6 6 -8 9 10 12 -12 13 -14 -15
leaf_value=0.010246593315586763 0.011291598225640178 -0.0020701144999777741 -0.0026916294559902547 -0.010455242527449704 -0.0008732321507065727 -0.003920577867772895 0.0085455453352755797 -4.9311055972358031e-05 0.0043354424346012969 0.00976740103157441 0.0095651219640323117 -0.0065619356366152393 -0.0046484441646339946 -0.00073522264929495916
leaf_weight=44.49191265553236 55.593493790831417 39.078880603890866 324.41883907467127 105.00862583459821 49.612499117851257 288.09501387225464 24.567036780528724 4050.1389833949506 92.117147278040648 117.74940717441496 69.198394557461143 137.68820059299469 16.885271903127432 287.44483497552574
leaf_count=1139 2226 1463 7074 14197 1268 14132 1140 148691 2998 11098 3261 4493 1091 9233
internal_value=-0.000156769 0.0061053 -0.000273174 -0.000119857 0.0048634 -0.000219412 -0.00270658 -5.47234e-05 -0.00169645 0.000219939 2.08847e-05 -0.00141315 0.00776304 -0.00272976
internal_weight=5702.09 94.6724 5607.42 5283 94.1044 5188.89 312.662 4876.23 691.457 4184.77 586.449 517.25 134.635 425.133
internal_count=223504 3689 219815 212741 2407 210334 15272 195062 34182 160880 19985 16724 12189 13726
is_linear=0
shrinkage=0.03


Tree=43
num_leaves=15
num_cat=0
split_feature=0 0 7 6 15 15 15 1 14 16 9 7 0 16
split_gain=4.85828 4.17146 4.83439 8.95979 3.7753 3.49052 5.33987 5.31578 8.83132 5.26454 5.62911 4.61364 4.61048 4.71758
threshold=111.50000000000001 98.500000000000014 5.5000000000000009 8.5000000000000018 -3.0081992149353023 -3.9324547052383418 -3.8584365844726558 41.500000000000007 3.5000000000000004 34.500000000000007 2.5000000000000004 2.5000000000000004 9.5000000000000018 25.500000000000004
decision_type=2 2 2 2 2 2 2 2 2 2 2 2 2 2
left_child=1 4 -3 -4 5 7 11 -1 -9 -10 -11 -7 -13 -14
right_child=-2 2 3 -5 -6 6 -8 8 9 10 -12 12 13 -15
leaf_value=-0.0060757616086239653 -0.0037653064112963407 -0.00052972687588328366 0.020179868993323406 -0.0017347932090274714 -0.0041208414275022203 -0.0017154291069700193 0.00031248966966366024 -0.002197258413115044 0.0015327829306355655 -0.0030470986803302386 0.025793322176078642 0.017592770079743511 -0.0080225148017050163 0.0070455089104293073
leaf_weight=179.12189124303404 274.4735567024909 58.432616433128715 30.050292016938329 26.391679370775819 171.76613195613027 55.606243396177888 4496.6124609708786 234.03345604101196 32.316041809972376 5.5276156873442259 14.61505085043609 26.823067620396614 14.149068767204879 92.086139429360628
leaf_count=20740 13961 2206 977 1074 3599 2839 150995 16506 2351 777 1221 1293 679 4596
internal_value=5.67832e-05 0.000256271 0.00567631 0.011214 0.000128869 0.000278294 0.00052586 -0.00217154 0.000392073 0.0104461 0.0194936 0.0053396 0.00820178 0.00452111
internal_weight=5712.01 5437.53 114.875 56.442 5322.66 5150.89 4685.28 465.614 286.492 52.4587 20.1427 188.665 133.058 106.235
internal_count=223814 209853 4257 2051 205596 201997 160402 41595 20855 4349 1998 9407 6568 5275
is_linear=0
shrinkage=0.03


Tree=44
num_leaves=15
num_cat=0
split_feature=1 1 16 0 15 15 12 0 13 1 0 7 16 1
split_gain=5.83049 4.09048 7.42835 6.79408 6.39343 9.52939 4.60562 4.55853 4.34682 3.19129 2.68668 3.88855 7.47869 3.20359
threshold=132.50000000000003 27.500000000000004 34.500000000000007 10.500000000000002 -3.99730372428894 -3.7246499061584468 2.5000000000000004 2.5000000000000004 1.5000000000000002 25.500000000000004 10.500000000000002 5.5000000000000009 18.500000000000004 23.500000000000004
decision_type=2 2 2 2 2 2 2 2 2 2 2 2 2 2
left_child=1 4 -3 7 -1 6 9 8 -4 -6 -7 12 13 -12
right_child=-2 2 3 -5 5 10 -8 -9 -10 -11 11 -13 -14 -15
leaf_value=-0.008199125903982335 -0.0024793146421732328 0.00053266867399190691 0.010607488872918356 -0.0027539715723902541 0.013779618732603886 0.00017893895659745477 -0.0012987396663347057 0.016962592150590046 -0.0077165849867522349 -0.0022534045894931332 0.0080249539142648596 -0.0070967484362026547 -0.013463015787073061 -0.0017562500920398824
leaf_weight=104.11108078702819 719.70469719718676 4139.3544618962333 12.796860724454747 33.324037143960595 58.95667471550405 242.04688537679613 35.140083646401763 51.517549997777678 14.059439045842735 10.284295765683053 52.350910296663642 156.20798653736711 19.8280362598598 52.629979992285371
leaf_count=13994 35637 142705 1513 1851 2680 7639 1604 4943 2110 466 1535 4461 747 1520
internal_value=2.55621e-05 0.000391616 0.000748776 0.00805556 -0.00166594 -0.000470282 0.00739513 0.0124432 0.00152378 0.0114144 -0.00214916 -0.00409166 -8.31254e-05 0.00339508
internal_weight=5702.31 4982.61 4251.05 111.698 731.556 627.445 104.381 78.3738 26.8563 69.241 523.064 281.017 124.809 104.981
internal_count=223405 187768 153122 10417 34646 20652 4750 8566 3623 3146 15902 8263 3802 3055
is_linear=0
shrinkage=0.03


Tree=45
num_leaves=15
num_cat=0
split_feature=0 2 6 7 0 0 8 16 16 13 9 13 0 7
split_gain=3.75033 2.92307 6.53199 3.10779 2.40476 2.32779 3.94676 3.3247 3.25184 7.56055 8.16269 5.05708 9.11576 8.35613
threshold=131.50000000000003 19.500000000000004 7.5000000000000009 7.5000000000000009 120.50000000000001 15.500000000000002 1.0000000180025095e-35 32.500000000000007 34.500000000000007 1.5000000000000002 2.5000000000000004 1.5000000000000002 12.500000000000002 6.5000000000000009
decision_type=2 2 2 2 2 2 2 2 2 2 2 2 2 2
left_child=4 2 -2 -3 5 6 8 -7 11 -10 -11 12 -1 -14
right_child=1 3 -4 -5 -6 7 -8 -9 9 10 -12 -13 13 -15
leaf_value=-0.0063979751177601282 -0.010803782184161281 0.0080534108406038283 0.0023124456910424427 -0.0072349723718481539 0.0059450978318121633 -0.00044775153951840849 -0.0039804072797811479 -0.0060116504336660756 0.01330774497885363 -0.011617730135713577 0.0054889261026080747 0.0016595094482109991 0.011377858011642721 -0.0049604558620702423
leaf_weight=193.12181930593215 88.762540735304356 22.804764389060438 47.611817213706672 9.567202821839599 48.175723887979984 3742.8658497538418 135.545635584509 89.332146861590445 53.210491094738245 27.233974206028506 67.0626190174371 1086.5783199748257 54.722726113162935 42.082308877259493
leaf_count=8334 4942 1494 2616 650 2008 128461 6700 5422 4954 5370 7635 41830 1958 1281
internal_value=-0.000260945 -0.00453807 -0.00637943 0.00289394 -0.000122722 -0.00018666 0.000749026 -0.00059276 0.00119287 0.0052798 -9.18845e-05 0.000719988 -0.00273905 0.00447595
internal_weight=5708.68 168.746 136.374 32.372 5539.93 5491.76 1659.56 3832.2 1524.01 147.507 94.2966 1376.51 289.927 96.805
internal_count=223655 9702 7558 2144 213953 211945 78062 133883 71362 17959 13005 53403 11573 3239
is_linear=0
shrinkage=0.03


Tree=46
num_leaves=15
num_cat=0
split_feature=1 15 0 7 2 1 15 15 15 0 16 0 0 6
split_gain=3.08817 4.8236 5.36023 5.74407 5.18681 9.06461 4.98408 4.49675 4.79939 5.22009 4.37876 4.29961 4.22612 3.9599
threshold=79.500000000000014 -3.3188960552215572 15.500000000000002 2.5000000000000004 1.0000000180025095e-35 51.500000000000007 -3.1447865962982173 -3.2743369340896602 -3.99730372428894 12.500000000000002 34.500000000000007 11.500000000000002 2.5000000000000004 9.5000000000000018
decision_type=2 2 2 2 2 2 2 2 2 2 2 2 2 2
left_child=1 4 3 6 5 13 -3 8 11 -10 -7 -2 -6 -1
right_child=7 2 -4 -5 12 10 -8 -9 9 -11 -12 -13 -14 -15
leaf_value=-0.0096812487061708787 0.0101161449770627 0.015001042980227064 -0.0024875291115930426 -1.8213013893871097e-05 0.012234365521083552 0.00015433251699827156 -0.0016328900017126636 0.0044010509838237673 -0.008116494358577855 -0.0013857553394156564 0.016051716924138204 0.00019091757901475379 0.0014954526437335636 -0.0017567600828842667
leaf_weight=90.890644059283659 47.094299725955352 38.878485478460789 788.77817674353719 250.46019473671913 23.708176858257502 33.105651584453881 21.557492140680552 121.37158630788326 101.55901698209345 1625.5574195850641 19.812899669748731 127.18275388516486 2276.8182558109984 142.6815745375352
leaf_count=15419 4255 983 19993 6448 1256 2045 450 3028 4288 64844 2135 8914 82411 7166
internal_value=-3.97917e-05 0.000476758 -0.00118055 0.00210958 0.00118307 -0.00256255 0.00967827 -0.000978968 -0.00134362 -0.00182599 0.00771157 0.0032764 0.00165859 -0.00511131
internal_weight=5709.46 3686.69 1099.67 310.896 2587.02 286.491 60.436 2022.77 1901.39 1727.12 52.9186 174.277 2300.53 233.572
internal_count=223635 138306 27874 7881 110432 26765 1433 85329 82301 69132 4180 13169 83667 22585
is_linear=0
shrinkage=0.03


Tree=47
num_leaves=15
num_cat=0
split_feature=0 16 1 15 15 0 6 7 6 7 6 0 16 16
split_gain=2.79113 4.37709 8.01811 5.16376 4.81372 5.77824 7.08747 4.50505 4.27265 5.95548 4.18804 4.08404 3.91252 4.44452
threshold=131.50000000000003 34.500000000000007 29.500000000000004 -4.4677009582519522 -3.9324547052383418 51.500000000000007 6.5000000000000009 10.500000000000002 1.0000000180025095e-35 9.5000000000000018 10.500000000000002 1.5000000000000002 26.500000000000004 31.500000000000004
decision_type=2 2 2 2 2 2 2 2 2 2 2 2 2 2
left_child=1 4 3 -3 5 8 -7 11 -1 -10 -2 -4 -6 -14
right_child=10 2 7 -5 12 6 -8 -9 9 -11 -12 -13 13 -15
leaf_value=0.0037928284554105793 -0.0053283391529264541 -0.010194658782511476 -0.0031759057476803201 0.0051327332633355266 -0.00023939139525080722 -0.0064497024912194521 0.0099072769497052498 -0.0066209554479371427 -0.010961878572485701 0.001269888431839323 0.0085388074029882337 0.011455901702209385 0.0037579309364842751 -0.0040456393948200735
leaf_weight=26.073900495190173 155.33390190219507 38.145915594999678 15.549569300492292 25.518161130137742 4569.9255003463477 33.886784068308771 43.497885132208467 10.296700727194546 136.52906600316055 44.865335572510958 13.170199559535829 113.95200599613599 412.53243261296302 69.281109566800296
leaf_count=2016 8918 8103 2193 1737 148573 2207 2382 622 11542 2621 820 9577 18876 3577
internal_value=-0.000134518 -1.55201e-05 0.00419713 -0.00418828 -0.000183681 -0.00390967 0.00282614 0.00804052 -0.00643652 -0.00802824 -0.00382685 0.0095973 3.37256e-05 0.00257639
internal_weight=5708.56 5540.05 203.462 63.6641 5336.59 284.853 77.3847 139.798 207.468 181.394 168.504 129.502 5051.74 481.814
internal_count=223764 214026 22232 9840 191794 20768 4589 12392 16179 14163 9738 11770 171026 22453
is_linear=0
shrinkage=0.03


Tree=48
num_leaves=15
num_cat=0
split_feature=15 12 16 2 9 13 7 16 2 9 15 14 16 16
split_gain=2.93136 7.63482 4.17296 7.15437 4.6969 3.45395 3.17568 3.11977 2.67962 4.5023 2.53392 5.63768 5.18346 3.55714
threshold=-4.2932326793670645 1.5000000000000002 34.500000000000007 4.5000000000000009 2.5000000000000004 2.5000000000000004 3.5000000000000004 36.500000000000007 1.5000000000000002 4.5000000000000009 -3.3392256498336788 6.5000000000000009 7.5000000000000009 19.500000000000004
decision_type=2 2 2 2 2 2 2 2 2 2 2 2 2 2
left_child=1 8 4 7 5 -2 -3 -4 9 -1 11 -6 -12 -13
right_child=2 6 3 -5 10 -7 -8 -9 -10 -11 12 13 -14 -15
leaf_value=-0.0022704804877428137 0.017379599313132214 -1.2576351158784701e-05 0.013478233340901981 -0.0057426376335520633 0.00024774429436150662 -0.00091825519205753208 -0.012659835724151238 0.00020403002622442897 -0.0075593527882262352 0.010626518669723712 -0.00044241965877527234 0.0099984073738020336 -0.0066943847284859177 -0.0010640342806864035
leaf_weight=42.597615565056913 14.490241170860829 23.799975798698142 56.168740563094616 27.802486067637801 3888.2724438551813 13.416379274800418 61.937841827631928 21.399133144877851 11.23123938962817 39.145146834431216 1276.5765059515834 77.937743127346039 121.88412541151047 34.698275360278785
leaf_count=5688 706 3418 3064 1904 151023 655 11117 1262 1126 3905 32528 2381 3527 1497
internal_value=0.000133155 -0.00354414 0.000258116 0.0059041 0.000137843 0.0106612 -0.0095171 0.0102577 0.00235327 0.00439075 6.38451e-05 0.000448141 -0.00103098 0.00678167
internal_weight=5711.36 178.712 5532.65 105.37 5427.28 27.9066 85.7378 77.5679 92.974 81.7428 5399.37 4000.91 1398.46 112.636
internal_count=223801 25254 198547 6230 192317 1361 14535 4326 10719 9593 190956 154901 36055 3878
is_linear=0
shrinkage=0.03


Tree=49
num_leaves=15
num_cat=0
split_feature=1 0 9 0 2 15 15 1 15 16 15 6 6 5
split_gain=4.07503 7.27286 8.45807 5.24127 5.37256 3.49089 3.4288 3.42253 4.42113 3.08296 3.09687 2.85708 2.63831 6.56983
threshold=31.500000000000004 16.500000000000004 7.5000000000000009 9.5000000000000018 1.5000000000000002 -3.0081992149353023 -3.99730372428894 27.500000000000004 -3.3392256498336788 10.500000000000002 -3.3392256498336788 4.5000000000000009 6.5000000000000009 1.0000000180025095e-35
decision_type=2 2 2 2 2 2 2 2 2 2 2 2 2 2
left_child=1 2 -1 7 6 12 -5 -4 -9 10 -8 -12 13 -2
right_child=5 -3 3 4 -6 -7 9 8 -10 -11 11 -13 -14 -15
leaf_value=-0.0071792064785642824 -0.00083314064950598026 -0.0063440384260304572 0.0024030062708274864 -0.014179069420708764 0.0075963870468462721 -0.0042953804677361594 -0.010525961303623229 0.01551073296850594 -0.0031128095634196259 0.0013339455689638858 0.0072922503327637828 -0.0037371111101219216 0.0013968098498478609 0.0028313147273274246
leaf_weight=122.96281089528929 2065.9663519320311 221.22472705319524 257.50817319424823 12.413297528401015 42.286505118943751 126.83833464607596 44.603942718356848 32.249357593245804 11.740589700639246 139.33983527868986 16.771735232323408 95.125470155850053 1963.098274344462 548.87424275279045
leaf_count=14457 83652 6333 9940 943 1417 2672 1374 1360 296 5225 430 2506 75545 17361
internal_value=5.88777e-05 -0.00167437 -0.000277576 0.00111273 -0.0013696 0.000428662 -0.00279961 0.00395016 0.0108843 -0.00187413 -0.004639 -0.00162136 0.000568626 -5.60884e-05
internal_weight=5701 996.226 775.002 652.039 350.541 4704.78 308.254 301.498 43.9899 295.841 156.501 111.897 4577.94 2614.84
internal_count=223511 44281 37948 23491 11895 179230 10478 11596 1656 9535 4310 2936 176558 101013
is_linear=0
shrinkage=0.03


Tree=50
num_leaves=15
num_cat=0
split_feature=15 16 1 0 1 14 1 8 7 12 0 7 7 7
split_gain=2.62331 5.94612 4.73966 6.14309 4.91543 4.7224 3.7783 3.83467 6.23791 3.95134 3.76497 4.94708 3.71578 3.25487
threshold=-3.3392256498336788 7.5000000000000009 76.500000000000014 20.500000000000004 127.50000000000001 6.5000000000000009 19.500000000000004 1.0000000180025095e-35 9.5000000000000018 2.5000000000000004 8.5000000000000018 3.5000000000000004 10.500000000000002 9.5000000000000018
decision_type=2 2 2 2 2 2 2 2 2 2 2 2 2 2
left_child=5 2 3 6 -4 -1 -2 9 -9 12 11 -7 -8 -5
right_child=1 -3 4 13 -6 10 7 8 -10 -11 -12 -13 -14 -15
leaf_value=0.00016351846270447253 -0.0072808106321288861 -0.0072613610525280826 0.0055106928115279908 -0.0051504108128303397 -0.0066238881716054925 -0.0086511494518789044 0.00063494847570795445 -0.012262919898583727 0.0037238519444438285 0.010708411609776914 0.0097715750313596764 0.0068808908744812181 0.011732880013035619 0.0020316250100909498
leaf_weight=4196.1132312314585 41.708968158811331 120.01722292602062 172.14128624275327 361.61119333095849 27.201573887839913 24.188925040420145 484.9109510704875 36.420435672625899 34.880712427198887 33.837553478777409 74.123144537676126 30.121722510433756 18.872586060315371 61.484137237071991
leaf_count=181878 1045 3490 4400 9476 795 1218 12071 941 869 836 2477 2434 472 1559
internal_value=-2.12299e-05 -0.00114867 -0.000520305 -0.00131481 0.00361754 0.000343771 0.000520454 0.00116382 -0.00494607 0.00204965 0.00579566 -0.00030633 0.00127097 -0.00408391
internal_weight=5717.63 1393.09 1273.07 1073.73 199.343 4324.55 650.631 608.922 71.3011 537.621 128.434 54.3106 503.784 423.095
internal_count=223961 35954 32464 27269 5195 188007 16234 15189 1810 13379 6129 3652 12543 11035
is_linear=0
shrinkage=0.03


Tree=51
num_leaves=15
num_cat=0
split_feature=15 0 4 7 1 0 1 7 2 16 15 15 0 13
split_gain=3.18848 5.51893 5.50158 5.01508 7.2099 4.50935 4.49578 3.90445 3.6791 3.32784 3.91989 4.63155 9.30281 4.04591
threshold=-3.3582049608230586 19.500000000000004 1.0000000180025095e-35 9.5000000000000018 39.500000000000007 18.500000000000004 65.500000000000014 8.5000000000000018 1.5000000000000002 8.5000000000000018 -3.0916022062301631 -3.1447865962982173 9.5000000000000018 2.5000000000000004
decision_type=2 2 2 2 2 2 2 2 2 2 2 2 2 2
left_child=-1 2 -2 6 -5 9 -3 -7 -6 10 11 12 13 -4
right_child=1 3 5 4 8 7 -8 -9 -10 -11 -12 -13 -14 -15
leaf_value=0.00035190523954446967 0.0062826888955795817 -0.0057504682108838112 5.7577252352578668e-05 0.012316540617022337 0.0038507053466092095 0.014287412888017485 -0.00058644012104390269 -0.0001505187644656252 -0.0086620963867643976 -0.0095200255914483049 -0.0053005321411330403 0.0078066817723337362 -0.0035582205455951432 0.01215530309034101
leaf_weight=4197.4774013214046 117.14809500053525 430.69314449094236 43.176393764093518 34.997462216764688 32.127078115940094 22.476564129814506 235.16982981748879 34.623258415609598 34.439817791804671 32.231320593506098 119.9040593020618 58.515752390027046 264.1111696138978 49.021425280719995
leaf_count=184322 2932 11497 1176 885 782 535 6312 831 932 955 2641 1412 7278 1271
internal_value=-7.35309e-05 -0.00125174 0.000593092 -0.00301826 0.00297129 -0.000557198 -0.0039623 0.00681506 -0.00290887 -0.00140493 -0.000749993 0.000659137 -0.000695759 0.00704991
internal_weight=5706.11 1508.64 741.208 767.427 101.564 624.06 665.863 57.0998 66.5669 566.96 534.729 414.825 356.309 92.1978
internal_count=223761 39439 19031 20408 2599 16099 17809 1366 1714 14733 13778 11137 9725 2447
is_linear=0
shrinkage=0.03


Tree=52
num_leaves=15
num_cat=0
split_feature=0 2 0 15 0 7 2 8 16 0 1 2 0 2
split_gain=4.13802 4.41517 3.83143 6.26174 5.35561 4.43044 3.59715 6.26737 8.42948 5.33995 4.82302 4.78553 4.22064 3.938
threshold=80.500000000000014 16.500000000000004 73.500000000000014 -3.83840000629425 76.500000000000014 2.5000000000000004 4.5000000000000009 1.0000000180025095e-35 10.500000000000002 43.500000000000007 79.500000000000014 5.5000000000000009 49.500000000000007 2.5000000000000004
decision_type=2 2 2 2 2 2 2 2 2 2 2 2 2 2
left_child=2 -2 6 -4 5 -5 9 8 11 13 -11 -8 -12 -1
right_child=1 -3 3 4 -6 -7 7 -9 -10 10 12 -13 -14 -15
leaf_value=0.00070899985190060928 -0.002995108089785762 0.0050531122096385949 -0.0086940145931359413 -0.00047200099005978202 0.0013327095513842738 0.018426807373397955 0.013783596858760476 0.008216510052273137 -0.0044372874120515446 0.0071809216077186712 0.0036476018031219959 0.00030502884829835056 -0.0069150971717098584 -0.001564090698759146
leaf_weight=3143.3626409167191 584.69844131823629 59.308957593515515 16.304499471560121 13.942853819578884 61.932086316868663 37.616832526400685 26.326865905895829 40.971230744384229 472.14302655495703 185.64459328446537 80.939621835015714 69.595468390733004 44.443964305333793 866.77126617077738
leaf_count=121951 23592 3824 892 496 2247 1354 770 1723 20111 6863 3622 2035 1986 32000
internal_value=5.79714e-05 -0.00218799 0.000347576 0.00524548 0.00778991 0.0140697 0.000208273 -0.0019314 -0.00279279 0.000513608 0.00423681 0.0049564 -0.000330718 0.000215014
internal_weight=5704 644.007 5059.99 129.796 113.492 51.5597 4930.2 609.037 568.065 4321.16 311.028 95.9223 125.384 4010.13
internal_count=223466 27416 196050 4989 4097 1850 191061 24639 22916 166422 12471 2805 5608 153951
is_linear=0
shrinkage=0.03


Tree=53
num_leaves=15
num_cat=0
split_feature=15 0 14 4 6 6 16 16 16 0 1 1 1 6
split_gain=4.73404 3.06664 3.86892 2.60289 4.11515 8.13655 2.6253 2.49732 4.3637 5.76443 4.36278 8.11335 5.37099 4.27598
threshold=-3.0081992149353023 18.500000000000004 3.5000000000000004 1.5000000000000002 4.5000000000000009 6.5000000000000009 36.500000000000007 34.500000000000007 31.500000000000004 190.50000000000003 132.50000000000003 41.500000000000007 71.500000000000014 1.5000000000000002
decision_type=2 2 2 2 2 2 2 2 2 2 2 2 2 2
left_child=3 -2 -3 6 -5 -6 7 8 -1 -10 11 13 -13 -9
right_child=1 2 -4 4 5 -7 -8 10 9 -11 -12 12 -14 -15
leaf_value=0.00027824311340820206 -0.0091050251215423466 0.0076973824519427818 -0.0044016210235344614 -0.002741371969190554 0.021374765660042139 0.00051810886975548181 -0.0048276433143042436 0.010738144022616195 -0.0051173980360007002 0.010987664282125213 -0.0050322761075270025 0.022488017724753437 0.0036613958432710259 -0.0067003934890732895
leaf_weight=5001.8145351824351 70.722472283989191 23.252520646899939 74.457719843834639 36.147140439483337 18.808687537326477 41.73743126867339 85.415669437148608 7.5815578629262736 220.8285029589897 12.554383222945033 27.96948163327761 22.940029358724132 31.368097877129912 37.127873547258787
leaf_count=176216 1486 497 1582 1506 652 1581 11300 527 16519 911 2129 1853 1988 5004
internal_value=4.19239e-05 -0.00476804 -0.00107505 0.000196369 0.00483703 0.00910872 0.000105287 0.000192705 8.79055e-05 -0.0038352 0.00419139 0.00701941 0.0138742 -0.00232103
internal_weight=5712.73 168.433 97.7102 5544.29 96.6933 60.5461 5447.6 5362.18 5235.2 233.383 126.987 99.0176 54.3081 44.7094
internal_count=223751 3565 2079 220186 3739 2233 216447 205147 193646 17430 11501 9372 3841 5531
is_linear=0
shrinkage=0.03


Tree=54
num_leaves=15
num_cat=0
split_feature=1 0 6 1 4 6 6 9 14 0 1 0 2 2
split_gain=3.17488 4.72522 5.93802 3.57075 2.50285 4.39889 6.61916 2.09218 6.38692 1.89852 1.88837 2.08534 1.63315 1.59016
threshold=325.50000000000006 131.50000000000003 10.500000000000002 156.50000000000003 1.5000000000000002 6.5000000000000009 4.5000000000000009 1.5000000000000002 2.5000000000000004 84.500000000000014 250.50000000000003 57.500000000000007 7.5000000000000009 20.500000000000004
decision_type=2 2 2 2 2 2 2 2 2 2 2 2 2 2
left_child=1 4 3 -3 7 6 -6 8 -1 -2 -9 -12 -13 -5
right_child=9 2 -4 13 5 -7 -8 10 -10 -11 11 12 -14 -15
leaf_value=0.010899860427331837 -0.0013950780864454945 0.0053726487671255097 0.01019314548457516 -0.0094527690731706828 0.0010180562425836498 -0.0021288761360810679 0.020481720065320726 0.00045733017691513655 -0.011789841859660609 0.011421205002216189 -0.01067388344222219 0.007350273962673598 -0.0045292732285711441 0.0009251441148021497
leaf_weight=6.8098357531707725 11.755753360921515 12.627382854931055 12.222389875445513 109.5397617444396 36.349433576222509 42.307977038202807 19.301639653509483 5347.4154152530245 28.998351647169329 26.597158870194107 18.918162839720026 9.1189949251711386 13.195426116697488 13.050722417421637
leaf_count=841 617 547 728 6270 1515 1608 664 201859 4403 1708 1096 462 623 787
internal_value=0.000360845 0.000295035 -0.00483086 -0.00679729 0.000440373 0.00496463 0.00986022 0.000349686 -0.00603734 0.00801674 0.000403232 -0.0053325 0.0010977 -0.00836151
internal_weight=5708.21 5669.86 147.44 135.218 5522.42 97.9591 55.6511 5424.46 35.8082 38.3529 5388.65 41.2326 22.3144 122.59
internal_count=223728 221403 8332 7604 213071 3787 2179 209284 5244 2325 204040 2181 1085 7057
is_linear=0
shrinkage=0.03


Tree=55
num_leaves=15
num_cat=0
split_feature=1 15 15 1 6 6 9 8 14 16 0 0 0 0
split_gain=2.46947 6.85315 7.94999 3.41733 13.9678 11.1019 7.34571 6.59308 6.14918 6.61695 7.47635 5.6367 5.53029 5.39102
threshold=27.500000000000004 -3.99730372428894 -3.7246499061584468 59.500000000000007 1.5000000000000002 1.5000000000000002 7.5000000000000009 1.0000000180025095e-35 2.5000000000000004 1.5000000000000002 25.500000000000004 43.500000000000007 12.500000000000002 8.5000000000000018
decision_type=2 2 2 2 2 2 2 2 2 2 2 2 2 2
left_child=1 -1 -3 4 8 -5 7 -7 -2 -10 13 -6 -8 -11
right_child=3 2 -4 5 11 6 12 -9 9 10 -12 -13 -14 -15
leaf_value=-0.0082156426237279083 -0.0044015279133934699 0.0069926178468089932 -0.0016842251603903886 -0.0048180726304499419 6.9028936184282647e-05 0.013873802213447015 -0.004732468493731979 -0.0070296659962761172 -0.0058338968353116756 0.003113724885803173 0.0022809181935664392 0.0081731140885654956 0.00068446195162085561 0.016963845958658366
leaf_weight=101.49470698228106 28.770346212899312 105.57692978158593 524.80574018135667 388.95931073254906 1719.8192111899843 53.047027715481818 173.18750556674786 10.649024218786506 18.575983427464962 37.978170855320059 76.075339641422033 70.884602037258446 2285.7394868275151 118.18291977792978
leaf_count=14075 1072 4752 15921 16106 59041 4840 7200 697 405 1753 2659 2652 88828 3860
internal_value=0.000256218 -0.00135945 -0.00014452 0.000495821 0.00142448 -0.000167119 0.000566197 0.00989939 0.00753788 0.00902368 0.0104039 0.000433434 0.000285313 0.0139856
internal_weight=5713.75 731.877 630.383 4981.87 2070.29 2911.58 2522.62 63.6961 279.583 250.812 232.236 1790.7 2458.93 156.161
internal_count=223861 34748 20673 189113 71442 117671 101565 5537 9749 8677 8272 61693 96028 5613
is_linear=0
shrinkage=0.03


Tree=56
num_leaves=15
num_cat=0
split_feature=14 9 14 1 0 16 0 0 15 15 2 1 15 15
split_gain=2.63569 2.79371 2.96994 2.60322 4.50293 3.68712 4.42146 5.27277 4.68802 4.06245 5.60726 3.71026 3.59062 3.44584
threshold=8.5000000000000018 1.5000000000000002 2.5000000000000004 132.50000000000003 37.500000000000007 22.500000000000004 98.500000000000014 76.500000000000014 -3.3757029771804805 -3.5947320461273189 9.5000000000000018 91.500000000000014 -3.3188960552215572 -4.0960187911987296
decision_type=2 2 2 2 2 2 2 2 2 2 2 2 2 2
left_child=1 2 -1 5 13 6 7 11 -9 -8 -11 -3 -13 -5
right_child=-2 3 -4 4 -6 -7 9 8 -10 10 -12 12 -14 -15
leaf_value=0.005282225808614171 -0.01007470024741002 -0.00034124408959052921 -0.010973717529261911 0.0065246350375434041 -0.00041345568258516988 0.0018102123172483917 -0.0049417684468883848 -0.0078710159327205678 0.0020351154624067124 0.018124192530561089 -0.00033177863413881591 0.0014252687499018667 0.009244037247517177 -0.0077133087236291586
leaf_weight=6.9341447186889118 13.404840042698195 3179.9221496805549 28.910065482836217 9.618453116854651 578.83066250616685 1136.1902454929659 13.500324822962282 134.79717303439975 56.185251392424107 26.193170540034771 24.485450124368072 319.54936032555997 54.71459686011076 125.9584888741374
leaf_count=863 583 97150 4445 962 28707 64392 523 4657 1488 793 733 11212 1403 5855
internal_value=-2.79514e-05 1.33088e-05 -0.00736272 7.2924e-05 -0.00160703 0.000318354 -0.000130187 -0.000273124 -0.00500047 0.00712328 0.010622 -5.78576e-06 0.00277913 -0.0063244
internal_weight=5709.19 5695.79 35.8442 5659.95 714.408 4945.54 3809.35 3745.17 190.982 64.1789 50.6786 3554.19 374.264 135.577
internal_count=223766 223183 5308 217875 35524 182351 117959 115910 6145 2049 1526 109765 12615 6817
is_linear=0
shrinkage=0.03


Tree=57
num_leaves=15
num_cat=0
split_feature=4 6 6 1 0 8 6 1 1 12 6 1 16 6
split_gain=2.216 4.03714 8.51994 3.26988 2.57938 5.5095 7.54258 9.44252 7.54019 4.70515 5.15534 9.21962 4.88018 4.67049
threshold=1.5000000000000002 6.5000000000000009 4.5000000000000009 25.500000000000004 22.500000000000004 1.0000000180025095e-35 10.500000000000002 51.500000000000007 29.500000000000004 1.5000000000000002 1.5000000000000002 55.500000000000007 13.500000000000002 10.500000000000002
decision_type=2 2 2 2 2 2 2 2 2 2 2 2 2 2
left_child=3 2 -2 -1 5 6 -5 8 -8 10 11 12 -6 -12
right_child=1 -3 -4 4 9 -7 7 -9 -10 -11 13 -13 -14 -15
leaf_value=-0.0023273382284440132 -0.00057557488706614149 -0.0024475637751473407 0.021162706349342583 0.00096923892376395604 -0.0014508895813236948 -0.0038893484908878481 -0.0027445131941106404 -0.0012044200621490768 0.019368188675081447 -0.005555395058763327 0.00079410137666084614 -0.0055691435132702279 0.012013919870297568 -0.0035282107046122392
leaf_weight=511.11742364324164 35.816340752644464 41.849515808164142 18.91277507180348 1658.4735302071786 45.961548851802945 177.13790030195378 14.757859176024793 52.834937061183155 55.041203182190657 139.7642859686166 2357.9631389351562 314.37725372798741 37.106913791038096 238.71404678281397
leaf_count=26367 1492 1595 640 63457 1335 6427 498 1911 1786 4341 89291 12954 1438 9901
internal_value=1.75691e-05 0.0043029 0.00904542 -6.38276e-05 0.000167486 0.00101888 0.00152601 0.0084149 0.0149348 -0.000366066 -0.000106145 -0.00324401 0.00520847 0.000384738
internal_weight=5699.83 96.5786 54.7291 5603.25 5092.13 1958.25 1781.11 122.634 69.7991 3133.89 2994.12 397.446 83.0685 2596.68
internal_count=223433 3727 2132 219706 193339 74079 67652 4195 2284 119260 114919 15727 2773 99192
is_linear=0
shrinkage=0.03


Tree=58
num_leaves=15
num_cat=0
split_feature=0 8 6 7 16 0 0 16 1 16 0 7 1 0
split_gain=3.65397 7.51623 8.6496 9.76542 7.47024 6.15225 4.94678 4.61207 4.34215 4.63948 6.06776 7.01695 8.14215 4.21168
threshold=43.500000000000007 1.0000000180025095e-35 9.5000000000000018 5.5000000000000009 27.500000000000004 47.500000000000007 80.500000000000014 31.500000000000004 195.50000000000003 9.5000000000000018 19.500000000000004 9.5000000000000018 39.500000000000007 131.50000000000003
decision_type=2 2 2 2 2 2 2 2 2 2 2 2 2 2
left_child=8 2 3 4 6 -4 -2 -3 9 10 -1 -12 -13 -5
right_child=1 7 5 13 -6 -7 -8 -9 -10 -11 11 12 -14 -15
leaf_value=-8.3256773952513003e-05 0.0026252271243094494 0.0086709766941994761 0.0078786832232974092 0.0053915356457311311 -0.0061762394494960524 -0.0077040313271714055 -0.0025896282319596699 -0.0072421516464280054 -0.0089153441056965335 0.00030800094836841505 -0.0049292651754737245 0.012090690722100094 -0.0027781416779312411 -0.0030703839323808096
leaf_weight=905.77193685434759 418.88645473308861 139.87753128353506 18.149933340027928 444.76049260888249 173.61298336135224 157.36927494965494 255.17446071188897 10.833673634566365 46.952689765486866 2301.2851250465028 651.85076874867082 41.478859541937709 85.375740364193916 53.395893045701087
leaf_count=24049 15242 5634 791 16178 10401 7605 9545 640 2622 106582 18041 1077 2336 2826
internal_value=-0.000198371 0.000977052 0.000323086 0.00115235 -0.000810118 -0.00575484 0.000642079 0.00714763 -0.000686942 -0.000567941 -0.00175938 -0.00368324 0.00261188 0.00444195
internal_weight=5704.78 1672.06 1521.35 1345.83 847.674 175.519 674.061 150.711 4032.72 3985.76 1684.48 778.705 126.855 498.156
internal_count=223569 68862 62588 54192 35188 8396 24787 6274 154707 152085 45503 21454 3413 19004
is_linear=0
shrinkage=0.03


Tree=59
num_leaves=15
num_cat=0
split_feature=0 0 1 0 0 6 6 7 16 1 6 16 16 0
split_gain=2.52937 3.81304 3.00218 2.54768 4.27787 4.09463 5.00392 6.07762 6.29317 4.52251 2.96101 5.88613 5.51042 6.41586
threshold=111.50000000000001 98.500000000000014 325.50000000000006 80.500000000000014 70.500000000000014 1.5000000000000002 8.5000000000000018 5.5000000000000009 16.500000000000004 100.50000000000001 9.5000000000000018 26.500000000000004 17.500000000000004 37.500000000000007
decision_type=2 2 2 2 2 2 2 2 2 2 2 2 2 2
left_child=1 3 -2 4 10 -6 7 8 -7 -8 -1 12 13 -12
right_child=2 -3 -4 -5 5 6 9 -9 -10 -11 11 -13 -14 -15
leaf_value=-0.00059368026370564225 -0.0040255023743420047 0.0050555272441011601 0.0057032290354697215 -0.0030922666978125805 -0.0053684874143575777 0.01043820762593276 -0.010285963113441038 0.016080028399411118 -0.0050349377368263662 0.0055288405823393392 0.00041799206346126934 0.0061429117765859518 -0.0045784963898872471 0.010978364080734469
leaf_weight=4006.6059653507546 247.92693449929357 116.17914400435984 23.279505681246519 254.34141037985682 26.779942994937301 36.550150819122791 21.067114499397576 48.884326866827905 39.302631760947406 24.947240720503032 477.20490686409175 171.50561947724782 163.47462857607752 48.207280045375228
leaf_count=156019 12472 4299 1544 9187 1018 1158 822 1682 1726 1114 14127 9753 7065 1682
internal_value=-0.000242895 -9.91666e-05 -0.0030173 -0.000221035 -7.10322e-05 0.0041475 0.00585438 0.00879139 0.00276828 -0.00225545 -0.000250398 0.00133663 6.92752e-05 0.00157387
internal_weight=5706.26 5435.05 271.206 5318.87 5064.53 197.531 170.751 124.737 75.8528 46.0144 4867 860.392 688.887 525.412
internal_count=223668 209652 14016 205353 196166 7520 6502 4566 2884 1936 188646 32627 22874 15809
is_linear=0
shrinkage=0.03


end of trees

feature_importances:
Column_0=141
Column_1=124
Column_15=123
Column_16=94
Column_6=82
Column_7=79
Column_2=50
Column_14=47
Column_13=23
Column_8=22
Column_9=17
Column_12=13
Column_4=11
Column_5=7
Column_10=3
Column_11=3
Column_3=1

parameters:
[boosting: gbdt]
[objective: custom]
[metric: custom]
[tree_learner: serial]
[device_type: cpu]
[data_sample_strategy: bagging]
[data: ]
[valid: ]
[num_iterations: 60]
[learning_rate: 0.03]
[num_leaves: 15]
[num_threads: 1]
[seed: 20260925]
[deterministic: 1]
[force_col_wise: 0]
[force_row_wise: 1]
[histogram_pool_size: -1]
[max_depth: -1]
[min_data_in_leaf: 400]
[min_sum_hessian_in_leaf: 0.001]
[bagging_fraction: 0.8]
[pos_bagging_fraction: 1]
[neg_bagging_fraction: 1]
[bagging_freq: 1]
[bagging_seed: 8810]
[bagging_by_query: 0]
[feature_fraction: 0.8]
[feature_fraction_bynode: 1]
[feature_fraction_seed: 17836]
[extra_trees: 0]
[extra_seed: 27358]
[early_stopping_round: 0]
[early_stopping_min_delta: 0]
[first_metric_only: 0]
[max_delta_step: 0]
[lambda_l1: 0]
[lambda_l2: 10]
[linear_lambda: 0]
[min_gain_to_split: 0]
[drop_rate: 0.1]
[max_drop: 50]
[skip_drop: 0.5]
[xgboost_dart_mode: 0]
[uniform_drop: 0]
[drop_seed: 13805]
[top_rate: 0.2]
[other_rate: 0.1]
[min_data_per_group: 100]
[max_cat_threshold: 32]
[cat_l2: 10]
[cat_smooth: 10]
[max_cat_to_onehot: 4]
[top_k: 20]
[monotone_constraints: ]
[monotone_constraints_method: basic]
[monotone_penalty: 0]
[feature_contri: ]
[forcedsplits_filename: ]
[refit_decay_rate: 0.9]
[cegb_tradeoff: 1]
[cegb_penalty_split: 0]
[cegb_penalty_feature_lazy: ]
[cegb_penalty_feature_coupled: ]
[path_smooth: 0]
[interaction_constraints: ]
[verbosity: -1]
[saved_feature_importance_type: 0]
[use_quantized_grad: 0]
[num_grad_quant_bins: 4]
[quant_train_renew_leaf: 0]
[stochastic_rounding: 1]
[linear_tree: 0]
[max_bin: 63]
[max_bin_by_feature: ]
[min_data_in_bin: 3]
[bin_construct_sample_cnt: 200000]
[data_random_seed: 5102]
[is_enable_sparse: 1]
[enable_bundle: 1]
[use_missing: 1]
[zero_as_missing: 0]
[feature_pre_filter: 1]
[pre_partition: 0]
[two_round: 0]
[header: 0]
[label_column: ]
[weight_column: ]
[group_column: ]
[ignore_column: ]
[categorical_feature: ]
[forcedbins_filename: ]
[precise_float_parser: 0]
[parser_config_file: ]
[objective_seed: 25095]
[num_class: 1]
[is_unbalance: 0]
[scale_pos_weight: 1]
[sigmoid: 1]
[boost_from_average: 1]
[reg_sqrt: 0]
[alpha: 0.9]
[fair_c: 1]
[poisson_max_delta_step: 0.7]
[tweedie_variance_power: 1.5]
[lambdarank_truncation_level: 30]
[lambdarank_norm: 1]
[label_gain: ]
[lambdarank_position_bias_regularization: 0]
[eval_at: ]
[multi_error_top_k: 1]
[auc_mu_weights: ]
[num_machines: 1]
[local_listen_port: 12400]
[time_out: 120]
[machine_list_filename: ]
[machines: ]
[gpu_platform_id: -1]
[gpu_device_id: -1]
[gpu_device_id_list: ]
[gpu_use_dp: 0]
[num_gpu: 1]

end of parameters

pandas_categorical:null
