fecha,juego,hora,codigo
2025-07-01,1,08:00,21
2025-07-01,1,09:00,25
2025-07-01,1,10:00,6
2025-07-01,1,11:00,27
2025-07-01,1,12:00,22
2025-07-01,1,13:00,24
2025-07-01,1,14:00,1
2025-07-01,1,15:00,29
2025-07-01,1,16:00,18
2025-07-01,1,17:00,32
2025-07-01,1,18:00,5
2025-07-01,1,19:00,4
2025-07-01,2,08:30,22
2025-07-01,2,09:30,23
2025-07-01,2,10:30,31
2025-07-01,2,11:30,16
2025-07-01,2,12:30,36
2025-07-01,2,13:30,6
2025-07-01,2,14:30,3
2025-07-01,2,15:30,12
2025-07-01,2,16:30,15
2025-07-01,2,17:30,4
2025-07-01,2,18:30,33
2025-07-01,2,19:30,3
2025-07-01,3,08:00,22
2025-07-01,3,09:00,32
2025-07-01,3,10:00,18
2025-07-01,3,11:00,21
2025-07-01,3,12:00,11
2025-07-01,3,13:00,31
2025-07-01,3,14:00,15
2025-07-01,3,15:00,6
2025-07-01,3,16:00,9
2025-07-01,3,17:00,00
2025-07-01,3,18:00,22
2025-07-01,3,19:00,34
2025-07-01,3,20:00,19
2025-07-01,3,21:00,10
2025-07-02,1,08:00,10
2025-07-02,1,09:00,29
2025-07-02,1,10:00,14
2025-07-02,1,11:00,15
2025-07-02,1,12:00,22
2025-07-02,1,13:00,11
2025-07-02,1,14:00,24
2025-07-02,1,15:00,28
2025-07-02,1,16:00,33
2025-07-02,1,17:00,27
2025-07-02,1,18:00,17
2025-07-02,1,19:00,18
2025-07-02,2,08:30,7
2025-07-02,2,09:30,35
2025-07-02,2,10:30,20
2025-07-02,2,11:30,0
2025-07-02,2,12:30,2
2025-07-02,2,13:30,4
2025-07-02,2,14:30,10
2025-07-02,2,15:30,15
2025-07-02,2,16:30,36
2025-07-02,2,17:30,21
2025-07-02,2,18:30,11
2025-07-02,2,19:30,16
2025-07-02,3,08:00,17
2025-07-02,3,09:00,36
2025-07-02,3,10:00,5
2025-07-02,3,11:00,20
2025-07-02,3,12:00,35
2025-07-02,3,13:00,9
2025-07-02,3,14:00,11
2025-07-02,3,15:00,25
2025-07-02,3,16:00,28
2025-07-02,3,17:00,3
2025-07-02,3,18:00,16
2025-07-02,3,19:00,0
2025-07-02,3,20:00,23
2025-07-02,3,21:00,26
2025-07-03,1,08:00,1
2025-07-03,1,09:00,32
2025-07-03,1,10:00,12
2025-07-03,1,11:00,11
2025-07-03,1,12:00,19
2025-07-03,1,13:00,14
2025-07-03,1,14:00,6
2025-07-03,1,15:00,17
2025-07-03,1,16:00,25
2025-07-03,1,17:00,4
2025-07-03,1,18:00,12
2025-07-03,1,19:00,0
2025-07-03,2,08:30,29
2025-07-03,2,09:30,13
2025-07-03,2,10:30,28
2025-07-03,2,11:30,20
2025-07-03,2,12:30,3
2025-07-03,2,13:30,31
2025-07-03,2,14:30,10
2025-07-03,2,15:30,15
2025-07-03,2,16:30,8
2025-07-03,2,17:30,22
2025-07-03,2,18:30,18
2025-07-03,2,19:30,1
2025-07-03,3,08:00,14
2025-07-03,3,09:00,21
2025-07-03,3,10:00,12
2025-07-03,3,11:00,4
2025-07-03,3,12:00,33
2025-07-03,3,13:00,19
2025-07-03,3,14:00,22
2025-07-03,3,15:00,3
2025-07-03,3,16:00,15
2025-07-03,3,17:00,32
2025-07-03,3,18:00,29
2025-07-03,3,19:00,30
2025-07-03,3,20:00,7
2025-07-03,3,21:00,34
2025-07-04,1,08:00,0
2025-07-04,1,09:00,15
2025-07-04,1,10:00,18
2025-07-04,1,11:00,16
2025-07-04,1,12:00,26
2025-07-04,1,13:00,3
2025-07-04,1,14:00,13
2025-07-04,1,15:00,29
2025-07-04,1,16:00,9
2025-07-04,1,17:00,16
2025-07-04,1,18:00,28
2025-07-04,1,19:00,25
2025-07-04,2,08:30,33
2025-07-04,2,09:30,17
2025-07-04,2,10:30,32
2025-07-04,2,11:30,36
2025-07-04,2,12:30,00
2025-07-04,2,13:30,20
2025-07-04,2,14:30,9
2025-07-04,2,15:30,15
2025-07-04,2,16:30,3
2025-07-04,2,17:30,35
2025-07-04,2,18:30,22
2025-07-04,2,19:30,29
2025-07-04,3,08:00,1
2025-07-04,3,09:00,17
2025-07-04,3,10:00,11
2025-07-04,3,11:00,5
2025-07-04,3,12:00,21
2025-07-04,3,13:00,25
2025-07-04,3,14:00,13
2025-07-04,3,15:00,9
2025-07-04,3,16:00,7
2025-07-04,3,17:00,17
2025-07-04,3,18:00,32
2025-07-04,3,19:00,9
2025-07-04,3,20:00,33
2025-07-04,3,21:00,29
2025-07-05,1,08:00,12
2025-07-05,1,09:00,33
2025-07-05,1,10:00,24
2025-07-05,1,11:00,3
2025-07-05,1,12:00,31
2025-07-05,1,13:00,0
2025-07-05,1,14:00,10
2025-07-05,1,15:00,28
2025-07-05,1,16:00,6
2025-07-05,1,17:00,4
2025-07-05,1,18:00,7
2025-07-05,1,19:00,29
2025-07-05,2,08:30,31
2025-07-05,2,09:30,2
2025-07-05,2,10:30,19
2025-07-05,2,11:30,11
2025-07-05,2,12:30,35
2025-07-05,2,13:30,21
2025-07-05,2,14:30,29
2025-07-05,2,15:30,27
2025-07-05,2,16:30,27
2025-07-05,2,17:30,30
2025-07-05,2,18:30,6
2025-07-05,2,19:30,10
2025-07-05,3,08:00,11
2025-07-05,3,09:00,4
2025-07-05,3,10:00,14
2025-07-05,3,11:00,9
2025-07-05,3,12:00,26
2025-07-05,3,13:00,1
2025-07-05,3,14:00,34
2025-07-05,3,15:00,0
2025-07-05,3,16:00,19
2025-07-05,3,17:00,13
2025-07-05,3,18:00,9
2025-07-05,3,19:00,33
2025-07-05,3,20:00,2
2025-07-05,3,21:00,2
2025-07-06,1,08:00,17
2025-07-06,1,09:00,11
2025-07-06,1,10:00,24
2025-07-06,1,11:00,2
2025-07-06,1,12:00,8
2025-07-06,1,13:00,10
2025-07-06,1,14:00,6
2025-07-06,1,15:00,1
2025-07-06,1,16:00,23
2025-07-06,1,17:00,34
2025-07-06,1,18:00,16
2025-07-06,1,19:00,15
2025-07-06,2,08:30,15
2025-07-06,2,09:30,00
2025-07-06,2,10:30,26
2025-07-06,2,11:30,3
2025-07-06,2,12:30,18
2025-07-06,2,13:30,21
2025-07-06,2,14:30,20
2025-07-06,2,15:30,35
2025-07-06,2,16:30,0
2025-07-06,2,17:30,11
2025-07-06,2,18:30,25
2025-07-06,2,19:30,25
2025-07-06,3,08:00,14
2025-07-06,3,09:00,24
2025-07-06,3,10:00,36
2025-07-06,3,11:00,21
2025-07-06,3,12:00,13
2025-07-06,3,13:00,10
2025-07-06,3,14:00,3
2025-07-06,3,15:00,2
2025-07-06,3,16:00,11
2025-07-06,3,17:00,30
2025-07-06,3,18:00,25
2025-07-06,3,19:00,35
2025-07-06,3,20:00,27
2025-07-06,3,21:00,9
2025-07-07,1,08:00,4
2025-07-07,1,09:00,33
2025-07-07,1,10:00,18
2025-07-07,1,11:00,26
2025-07-07,1,12:00,00
2025-07-07,1,13:00,31
2025-07-07,1,14:00,16
2025-07-07,1,15:00,0
2025-07-07,1,16:00,30
2025-07-07,1,17:00,12
2025-07-07,1,18:00,13
2025-07-07,1,19:00,29
2025-07-07,2,08:30,6
2025-07-07,2,09:30,29
2025-07-07,2,10:30,5
2025-07-07,2,11:30,15
2025-07-07,2,12:30,1
2025-07-07,2,13:30,36
2025-07-07,2,14:30,35
2025-07-07,2,15:30,18
2025-07-07,2,16:30,16
2025-07-07,2,17:30,20
2025-07-07,2,18:30,31
2025-07-07,2,19:30,30
2025-07-07,3,08:00,20
2025-07-07,3,09:00,31
2025-07-07,3,10:00,1
2025-07-07,3,11:00,0
2025-07-07,3,12:00,20
2025-07-07,3,13:00,28
2025-07-07,3,14:00,8
2025-07-07,3,15:00,27
2025-07-07,3,16:00,33
2025-07-07,3,17:00,22
2025-07-07,3,18:00,33
2025-07-07,3,19:00,22
2025-07-07,3,20:00,00
2025-07-07,3,21:00,13
2025-07-08,1,08:00,13
2025-07-08,1,09:00,20
2025-07-08,1,10:00,4
2025-07-08,1,11:00,1
2025-07-08,1,12:00,16
2025-07-08,1,13:00,14
2025-07-08,1,14:00,12
2025-07-08,1,15:00,9
2025-07-08,1,16:00,30
2025-07-08,1,17:00,11
2025-07-08,1,18:00,00
2025-07-08,1,19:00,30
2025-07-08,2,08:30,00
2025-07-08,2,09:30,5
2025-07-08,2,10:30,26
2025-07-08,2,11:30,21
2025-07-08,2,12:30,4
2025-07-08,2,13:30,10
2025-07-08,2,14:30,33
2025-07-08,2,15:30,13
2025-07-08,2,16:30,23
2025-07-08,2,17:30,23
2025-07-08,2,18:30,1
2025-07-08,2,19:30,12
2025-07-08,3,08:00,34
2025-07-08,3,09:00,24
2025-07-08,3,10:00,3
2025-07-08,3,11:00,21
2025-07-08,3,12:00,25
2025-07-08,3,13:00,12
2025-07-08,3,14:00,12
2025-07-08,3,15:00,36
2025-07-08,3,16:00,4
2025-07-08,3,17:00,32
2025-07-08,3,18:00,1
2025-07-08,3,19:00,7
2025-07-08,3,20:00,29
2025-07-08,3,21:00,29
2025-07-09,1,08:00,26
2025-07-09,1,09:00,23
2025-07-09,1,10:00,00
2025-07-09,1,11:00,21
2025-07-09,1,12:00,14
2025-07-09,1,13:00,27
2025-07-09,1,14:00,3
2025-07-09,1,15:00,32
2025-07-09,1,16:00,6
2025-07-09,1,17:00,24
2025-07-09,1,18:00,3
2025-07-09,1,19:00,31
2025-07-09,2,08:30,31
2025-07-09,2,09:30,6
2025-07-09,2,10:30,3
2025-07-09,2,11:30,20
2025-07-09,2,12:30,27
2025-07-09,2,13:30,2
2025-07-09,2,14:30,1
2025-07-09,2,15:30,24
2025-07-09,2,16:30,15
2025-07-09,2,17:30,23
2025-07-09,2,18:30,8
2025-07-09,2,19:30,4
2025-07-09,3,08:00,0
2025-07-09,3,09:00,28
2025-07-09,3,10:00,14
2025-07-09,3,11:00,13
2025-07-09,3,12:00,18
2025-07-09,3,13:00,15
2025-07-09,3,14:00,12
2025-07-09,3,15:00,13
2025-07-09,3,16:00,9
2025-07-09,3,17:00,13
2025-07-09,3,18:00,5
2025-07-09,3,19:00,36
2025-07-09,3,20:00,25
2025-07-09,3,21:00,27
2025-07-10,1,08:00,4
2025-07-10,1,09:00,27
2025-07-10,1,10:00,18
2025-07-10,1,11:00,00
2025-07-10,1,12:00,33
2025-07-10,1,13:00,29
2025-07-10,1,14:00,21
2025-07-10,1,15:00,10
2025-07-10,1,16:00,24
2025-07-10,1,17:00,8
2025-07-10,1,18:00,31
2025-07-10,1,19:00,26
2025-07-10,2,08:30,30
2025-07-10,2,09:30,25
2025-07-10,2,10:30,12
2025-07-10,2,11:30,9
2025-07-10,2,12:30,27
2025-07-10,2,13:30,34
2025-07-10,2,14:30,23
2025-07-10,2,15:30,31
2025-07-10,2,16:30,33
2025-07-10,2,17:30,1
2025-07-10,2,18:30,20
2025-07-10,2,19:30,17
2025-07-10,3,08:00,4
2025-07-10,3,09:00,19
2025-07-10,3,10:00,6
2025-07-10,3,11:00,25
2025-07-10,3,12:00,20
2025-07-10,3,13:00,1
2025-07-10,3,14:00,0
2025-07-10,3,15:00,19
2025-07-10,3,16:00,35
2025-07-10,3,17:00,35
2025-07-10,3,18:00,16
2025-07-10,3,19:00,28
2025-07-10,3,20:00,3
2025-07-10,3,21:00,10
2025-07-11,1,08:00,34
2025-07-11,1,09:00,1
2025-07-11,1,10:00,29
2025-07-11,1,11:00,24
2025-07-11,1,12:00,0
2025-07-11,1,13:00,23
2025-07-11,1,14:00,11
2025-07-11,1,15:00,4
2025-07-11,1,16:00,31
2025-07-11,1,17:00,9
2025-07-11,1,18:00,33
2025-07-11,1,19:00,10
2025-07-11,2,08:30,13
2025-07-11,2,09:30,30
2025-07-11,2,10:30,18
2025-07-11,2,11:30,3
2025-07-11,2,12:30,27
2025-07-11,2,13:30,7
2025-07-11,2,14:30,0
2025-07-11,2,15:30,25
2025-07-11,2,16:30,29
2025-07-11,2,17:30,20
2025-07-11,2,18:30,36
2025-07-11,2,19:30,7
2025-07-11,3,08:00,10
2025-07-11,3,09:00,19
2025-07-11,3,10:00,12
2025-07-11,3,11:00,0
2025-07-11,3,12:00,13
2025-07-11,3,13:00,17
2025-07-11,3,14:00,29
2025-07-11,3,15:00,23
2025-07-11,3,16:00,17
2025-07-11,3,17:00,2
2025-07-11,3,18:00,11
2025-07-11,3,19:00,26
2025-07-11,3,20:00,22
2025-07-11,3,21:00,21
2025-07-12,1,08:00,22
2025-07-12,1,09:00,10
2025-07-12,1,10:00,18
2025-07-12,1,11:00,4
2025-07-12,1,12:00,6
2025-07-12,1,13:00,26
2025-07-12,1,14:00,21
2025-07-12,1,15:00,28
2025-07-12,1,16:00,27
2025-07-12,1,17:00,30
2025-07-12,1,18:00,35
2025-07-12,1,19:00,6
2025-07-12,2,08:30,00
2025-07-12,2,09:30,15
2025-07-12,2,10:30,17
2025-07-12,2,11:30,31
2025-07-12,2,12:30,22
2025-07-12,2,13:30,33
2025-07-12,2,14:30,35
2025-07-12,2,15:30,27
2025-07-12,2,16:30,20
2025-07-12,2,17:30,29
2025-07-12,2,18:30,3
2025-07-12,2,19:30,18
2025-07-12,3,08:00,33
2025-07-12,3,09:00,11
2025-07-12,3,10:00,21
2025-07-12,3,11:00,7
2025-07-12,3,12:00,5
2025-07-12,3,13:00,31
2025-07-12,3,14:00,26
2025-07-12,3,15:00,7
2025-07-12,3,16:00,23
2025-07-12,3,17:00,23
2025-07-12,3,18:00,13
2025-07-12,3,19:00,18
2025-07-12,3,20:00,17
2025-07-12,3,21:00,27
2025-07-13,1,08:00,1
2025-07-13,1,09:00,14
2025-07-13,1,10:00,22
2025-07-13,1,11:00,9
2025-07-13,1,12:00,26
2025-07-13,1,13:00,8
2025-07-13,1,14:00,13
2025-07-13,1,15:00,33
2025-07-13,1,16:00,23
2025-07-13,1,17:00,14
2025-07-13,1,18:00,25
2025-07-13,1,19:00,31
2025-07-13,2,08:30,6
2025-07-13,2,09:30,34
2025-07-13,2,10:30,21
2025-07-13,2,11:30,24
2025-07-13,2,12:30,35
2025-07-13,2,13:30,23
2025-07-13,2,14:30,4
2025-07-13,2,15:30,14
2025-07-13,2,16:30,00
2025-07-13,2,17:30,18
2025-07-13,2,18:30,13
2025-07-13,2,19:30,27
2025-07-13,3,08:00,34
2025-07-13,3,09:00,28
2025-07-13,3,10:00,18
2025-07-13,3,11:00,31
2025-07-13,3,12:00,35
2025-07-13,3,13:00,4
2025-07-13,3,14:00,36
2025-07-13,3,15:00,23
2025-07-13,3,16:00,27
2025-07-13,3,17:00,17
2025-07-13,3,18:00,5
2025-07-13,3,19:00,3
2025-07-13,3,20:00,13
2025-07-13,3,21:00,0
2025-07-14,1,08:00,29
2025-07-14,1,09:00,18
2025-07-14,1,10:00,19
2025-07-14,1,11:00,31
2025-07-14,1,12:00,15
2025-07-14,1,13:00,1
2025-07-14,1,14:00,17
2025-07-14,1,15:00,9
2025-07-14,1,16:00,3
2025-07-14,1,17:00,00
2025-07-14,1,18:00,26
2025-07-14,1,19:00,11
2025-07-14,2,08:30,32
2025-07-14,2,09:30,26
2025-07-14,2,10:30,22
2025-07-14,2,11:30,00
2025-07-14,2,12:30,14
2025-07-14,2,13:30,27
2025-07-14,2,14:30,8
2025-07-14,2,15:30,13
2025-07-14,2,16:30,34
2025-07-14,2,17:30,20
2025-07-14,2,18:30,3
2025-07-14,2,19:30,1
2025-07-14,3,08:00,14
2025-07-14,3,09:00,18
2025-07-14,3,10:00,15
2025-07-14,3,11:00,14
2025-07-14,3,12:00,29
2025-07-14,3,13:00,4
2025-07-14,3,14:00,35
2025-07-14,3,15:00,31
2025-07-14,3,16:00,29
2025-07-14,3,17:00,13
2025-07-14,3,18:00,27
2025-07-14,3,19:00,22
2025-07-14,3,20:00,28
2025-07-14,3,21:00,15
2025-07-15,1,08:00,34
2025-07-15,1,09:00,31
2025-07-15,1,10:00,6
2025-07-15,1,11:00,35
2025-07-15,1,12:00,9
2025-07-15,1,13:00,28
2025-07-15,1,14:00,26
2025-07-15,1,15:00,12
2025-07-15,1,16:00,20
2025-07-15,1,17:00,23
2025-07-15,1,18:00,12
2025-07-15,1,19:00,32
2025-07-15,2,08:30,33
2025-07-15,2,09:30,12
2025-07-15,2,10:30,1
2025-07-15,2,11:30,32
2025-07-15,2,12:30,10
2025-07-15,2,13:30,25
2025-07-15,2,14:30,34
2025-07-15,2,15:30,23
2025-07-15,2,16:30,26
2025-07-15,2,17:30,17
2025-07-15,2,18:30,19
2025-07-15,2,19:30,6
2025-07-15,3,08:00,24
2025-07-15,3,09:00,10
2025-07-15,3,10:00,7
2025-07-15,3,11:00,34
2025-07-15,3,12:00,3
2025-07-15,3,13:00,1
2025-07-15,3,14:00,35
2025-07-15,3,15:00,14
2025-07-15,3,16:00,16
2025-07-15,3,17:00,17
2025-07-15,3,18:00,36
2025-07-15,3,19:00,12
2025-07-15,3,20:00,11
2025-07-15,3,21:00,19
2025-07-16,1,08:00,13
2025-07-16,1,09:00,31
2025-07-16,1,10:00,1
2025-07-16,1,11:00,24
2025-07-16,1,12:00,00
2025-07-16,1,13:00,9
2025-07-16,1,14:00,27
2025-07-16,1,15:00,34
2025-07-16,1,16:00,11
2025-07-16,1,17:00,0
2025-07-16,1,18:00,8
2025-07-16,1,19:00,1
2025-07-16,2,08:30,35
2025-07-16,2,09:30,27
2025-07-16,2,10:30,14
2025-07-16,2,11:30,21
2025-07-16,2,12:30,28
2025-07-16,2,13:30,20
2025-07-16,2,14:30,36
2025-07-16,2,15:30,29
2025-07-16,2,16:30,23
2025-07-16,2,17:30,9
2025-07-16,2,18:30,12
2025-07-16,2,19:30,34
2025-07-16,3,08:00,18
2025-07-16,3,09:00,25
2025-07-16,3,10:00,27
2025-07-16,3,11:00,16
2025-07-16,3,12:00,31
2025-07-16,3,13:00,12
2025-07-16,3,14:00,23
2025-07-16,3,15:00,34
2025-07-16,3,16:00,4
2025-07-16,3,17:00,16
2025-07-16,3,18:00,11
2025-07-16,3,19:00,13
2025-07-16,3,20:00,1
2025-07-16,3,21:00,32
2025-07-17,1,08:00,4
2025-07-17,1,09:00,30
2025-07-17,1,10:00,13
2025-07-17,1,11:00,2
2025-07-17,1,12:00,00
2025-07-17,1,13:00,16
2025-07-17,1,14:00,1
2025-07-17,1,15:00,20
2025-07-17,1,16:00,8
2025-07-17,1,17:00,30
2025-07-17,1,18:00,32
2025-07-17,1,19:00,12
2025-07-17,2,08:30,32
2025-07-17,2,09:30,23
2025-07-17,2,10:30,3
2025-07-17,2,11:30,4
2025-07-17,2,12:30,28
2025-07-17,2,13:30,30
2025-07-17,2,14:30,34
2025-07-17,2,15:30,24
2025-07-17,2,16:30,20
2025-07-17,2,17:30,16
2025-07-17,2,18:30,8
2025-07-17,2,19:30,35
2025-07-17,3,08:00,15
2025-07-17,3,09:00,13
2025-07-17,3,10:00,23
2025-07-17,3,11:00,28
2025-07-17,3,12:00,28
2025-07-17,3,13:00,29
2025-07-17,3,14:00,20
2025-07-17,3,15:00,29
2025-07-17,3,16:00,11
2025-07-17,3,17:00,36
2025-07-17,3,18:00,34
2025-07-17,3,19:00,24
2025-07-17,3,20:00,8
2025-07-17,3,21:00,32
2025-07-18,1,08:00,24
2025-07-18,1,09:00,00
2025-07-18,1,10:00,23
2025-07-18,1,11:00,16
2025-07-18,1,12:00,28
2025-07-18,1,13:00,11
2025-07-18,1,14:00,22
2025-07-18,1,15:00,25
2025-07-18,1,16:00,21
2025-07-18,1,17:00,35
2025-07-18,1,18:00,21
2025-07-18,1,19:00,13
2025-07-18,2,08:30,27
2025-07-18,2,09:30,22
2025-07-18,2,10:30,29
2025-07-18,2,11:30,9
2025-07-18,2,12:30,5
2025-07-18,2,13:30,18
2025-07-18,2,14:30,34
2025-07-18,2,15:30,35
2025-07-18,2,16:30,24
2025-07-18,2,17:30,31
2025-07-18,2,18:30,10
2025-07-18,2,19:30,17
2025-07-18,3,08:00,5
2025-07-18,3,09:00,22
2025-07-18,3,10:00,25
2025-07-18,3,11:00,25
2025-07-18,3,12:00,23
2025-07-18,3,13:00,31
2025-07-18,3,14:00,1
2025-07-18,3,15:00,10
2025-07-18,3,16:00,12
2025-07-18,3,17:00,36
2025-07-18,3,18:00,12
2025-07-18,3,19:00,00
2025-07-18,3,20:00,35
2025-07-18,3,21:00,4
2025-07-19,1,08:00,30
2025-07-19,1,09:00,31
2025-07-19,1,10:00,20
2025-07-19,1,11:00,6
2025-07-19,1,12:00,34
2025-07-19,1,13:00,29
2025-07-19,1,14:00,23
2025-07-19,1,15:00,14
2025-07-19,1,16:00,24
2025-07-19,1,17:00,13
2025-07-19,1,18:00,9
2025-07-19,1,19:00,11
2025-07-19,2,08:30,2
2025-07-19,2,09:30,18
2025-07-19,2,10:30,8
2025-07-19,2,11:30,22
2025-07-19,2,12:30,13
2025-07-19,2,13:30,21
2025-07-19,2,14:30,16
2025-07-19,2,15:30,30
2025-07-19,2,16:30,11
2025-07-19,2,17:30,1
2025-07-19,2,18:30,6
2025-07-19,2,19:30,25
2025-07-19,3,08:00,9
2025-07-19,3,09:00,31
2025-07-19,3,10:00,18
2025-07-19,3,11:00,30
2025-07-19,3,12:00,16
2025-07-19,3,13:00,17
2025-07-19,3,14:00,28
2025-07-19,3,15:00,34
2025-07-19,3,16:00,5
2025-07-19,3,17:00,11
2025-07-19,3,18:00,30
2025-07-19,3,19:00,26
2025-07-19,3,20:00,0
2025-07-19,3,21:00,22
2025-07-20,1,08:00,00
2025-07-20,1,09:00,28
2025-07-20,1,10:00,19
2025-07-20,1,11:00,13
2025-07-20,1,12:00,22
2025-07-20,1,13:00,24
2025-07-20,1,14:00,15
2025-07-20,1,15:00,4
2025-07-20,1,16:00,9
2025-07-20,1,17:00,10
2025-07-20,1,18:00,8
2025-07-20,1,19:00,3
2025-07-20,2,08:30,34
2025-07-20,2,09:30,3
2025-07-20,2,10:30,9
2025-07-20,2,11:30,7
2025-07-20,2,12:30,2
2025-07-20,2,13:30,12
2025-07-20,2,14:30,35
2025-07-20,2,15:30,36
2025-07-20,2,16:30,25
2025-07-20,2,17:30,10
2025-07-20,2,18:30,32
2025-07-20,2,19:30,00
2025-07-20,3,08:00,7
2025-07-20,3,09:00,4
2025-07-20,3,10:00,6
2025-07-20,3,11:00,15
2025-07-20,3,12:00,29
2025-07-20,3,13:00,0
2025-07-20,3,14:00,25
2025-07-20,3,15:00,20
2025-07-20,3,16:00,34
2025-07-20,3,17:00,21
2025-07-20,3,18:00,13
2025-07-20,3,19:00,14
2025-07-20,3,20:00,19
2025-07-20,3,21:00,7
2025-07-21,1,08:00,26
2025-07-21,1,09:00,16
2025-07-21,1,10:00,5
2025-07-21,1,11:00,28
2025-07-21,1,12:00,34
2025-07-21,1,13:00,13
2025-07-21,1,14:00,0
2025-07-21,1,15:00,36
2025-07-21,1,16:00,22
2025-07-21,1,17:00,00
2025-07-21,1,18:00,20
2025-07-21,1,19:00,28
2025-07-21,2,08:30,13
2025-07-21,2,09:30,14
2025-07-21,2,10:30,3
2025-07-21,2,11:30,6
2025-07-21,2,12:30,24
2025-07-21,2,13:30,8
2025-07-21,2,14:30,17
2025-07-21,2,15:30,2
2025-07-21,2,16:30,32
2025-07-21,2,17:30,21
2025-07-21,2,18:30,1
2025-07-21,2,19:30,35
2025-07-21,3,08:00,7
2025-07-21,3,09:00,18
2025-07-21,3,10:00,4
2025-07-21,3,11:00,18
2025-07-21,3,12:00,26
2025-07-21,3,13:00,23
2025-07-21,3,14:00,5
2025-07-21,3,15:00,14
2025-07-21,3,16:00,18
2025-07-21,3,17:00,13
2025-07-21,3,18:00,24
2025-07-21,3,19:00,1
2025-07-21,3,20:00,2
2025-07-21,3,21:00,19
2025-07-22,1,08:00,24
2025-07-22,1,09:00,16
2025-07-22,1,10:00,1
2025-07-22,1,11:00,3
2025-07-22,1,12:00,28
2025-07-22,1,13:00,12
2025-07-22,1,14:00,30
2025-07-22,1,15:00,00
2025-07-22,1,16:00,27
2025-07-22,1,17:00,17
2025-07-22,1,18:00,17
2025-07-22,1,19:00,31
2025-07-22,2,08:30,9
2025-07-22,2,09:30,30
2025-07-22,2,10:30,27
2025-07-22,2,11:30,34
2025-07-22,2,12:30,0
2025-07-22,2,13:30,17
2025-07-22,2,14:30,1
2025-07-22,2,15:30,36
2025-07-22,2,16:30,15
2025-07-22,2,17:30,32
2025-07-22,2,18:30,20
2025-07-22,2,19:30,5
2025-07-22,3,08:00,8
2025-07-22,3,09:00,24
2025-07-22,3,10:00,35
2025-07-22,3,11:00,1
2025-07-22,3,12:00,7
2025-07-22,3,13:00,8
2025-07-22,3,14:00,25
2025-07-22,3,15:00,14
2025-07-22,3,16:00,19
2025-07-22,3,17:00,21
2025-07-22,3,18:00,31
2025-07-22,3,19:00,11
2025-07-22,3,20:00,12
2025-07-22,3,21:00,17
2025-07-23,1,08:00,7
2025-07-23,1,09:00,00
2025-07-23,1,10:00,8
2025-07-23,1,11:00,22
2025-07-23,1,12:00,17
2025-07-23,1,13:00,15
2025-07-23,1,14:00,31
2025-07-23,1,15:00,14
2025-07-23,1,16:00,6
2025-07-23,1,17:00,10
2025-07-23,1,18:00,31
2025-07-23,1,19:00,12
2025-07-23,2,08:30,3
2025-07-23,2,09:30,8
2025-07-23,2,10:30,16
2025-07-23,2,11:30,2
2025-07-23,2,12:30,18
2025-07-23,2,13:30,35
2025-07-23,2,14:30,9
2025-07-23,2,15:30,11
2025-07-23,2,16:30,7
2025-07-23,2,17:30,36
2025-07-23,2,18:30,6
2025-07-23,2,19:30,10
2025-07-23,3,08:00,3
2025-07-23,3,09:00,30
2025-07-23,3,10:00,33
2025-07-23,3,11:00,13
2025-07-23,3,12:00,26
2025-07-23,3,13:00,18
2025-07-23,3,14:00,12
2025-07-23,3,15:00,11
2025-07-23,3,16:00,20
2025-07-23,3,17:00,13
2025-07-23,3,18:00,4
2025-07-23,3,19:00,5
2025-07-23,3,20:00,32
2025-07-23,3,21:00,16
2025-07-24,1,08:00,17
2025-07-24,1,09:00,1
2025-07-24,1,10:00,32
2025-07-24,1,11:00,22
2025-07-24,1,12:00,30
2025-07-24,1,13:00,18
2025-07-24,1,14:00,3
2025-07-24,1,15:00,34
2025-07-24,1,16:00,9
2025-07-24,1,17:00,27
2025-07-24,1,18:00,20
2025-07-24,1,19:00,8
2025-07-24,2,08:30,27
2025-07-24,2,09:30,12
2025-07-24,2,10:30,29
2025-07-24,2,11:30,5
2025-07-24,2,12:30,00
2025-07-24,2,13:30,10
2025-07-24,2,14:30,17
2025-07-24,2,15:30,5
2025-07-24,2,16:30,0
2025-07-24,2,17:30,8
2025-07-24,2,18:30,21
2025-07-24,2,19:30,14
2025-07-24,3,08:00,10
2025-07-24,3,09:00,14
2025-07-24,3,10:00,29
2025-07-24,3,11:00,28
2025-07-24,3,12:00,2
2025-07-24,3,13:00,14
2025-07-24,3,14:00,19
2025-07-24,3,15:00,13
2025-07-24,3,16:00,12
2025-07-24,3,17:00,1
2025-07-24,3,18:00,15
2025-07-24,3,19:00,34
2025-07-24,3,20:00,11
2025-07-24,3,21:00,4
2025-07-25,1,08:00,31
2025-07-25,1,09:00,30
2025-07-25,1,10:00,35
2025-07-25,1,11:00,20
2025-07-25,1,12:00,23
2025-07-25,1,13:00,9
2025-07-25,1,14:00,26
2025-07-25,1,15:00,17
2025-07-25,1,16:00,21
2025-07-25,1,17:00,16
2025-07-25,1,18:00,9
2025-07-25,1,19:00,1
2025-07-25,2,08:30,1
2025-07-25,2,09:30,10
2025-07-25,2,10:30,36
2025-07-25,2,11:30,35
2025-07-25,2,12:30,7
2025-07-25,2,13:30,0
2025-07-25,2,14:30,30
2025-07-25,2,15:30,32
2025-07-25,2,16:30,14
2025-07-25,2,17:30,11
2025-07-25,2,18:30,34
2025-07-25,2,19:30,21
2025-07-25,3,08:00,31
2025-07-25,3,09:00,31
2025-07-25,3,10:00,24
2025-07-25,3,11:00,15
2025-07-25,3,12:00,6
2025-07-25,3,13:00,27
2025-07-25,3,14:00,5
2025-07-25,3,15:00,10
2025-07-25,3,16:00,19
2025-07-25,3,17:00,36
2025-07-25,3,18:00,23
2025-07-25,3,19:00,8
2025-07-25,3,20:00,36
2025-07-25,3,21:00,33
2025-07-26,1,08:00,3
2025-07-26,1,09:00,34
2025-07-26,1,10:00,6
2025-07-26,1,11:00,13
2025-07-26,1,12:00,17
2025-07-26,1,13:00,35
2025-07-26,1,14:00,18
2025-07-26,1,15:00,7
2025-07-26,1,16:00,20
2025-07-26,1,17:00,13
2025-07-26,1,18:00,11
2025-07-26,1,19:00,26
2025-07-26,2,08:30,29
2025-07-26,2,09:30,27
2025-07-26,2,10:30,20
2025-07-26,2,11:30,3
2025-07-26,2,12:30,5
2025-07-26,2,13:30,26
2025-07-26,2,14:30,36
2025-07-26,2,15:30,30
2025-07-26,2,16:30,14
2025-07-26,2,17:30,28
2025-07-26,2,18:30,15
2025-07-26,2,19:30,32
2025-07-26,3,08:00,19
2025-07-26,3,09:00,9
2025-07-26,3,10:00,6
2025-07-26,3,11:00,19
2025-07-26,3,12:00,14
2025-07-26,3,13:00,1
2025-07-26,3,14:00,36
2025-07-26,3,15:00,36
2025-07-26,3,16:00,10
2025-07-26,3,17:00,7
2025-07-26,3,18:00,11
2025-07-26,3,19:00,9
2025-07-26,3,20:00,7
2025-07-26,3,21:00,32
2025-07-27,3,08:00,31
2025-07-27,3,09:00,2
2025-07-27,3,10:00,12
2025-07-27,3,11:00,25
2025-07-27,3,12:00,24
2025-07-27,3,13:00,31
2025-07-27,3,14:00,28
2025-07-27,3,15:00,2
2025-07-27,3,16:00,15
2025-07-27,3,17:00,25
2025-07-27,3,18:00,34
2025-07-27,3,19:00,29
2025-07-27,3,20:00,8
2025-07-27,3,21:00,27
2025-07-28,1,08:00,25
2025-07-28,1,09:00,11
2025-07-28,1,10:00,24
2025-07-28,1,11:00,4
2025-07-28,1,12:00,16
2025-07-28,1,13:00,00
2025-07-28,1,14:00,5
2025-07-28,1,15:00,30
2025-07-28,1,16:00,21
2025-07-28,1,17:00,31
2025-07-28,1,18:00,34
2025-07-28,1,19:00,8
2025-07-28,2,08:30,7
2025-07-28,2,09:30,13
2025-07-28,2,10:30,00
2025-07-28,2,11:30,20
2025-07-28,2,12:30,3
2025-07-28,2,13:30,32
2025-07-28,2,14:30,28
2025-07-28,2,15:30,36
2025-07-28,2,16:30,27
2025-07-28,2,17:30,5
2025-07-28,2,18:30,0
2025-07-28,2,19:30,30
2025-07-28,3,08:00,26
2025-07-28,3,09:00,8
2025-07-28,3,10:00,36
2025-07-28,3,11:00,4
2025-07-28,3,12:00,17
2025-07-28,3,13:00,16
2025-07-28,3,14:00,5
2025-07-28,3,15:00,21
2025-07-28,3,16:00,14
2025-07-28,3,17:00,15
2025-07-28,3,18:00,11
2025-07-28,3,19:00,20
2025-07-28,3,20:00,16
2025-07-28,3,21:00,1
2025-07-29,1,08:00,3
2025-07-29,1,09:00,16
2025-07-29,1,10:00,7
2025-07-29,1,11:00,35
2025-07-29,1,12:00,5
2025-07-29,1,13:00,27
2025-07-29,1,14:00,4
2025-07-29,1,15:00,22
2025-07-29,1,16:00,14
2025-07-29,1,17:00,0
2025-07-29,1,18:00,21
2025-07-29,1,19:00,35
2025-07-29,2,08:30,15
2025-07-29,2,09:30,2
2025-07-29,2,10:30,18
2025-07-29,2,11:30,5
2025-07-29,2,12:30,23
2025-07-29,2,13:30,20
2025-07-29,2,14:30,6
2025-07-29,2,15:30,7
2025-07-29,2,16:30,33
2025-07-29,2,17:30,32
2025-07-29,2,18:30,14
2025-07-29,2,19:30,8
2025-07-29,3,08:00,12
2025-07-29,3,09:00,22
2025-07-29,3,10:00,25
2025-07-29,3,11:00,33
2025-07-29,3,12:00,27
2025-07-29,3,13:00,8
2025-07-29,3,14:00,36
2025-07-29,3,15:00,29
2025-07-29,3,16:00,27
2025-07-29,3,17:00,22
2025-07-29,3,18:00,14
2025-07-29,3,19:00,13
2025-07-29,3,20:00,22
2025-07-29,3,21:00,35
2025-07-30,1,08:00,8
2025-07-30,1,09:00,4
2025-07-30,1,10:00,00
2025-07-30,1,11:00,1
2025-07-30,1,12:00,26
2025-07-30,1,13:00,34
2025-07-30,1,14:00,33
2025-07-30,1,15:00,36
2025-07-30,1,16:00,24
2025-07-30,1,17:00,35
2025-07-30,1,18:00,27
2025-07-30,1,19:00,16
2025-07-30,2,08:30,24
2025-07-30,2,09:30,18
2025-07-30,2,10:30,0
2025-07-30,2,11:30,36
2025-07-30,2,12:30,17
2025-07-30,2,13:30,21
2025-07-30,2,14:30,3
2025-07-30,2,15:30,8
2025-07-30,2,16:30,14
2025-07-30,2,17:30,2
2025-07-30,2,18:30,20
2025-07-30,2,19:30,25
2025-07-30,3,08:00,17
2025-07-30,3,09:00,35
2025-07-30,3,10:00,2
2025-07-30,3,11:00,13
2025-07-30,3,12:00,9
2025-07-30,3,13:00,28
2025-07-30,3,14:00,24
2025-07-30,3,15:00,4
2025-07-30,3,16:00,16
2025-07-30,3,17:00,13
2025-07-30,3,18:00,20
2025-07-30,3,19:00,34
2025-07-30,3,20:00,29
2025-07-30,3,21:00,9
2025-07-31,1,08:00,3
2025-07-31,1,09:00,26
2025-07-31,1,10:00,0
2025-07-31,1,11:00,21
2025-07-31,1,12:00,9
2025-07-31,1,13:00,24
2025-07-31,1,14:00,20
2025-07-31,1,15:00,28
2025-07-31,1,16:00,5
2025-07-31,1,17:00,00
2025-07-31,1,18:00,35
2025-07-31,1,19:00,6
2025-07-31,2,08:30,00
2025-07-31,2,09:30,10
2025-07-31,2,10:30,16
2025-07-31,2,11:30,7
2025-07-31,2,12:30,29
2025-07-31,2,13:30,30
2025-07-31,2,14:30,27
2025-07-31,2,15:30,0
2025-07-31,2,16:30,3
2025-07-31,2,17:30,14
2025-07-31,2,18:30,4
2025-07-31,2,19:30,26
2025-07-31,3,08:00,16
2025-07-31,3,09:00,27
2025-07-31,3,10:00,3
2025-07-31,3,11:00,28
2025-07-31,3,12:00,6
2025-07-31,3,13:00,16
2025-07-31,3,14:00,18
2025-07-31,3,15:00,21
2025-07-31,3,16:00,28
2025-07-31,3,17:00,29
2025-07-31,3,18:00,27
2025-07-31,3,19:00,1
2025-07-31,3,20:00,12
2025-07-31,3,21:00,34
2025-08-01,1,08:00,14
2025-08-01,1,09:00,3
2025-08-01,1,10:00,15
2025-08-01,1,11:00,26
2025-08-01,1,12:00,22
2025-08-01,1,13:00,20
2025-08-01,1,14:00,11
2025-08-01,1,15:00,16
2025-08-01,1,16:00,5
2025-08-01,1,17:00,12
2025-08-01,1,18:00,23
2025-08-01,1,19:00,22
2025-08-01,2,08:30,15
2025-08-01,2,09:30,24
2025-08-01,2,10:30,0
2025-08-01,2,11:30,5
2025-08-01,2,12:30,21
2025-08-01,2,13:30,27
2025-08-01,2,14:30,18
2025-08-01,2,15:30,23
2025-08-01,2,16:30,3
2025-08-01,2,17:30,28
2025-08-01,2,18:30,16
2025-08-01,2,19:30,1
2025-08-01,3,08:00,30
2025-08-01,3,09:00,28
2025-08-01,3,10:00,5
2025-08-01,3,11:00,6
2025-08-01,3,12:00,6
2025-08-01,3,13:00,33
2025-08-01,3,14:00,27
2025-08-01,3,15:00,17
2025-08-01,3,16:00,25
2025-08-01,3,17:00,6
2025-08-01,3,18:00,4
2025-08-01,3,19:00,00
2025-08-01,3,20:00,6
2025-08-01,3,21:00,24
2025-08-02,1,08:00,24
2025-08-02,1,09:00,15
2025-08-02,1,10:00,17
2025-08-02,1,11:00,12
2025-08-02,1,12:00,7
2025-08-02,1,13:00,9
2025-08-02,1,14:00,0
2025-08-02,1,15:00,22
2025-08-02,1,16:00,18
2025-08-02,1,17:00,16
2025-08-02,1,18:00,28
2025-08-02,1,19:00,3
2025-08-02,2,08:30,22
2025-08-02,2,09:30,29
2025-08-02,2,10:30,14
2025-08-02,2,11:30,28
2025-08-02,2,12:30,10
2025-08-02,2,13:30,15
2025-08-02,2,14:30,19
2025-08-02,2,15:30,16
2025-08-02,2,16:30,25
2025-08-02,2,17:30,23
2025-08-02,2,18:30,9
2025-08-02,2,19:30,13
2025-08-02,3,08:00,35
2025-08-02,3,09:00,28
2025-08-02,3,10:00,13
2025-08-02,3,11:00,12
2025-08-02,3,12:00,33
2025-08-02,3,13:00,2
2025-08-02,3,14:00,35
2025-08-02,3,15:00,8
2025-08-02,3,16:00,17
2025-08-02,3,17:00,35
2025-08-02,3,18:00,25
2025-08-02,3,19:00,16
2025-08-02,3,20:00,9
2025-08-02,3,21:00,35
2025-08-03,1,08:00,13
2025-08-03,1,09:00,1
2025-08-03,1,10:00,9
2025-08-03,1,11:00,30
2025-08-03,1,12:00,17
2025-08-03,1,13:00,23
2025-08-03,1,14:00,7
2025-08-03,1,15:00,8
2025-08-03,1,16:00,33
2025-08-03,1,17:00,3
2025-08-03,1,18:00,27
2025-08-03,1,19:00,26
2025-08-03,2,08:30,7
2025-08-03,2,09:30,26
2025-08-03,2,10:30,27
2025-08-03,2,11:30,13
2025-08-03,2,12:30,35
2025-08-03,2,13:30,29
2025-08-03,2,14:30,11
2025-08-03,2,15:30,19
2025-08-03,2,16:30,32
2025-08-03,2,17:30,00
2025-08-03,2,18:30,15
2025-08-03,2,19:30,36
2025-08-03,3,08:00,1
2025-08-03,3,09:00,30
2025-08-03,3,10:00,30
2025-08-03,3,11:00,29
2025-08-03,3,12:00,20
2025-08-03,3,13:00,4
2025-08-03,3,14:00,32
2025-08-03,3,15:00,4
2025-08-03,3,16:00,16
2025-08-03,3,17:00,31
2025-08-03,3,18:00,32
2025-08-03,3,19:00,2
2025-08-03,3,20:00,24
2025-08-03,3,21:00,9
2025-08-04,1,08:00,28
2025-08-04,1,09:00,24
2025-08-04,1,10:00,1
2025-08-04,1,11:00,21
2025-08-04,1,12:00,20
2025-08-04,1,13:00,27
2025-08-04,1,14:00,35
2025-08-04,1,15:00,34
2025-08-04,1,16:00,6
2025-08-04,1,17:00,20
2025-08-04,1,18:00,32
2025-08-04,1,19:00,10
2025-08-04,2,08:30,21
2025-08-04,2,09:30,22
2025-08-04,2,10:30,10
2025-08-04,2,11:30,4
2025-08-04,2,12:30,28
2025-08-04,2,13:30,9
2025-08-04,2,14:30,31
2025-08-04,2,15:30,24
2025-08-04,2,16:30,33
2025-08-04,2,17:30,8
2025-08-04,2,18:30,23
2025-08-04,2,19:30,27
2025-08-04,3,08:00,00
2025-08-04,3,09:00,14
2025-08-04,3,10:00,27
2025-08-04,3,11:00,27
2025-08-04,3,12:00,7
2025-08-04,3,13:00,33
2025-08-04,3,14:00,15
2025-08-04,3,15:00,12
2025-08-04,3,16:00,8
2025-08-04,3,17:00,15
2025-08-04,3,18:00,11
2025-08-04,3,19:00,34
2025-08-04,3,20:00,17
2025-08-04,3,21:00,20
2025-08-05,1,08:00,26
2025-08-05,1,09:00,9
2025-08-05,1,10:00,15
2025-08-05,1,11:00,33
2025-08-05,1,12:00,32
2025-08-05,1,13:00,8
2025-08-05,1,14:00,5
2025-08-05,1,15:00,12
2025-08-05,1,16:00,28
2025-08-05,1,17:00,35
2025-08-05,1,18:00,18
2025-08-05,1,19:00,24
2025-08-05,2,08:30,18
2025-08-05,2,09:30,19
2025-08-05,2,10:30,36
2025-08-05,2,11:30,34
2025-08-05,2,12:30,24
2025-08-05,2,13:30,25
2025-08-05,2,14:30,14
2025-08-05,2,15:30,33
2025-08-05,2,16:30,31
2025-08-05,2,17:30,21
2025-08-05,2,18:30,21
2025-08-05,2,19:30,9
2025-08-05,3,08:00,9
2025-08-05,3,09:00,9
2025-08-05,3,10:00,19
2025-08-05,3,11:00,36
2025-08-05,3,12:00,16
2025-08-05,3,13:00,31
2025-08-05,3,14:00,20
2025-08-05,3,15:00,22
2025-08-05,3,16:00,23
2025-08-05,3,17:00,34
2025-08-05,3,18:00,23
2025-08-05,3,19:00,20
2025-08-05,3,20:00,20
2025-08-05,3,21:00,10
2025-08-06,1,08:00,31
2025-08-06,1,09:00,0
2025-08-06,1,10:00,24
2025-08-06,1,11:00,35
2025-08-06,1,12:00,20
2025-08-06,1,13:00,34
2025-08-06,1,14:00,12
2025-08-06,1,15:00,10
2025-08-06,1,16:00,15
2025-08-06,1,17:00,00
2025-08-06,1,18:00,3
2025-08-06,1,19:00,00
2025-08-06,2,08:30,8
2025-08-06,2,09:30,34
2025-08-06,2,10:30,22
2025-08-06,2,11:30,32
2025-08-06,2,12:30,25
2025-08-06,2,13:30,13
2025-08-06,2,14:30,17
2025-08-06,2,15:30,27
2025-08-06,2,16:30,14
2025-08-06,2,17:30,29
2025-08-06,2,18:30,26
2025-08-06,2,19:30,18
2025-08-06,3,08:00,34
2025-08-06,3,09:00,11
2025-08-06,3,10:00,20
2025-08-06,3,11:00,30
2025-08-06,3,12:00,12
2025-08-06,3,13:00,8
2025-08-06,3,14:00,3
2025-08-06,3,15:00,23
2025-08-06,3,16:00,8
2025-08-06,3,17:00,10
2025-08-06,3,18:00,1
2025-08-06,3,19:00,34
2025-08-06,3,20:00,21
2025-08-06,3,21:00,0
2025-08-07,1,08:00,30
2025-08-07,1,09:00,4
2025-08-07,1,10:00,5
2025-08-07,1,11:00,31
2025-08-07,1,12:00,33
2025-08-07,1,13:00,2
2025-08-07,1,14:00,23
2025-08-07,1,15:00,21
2025-08-07,1,16:00,27
2025-08-07,1,17:00,12
2025-08-07,1,18:00,4
2025-08-07,1,19:00,10
2025-08-07,2,08:30,36
2025-08-07,2,09:30,31
2025-08-07,2,10:30,20
2025-08-07,2,11:30,25
2025-08-07,2,12:30,19
2025-08-07,2,13:30,7
2025-08-07,2,14:30,24
2025-08-07,2,15:30,33
2025-08-07,2,16:30,22
2025-08-07,2,17:30,28
2025-08-07,2,18:30,00
2025-08-07,2,19:30,9
2025-08-07,3,08:00,00
2025-08-07,3,09:00,35
2025-08-07,3,10:00,5
2025-08-07,3,11:00,27
2025-08-07,3,12:00,27
2025-08-07,3,13:00,19
2025-08-07,3,14:00,35
2025-08-07,3,15:00,11
2025-08-07,3,16:00,33
2025-08-07,3,17:00,2
2025-08-07,3,18:00,28
2025-08-07,3,19:00,4
2025-08-07,3,20:00,21
2025-08-07,3,21:00,12
2025-08-08,1,08:00,3
2025-08-08,1,09:00,31
2025-08-08,1,10:00,10
2025-08-08,1,11:00,20
2025-08-08,1,12:00,1
2025-08-08,1,13:00,12
2025-08-08,1,14:00,7
2025-08-08,1,15:00,4
2025-08-08,1,16:00,6
2025-08-08,1,17:00,14
2025-08-08,1,18:00,33
2025-08-08,1,19:00,24
2025-08-08,2,08:30,0
2025-08-08,2,09:30,29
2025-08-08,2,10:30,36
2025-08-08,2,11:30,12
2025-08-08,2,12:30,32
2025-08-08,2,13:30,19
2025-08-08,2,14:30,21
2025-08-08,2,15:30,23
2025-08-08,2,16:30,24
2025-08-08,2,17:30,1
2025-08-08,2,18:30,27
2025-08-08,2,19:30,21
2025-08-08,3,08:00,32
2025-08-08,3,09:00,27
2025-08-08,3,10:00,00
2025-08-08,3,11:00,10
2025-08-08,3,12:00,25
2025-08-08,3,13:00,00
2025-08-08,3,14:00,22
2025-08-08,3,15:00,12
2025-08-08,3,16:00,19
2025-08-08,3,17:00,4
2025-08-08,3,18:00,23
2025-08-08,3,19:00,15
2025-08-08,3,20:00,30
2025-08-08,3,21:00,34
2025-08-09,1,08:00,21
2025-08-09,1,09:00,30
2025-08-09,1,10:00,34
2025-08-09,1,11:00,33
2025-08-09,1,12:00,10
2025-08-09,1,13:00,8
2025-08-09,1,14:00,24
2025-08-09,1,15:00,25
2025-08-09,1,16:00,19
2025-08-09,1,17:00,36
2025-08-09,1,18:00,23
2025-08-09,1,19:00,33
2025-08-09,2,08:30,33
2025-08-09,2,09:30,7
2025-08-09,2,10:30,3
2025-08-09,2,11:30,32
2025-08-09,2,12:30,22
2025-08-09,2,13:30,20
2025-08-09,2,14:30,29
2025-08-09,2,15:30,2
2025-08-09,2,16:30,0
2025-08-09,2,17:30,12
2025-08-09,2,18:30,4
2025-08-09,2,19:30,27
2025-08-09,3,08:00,12
2025-08-09,3,09:00,7
2025-08-09,3,10:00,14
2025-08-09,3,11:00,17
2025-08-09,3,12:00,22
2025-08-09,3,13:00,33
2025-08-09,3,14:00,19
2025-08-09,3,15:00,2
2025-08-09,3,16:00,34
2025-08-09,3,17:00,5
2025-08-09,3,18:00,17
2025-08-09,3,19:00,8
2025-08-09,3,20:00,4
2025-08-09,3,21:00,20
2025-08-10,1,08:00,31
2025-08-10,1,09:00,5
2025-08-10,1,10:00,6
2025-08-10,1,11:00,21
2025-08-10,1,12:00,00
2025-08-10,1,13:00,30
2025-08-10,1,14:00,36
2025-08-10,1,15:00,28
2025-08-10,1,16:00,2
2025-08-10,1,17:00,25
2025-08-10,1,18:00,17
2025-08-10,1,19:00,23
2025-08-10,2,08:30,14
2025-08-10,2,09:30,34
2025-08-10,2,10:30,22
2025-08-10,2,11:30,36
2025-08-10,2,12:30,12
2025-08-10,2,13:30,17
2025-08-10,2,14:30,25
2025-08-10,2,15:30,29
2025-08-10,2,16:30,7
2025-08-10,2,17:30,00
2025-08-10,2,18:30,4
2025-08-10,2,19:30,2
2025-08-10,3,08:00,15
2025-08-10,3,09:00,15
2025-08-10,3,10:00,4
2025-08-10,3,11:00,9
2025-08-10,3,12:00,9
2025-08-10,3,13:00,22
2025-08-10,3,14:00,6
2025-08-10,3,15:00,32
2025-08-10,3,16:00,7
2025-08-10,3,17:00,29
2025-08-10,3,18:00,30
2025-08-10,3,19:00,11
2025-08-10,3,20:00,20
2025-08-10,3,21:00,34
2025-08-11,1,08:00,29
2025-08-11,1,09:00,23
2025-08-11,1,10:00,00
2025-08-11,1,11:00,13
2025-08-11,1,12:00,3
2025-08-11,1,13:00,2
2025-08-11,1,14:00,1
2025-08-11,1,15:00,16
2025-08-11,1,16:00,6
2025-08-11,1,17:00,31
2025-08-11,1,18:00,8
2025-08-11,1,19:00,21
2025-08-11,2,08:30,31
2025-08-11,2,09:30,33
2025-08-11,2,10:30,30
2025-08-11,2,11:30,7
2025-08-11,2,12:30,17
2025-08-11,2,13:30,8
2025-08-11,2,14:30,00
2025-08-11,2,15:30,21
2025-08-11,2,16:30,34
2025-08-11,2,17:30,5
2025-08-11,2,18:30,13
2025-08-11,2,19:30,0
2025-08-11,3,08:00,1
2025-08-11,3,09:00,19
2025-08-11,3,10:00,0
2025-08-11,3,11:00,9
2025-08-11,3,12:00,35
2025-08-11,3,13:00,32
2025-08-11,3,14:00,16
2025-08-11,3,15:00,34
2025-08-11,3,16:00,8
2025-08-11,3,17:00,31
2025-08-11,3,18:00,3
2025-08-11,3,19:00,4
2025-08-11,3,20:00,6
2025-08-11,3,21:00,33
2025-08-12,1,08:00,35
2025-08-12,1,09:00,16
2025-08-12,1,10:00,31
2025-08-12,1,11:00,30
2025-08-12,1,12:00,17
2025-08-12,1,13:00,00
2025-08-12,1,14:00,32
2025-08-12,1,15:00,27
2025-08-12,1,16:00,22
2025-08-12,1,17:00,9
2025-08-12,1,18:00,30
2025-08-12,1,19:00,20
2025-08-12,2,08:30,28
2025-08-12,2,09:30,22
2025-08-12,2,10:30,17
2025-08-12,2,11:30,1
2025-08-12,2,12:30,2
2025-08-12,2,13:30,35
2025-08-12,2,14:30,6
2025-08-12,2,15:30,11
2025-08-12,2,16:30,18
2025-08-12,2,17:30,16
2025-08-12,2,18:30,25
2025-08-12,2,19:30,31
2025-08-12,3,08:00,13
2025-08-12,3,09:00,4
2025-08-12,3,10:00,19
2025-08-12,3,11:00,30
2025-08-12,3,12:00,0
2025-08-12,3,13:00,5
2025-08-12,3,14:00,2
2025-08-12,3,15:00,8
2025-08-12,3,16:00,33
2025-08-12,3,17:00,12
2025-08-12,3,18:00,10
2025-08-12,3,19:00,18
2025-08-12,3,20:00,34
2025-08-12,3,21:00,11
2025-08-13,1,08:00,32
2025-08-13,1,09:00,21
2025-08-13,1,10:00,29
2025-08-13,1,11:00,5
2025-08-13,1,12:00,2
2025-08-13,1,13:00,15
2025-08-13,1,14:00,24
2025-08-13,1,15:00,23
2025-08-13,1,16:00,20
2025-08-13,1,17:00,3
2025-08-13,1,18:00,27
2025-08-13,1,19:00,23
2025-08-13,2,08:30,23
2025-08-13,2,09:30,29
2025-08-13,2,10:30,27
2025-08-13,2,11:30,2
2025-08-13,2,12:30,3
2025-08-13,2,13:30,22
2025-08-13,2,14:30,9
2025-08-13,2,15:30,17
2025-08-13,2,16:30,11
2025-08-13,2,17:30,18
2025-08-13,2,18:30,24
2025-08-13,2,19:30,19
2025-08-13,3,08:00,14
2025-08-13,3,09:00,31
2025-08-13,3,10:00,34
2025-08-13,3,11:00,20
2025-08-13,3,12:00,24
2025-08-13,3,13:00,1
2025-08-13,3,14:00,0
2025-08-13,3,15:00,8
2025-08-13,3,16:00,6
2025-08-13,3,17:00,0
2025-08-13,3,18:00,10
2025-08-13,3,19:00,12
2025-08-13,3,20:00,23
2025-08-13,3,21:00,10
2025-08-14,1,08:00,6
2025-08-14,1,09:00,23
2025-08-14,1,10:00,32
2025-08-14,1,11:00,7
2025-08-14,1,12:00,36
2025-08-14,1,13:00,5
2025-08-14,1,14:00,21
2025-08-14,1,15:00,34
2025-08-14,1,16:00,11
2025-08-14,1,17:00,7
2025-08-14,1,18:00,3
2025-08-14,1,19:00,16
2025-08-14,2,08:30,25
2025-08-14,2,09:30,13
2025-08-14,2,10:30,19
2025-08-14,2,11:30,00
2025-08-14,2,12:30,35
2025-08-14,2,13:30,0
2025-08-14,2,14:30,6
2025-08-14,2,15:30,5
2025-08-14,2,16:30,23
2025-08-14,2,17:30,33
2025-08-14,2,18:30,22
2025-08-14,2,19:30,36
2025-08-14,3,08:00,33
2025-08-14,3,09:00,4
2025-08-14,3,10:00,11
2025-08-14,3,11:00,23
2025-08-14,3,12:00,30
2025-08-14,3,13:00,8
2025-08-14,3,14:00,21
2025-08-14,3,15:00,20
2025-08-14,3,16:00,31
2025-08-14,3,17:00,24
2025-08-14,3,18:00,10
2025-08-14,3,19:00,13
2025-08-14,3,20:00,15
2025-08-14,3,21:00,1
2025-08-15,1,08:00,0
2025-08-15,1,09:00,6
2025-08-15,1,10:00,7
2025-08-15,1,11:00,12
2025-08-15,1,12:00,1
2025-08-15,1,13:00,8
2025-08-15,1,14:00,33
2025-08-15,1,15:00,17
2025-08-15,1,16:00,9
2025-08-15,1,17:00,16
2025-08-15,1,18:00,5
2025-08-15,1,19:00,9
2025-08-15,2,08:30,31
2025-08-15,2,09:30,9
2025-08-15,2,10:30,32
2025-08-15,2,11:30,28
2025-08-15,2,12:30,36
2025-08-15,2,13:30,3
2025-08-15,2,14:30,30
2025-08-15,2,15:30,23
2025-08-15,2,16:30,7
2025-08-15,2,17:30,00
2025-08-15,2,18:30,2
2025-08-15,2,19:30,19
2025-08-15,3,08:00,34
2025-08-15,3,09:00,16
2025-08-15,3,10:00,18
2025-08-15,3,11:00,34
2025-08-15,3,12:00,31
2025-08-15,3,13:00,23
2025-08-15,3,14:00,19
2025-08-15,3,15:00,32
2025-08-15,3,16:00,21
2025-08-15,3,17:00,36
2025-08-15,3,18:00,8
2025-08-15,3,19:00,0
2025-08-15,3,20:00,18
2025-08-15,3,21:00,6
2025-08-16,1,08:00,10
2025-08-16,1,09:00,7
2025-08-16,1,10:00,21
2025-08-16,1,11:00,6
2025-08-16,1,12:00,5
2025-08-16,1,13:00,00
2025-08-16,1,14:00,12
2025-08-16,1,15:00,31
2025-08-16,1,16:00,29
2025-08-16,1,17:00,17
2025-08-16,1,18:00,21
2025-08-16,1,19:00,36
2025-08-16,2,08:30,33
2025-08-16,2,09:30,29
2025-08-16,2,10:30,13
2025-08-16,2,11:30,1
2025-08-16,2,12:30,31
2025-08-16,2,13:30,36
2025-08-16,2,14:30,10
2025-08-16,2,15:30,19
2025-08-16,2,16:30,6
2025-08-16,2,17:30,15
2025-08-16,2,18:30,32
2025-08-16,2,19:30,22
2025-08-16,3,08:00,26
2025-08-16,3,09:00,2
2025-08-16,3,10:00,14
2025-08-16,3,11:00,9
2025-08-16,3,12:00,10
2025-08-16,3,13:00,11
2025-08-16,3,14:00,16
2025-08-16,3,15:00,13
2025-08-16,3,16:00,20
2025-08-16,3,17:00,30
2025-08-16,3,18:00,9
2025-08-16,3,19:00,29
2025-08-16,3,20:00,00
2025-08-16,3,21:00,12
2025-08-17,1,08:00,35
2025-08-17,1,09:00,12
2025-08-17,1,10:00,11
2025-08-17,1,11:00,20
2025-08-17,1,12:00,16
2025-08-17,1,13:00,24
2025-08-17,1,14:00,29
2025-08-17,1,15:00,10
2025-08-17,1,16:00,28
2025-08-17,1,17:00,17
2025-08-17,1,18:00,1
2025-08-17,1,19:00,22
2025-08-17,2,08:30,2
2025-08-17,2,09:30,0
2025-08-17,2,10:30,3
2025-08-17,2,11:30,21
2025-08-17,2,12:30,32
2025-08-17,2,13:30,00
2025-08-17,2,14:30,6
2025-08-17,2,15:30,4
2025-08-17,2,16:30,23
2025-08-17,2,17:30,34
2025-08-17,2,18:30,28
2025-08-17,2,19:30,24
2025-08-17,3,08:00,35
2025-08-17,3,09:00,24
2025-08-17,3,10:00,12
2025-08-17,3,11:00,15
2025-08-17,3,12:00,5
2025-08-17,3,13:00,27
2025-08-17,3,14:00,23
2025-08-17,3,15:00,16
2025-08-17,3,16:00,25
2025-08-17,3,17:00,17
2025-08-17,3,18:00,24
2025-08-17,3,19:00,15
2025-08-17,3,20:00,23
2025-08-17,3,21:00,28
2025-08-18,1,08:00,5
2025-08-18,1,09:00,7
2025-08-18,1,10:00,32
2025-08-18,1,11:00,35
2025-08-18,1,12:00,21
2025-08-18,1,13:00,1
2025-08-18,1,14:00,33
2025-08-18,1,15:00,2
2025-08-18,1,16:00,4
2025-08-18,1,17:00,31
2025-08-18,1,18:00,29
2025-08-18,1,19:00,24
2025-08-18,2,08:30,33
2025-08-18,2,09:30,12
2025-08-18,2,10:30,19
2025-08-18,2,11:30,9
2025-08-18,2,12:30,2
2025-08-18,2,13:30,7
2025-08-18,2,14:30,14
2025-08-18,2,15:30,25
2025-08-18,2,16:30,36
2025-08-18,2,17:30,16
2025-08-18,2,18:30,5
2025-08-18,2,19:30,17
2025-08-18,3,08:00,11
2025-08-18,3,09:00,0
2025-08-18,3,10:00,30
2025-08-18,3,11:00,1
2025-08-18,3,12:00,8
2025-08-18,3,13:00,30
2025-08-18,3,14:00,18
2025-08-18,3,15:00,5
2025-08-18,3,16:00,35
2025-08-18,3,17:00,7
2025-08-18,3,18:00,2
2025-08-18,3,19:00,30
2025-08-18,3,20:00,4
2025-08-18,3,21:00,26
2025-08-19,1,08:00,17
2025-08-19,1,09:00,5
2025-08-19,1,10:00,00
2025-08-19,1,11:00,20
2025-08-19,1,12:00,23
2025-08-19,1,13:00,0
2025-08-19,1,14:00,8
2025-08-19,1,15:00,9
2025-08-19,1,16:00,25
2025-08-19,1,17:00,10
2025-08-19,1,18:00,2
2025-08-19,1,19:00,24
2025-08-19,2,08:30,19
2025-08-19,2,09:30,10
2025-08-19,2,10:30,26
2025-08-19,2,11:30,16
2025-08-19,2,12:30,34
2025-08-19,2,13:30,17
2025-08-19,2,14:30,14
2025-08-19,2,15:30,32
2025-08-19,2,16:30,11
2025-08-19,2,17:30,2
2025-08-19,2,18:30,31
2025-08-19,2,19:30,35
2025-08-19,3,08:00,31
2025-08-19,3,09:00,11
2025-08-19,3,10:00,30
2025-08-19,3,11:00,20
2025-08-19,3,12:00,13
2025-08-19,3,13:00,16
2025-08-19,3,14:00,11
2025-08-19,3,15:00,31
2025-08-19,3,16:00,14
2025-08-19,3,17:00,25
2025-08-19,3,18:00,26
2025-08-19,3,19:00,30
2025-08-19,3,20:00,32
2025-08-19,3,21:00,25
2025-08-20,1,08:00,35
2025-08-20,1,09:00,33
2025-08-20,1,10:00,10
2025-08-20,1,11:00,24
2025-08-20,1,12:00,36
2025-08-20,1,13:00,29
2025-08-20,1,14:00,25
2025-08-20,1,15:00,12
2025-08-20,1,16:00,0
2025-08-20,1,17:00,13
2025-08-20,1,18:00,2
2025-08-20,1,19:00,7
2025-08-20,2,08:30,7
2025-08-20,2,09:30,16
2025-08-20,2,10:30,28
2025-08-20,2,11:30,4
2025-08-20,2,12:30,14
2025-08-20,2,13:30,13
2025-08-20,2,14:30,2
2025-08-20,2,15:30,25
2025-08-20,2,16:30,33
2025-08-20,2,17:30,5
2025-08-20,2,18:30,29
2025-08-20,2,19:30,10
2025-08-20,3,08:00,1
2025-08-20,3,09:00,12
2025-08-20,3,10:00,24
2025-08-20,3,11:00,2
2025-08-20,3,12:00,30
2025-08-20,3,13:00,12
2025-08-20,3,14:00,21
2025-08-20,3,15:00,0
2025-08-20,3,16:00,11
2025-08-20,3,17:00,3
2025-08-20,3,18:00,00
2025-08-20,3,19:00,29
2025-08-20,3,20:00,2
2025-08-20,3,21:00,1
2025-08-21,1,08:00,28
2025-08-21,1,09:00,32
2025-08-21,1,10:00,00
2025-08-21,1,11:00,7
2025-08-21,1,12:00,10
2025-08-21,1,13:00,8
2025-08-21,1,14:00,22
2025-08-21,1,15:00,20
2025-08-21,1,16:00,27
2025-08-21,1,17:00,16
2025-08-21,1,18:00,6
2025-08-21,1,19:00,20
2025-08-21,2,08:30,19
2025-08-21,2,09:30,0
2025-08-21,2,10:30,36
2025-08-21,2,11:30,25
2025-08-21,2,12:30,18
2025-08-21,2,13:30,29
2025-08-21,2,14:30,3
2025-08-21,2,15:30,28
2025-08-21,2,16:30,2
2025-08-21,2,17:30,22
2025-08-21,2,18:30,16
2025-08-21,2,19:30,30
2025-08-21,3,08:00,7
2025-08-21,3,09:00,29
2025-08-21,3,10:00,14
2025-08-21,3,11:00,5
2025-08-21,3,12:00,24
2025-08-21,3,13:00,29
2025-08-21,3,14:00,27
2025-08-21,3,15:00,3
2025-08-21,3,16:00,3
2025-08-21,3,17:00,27
2025-08-21,3,18:00,10
2025-08-21,3,19:00,5
2025-08-21,3,20:00,15
2025-08-21,3,21:00,32
2025-08-22,1,08:00,36
2025-08-22,1,09:00,10
2025-08-22,1,10:00,12
2025-08-22,1,11:00,32
2025-08-22,1,12:00,17
2025-08-22,1,13:00,29
2025-08-22,1,14:00,19
2025-08-22,1,15:00,35
2025-08-22,1,16:00,3
2025-08-22,1,17:00,31
2025-08-22,1,18:00,2
2025-08-22,1,19:00,25
2025-08-22,2,08:30,7
2025-08-22,2,09:30,4
2025-08-22,2,10:30,33
2025-08-22,2,11:30,26
2025-08-22,2,12:30,5
2025-08-22,2,13:30,9
2025-08-22,2,14:30,32
2025-08-22,2,15:30,2
2025-08-22,2,16:30,19
2025-08-22,2,17:30,6
2025-08-22,2,18:30,30
2025-08-22,2,19:30,8
2025-08-22,3,08:00,9
2025-08-22,3,09:00,12
2025-08-22,3,10:00,9
2025-08-22,3,11:00,13
2025-08-22,3,12:00,30
2025-08-22,3,13:00,25
2025-08-22,3,14:00,30
2025-08-22,3,15:00,14
2025-08-22,3,16:00,33
2025-08-22,3,17:00,18
2025-08-22,3,18:00,5
2025-08-22,3,19:00,8
2025-08-22,3,20:00,0
2025-08-22,3,21:00,4
2025-08-23,1,08:00,29
2025-08-23,1,09:00,28
2025-08-23,1,10:00,35
2025-08-23,1,11:00,26
2025-08-23,1,12:00,17
2025-08-23,1,13:00,22
2025-08-23,1,14:00,36
2025-08-23,1,15:00,13
2025-08-23,1,16:00,27
2025-08-23,1,17:00,25
2025-08-23,1,18:00,5
2025-08-23,1,19:00,1
2025-08-23,2,08:30,15
2025-08-23,2,09:30,13
2025-08-23,2,10:30,00
2025-08-23,2,11:30,34
2025-08-23,2,12:30,16
2025-08-23,2,13:30,25
2025-08-23,2,14:30,0
2025-08-23,2,15:30,10
2025-08-23,2,16:30,35
2025-08-23,2,17:30,21
2025-08-23,2,18:30,36
2025-08-23,2,19:30,29
2025-08-23,3,08:00,12
2025-08-23,3,09:00,4
2025-08-23,3,10:00,22
2025-08-23,3,11:00,23
2025-08-23,3,12:00,13
2025-08-23,3,13:00,15
2025-08-23,3,14:00,00
2025-08-23,3,15:00,20
2025-08-23,3,16:00,35
2025-08-23,3,17:00,32
2025-08-23,3,18:00,23
2025-08-23,3,19:00,31
2025-08-23,3,20:00,21
2025-08-23,3,21:00,7
2025-08-24,1,08:00,20
2025-08-24,1,09:00,29
2025-08-24,1,10:00,3
2025-08-24,1,11:00,6
2025-08-24,1,12:00,1
2025-08-24,1,13:00,31
2025-08-24,1,14:00,5
2025-08-24,1,15:00,19
2025-08-24,1,16:00,30
2025-08-24,1,17:00,21
2025-08-24,1,18:00,35
2025-08-24,1,19:00,27
2025-08-24,2,08:30,26
2025-08-24,2,09:30,4
2025-08-24,2,10:30,11
2025-08-24,2,11:30,17
2025-08-24,2,12:30,35
2025-08-24,2,13:30,18
2025-08-24,2,14:30,13
2025-08-24,2,15:30,9
2025-08-24,2,16:30,00
2025-08-24,2,17:30,31
2025-08-24,2,18:30,0
2025-08-24,2,19:30,5
2025-08-24,3,08:00,21
2025-08-24,3,09:00,35
2025-08-24,3,10:00,32
2025-08-24,3,11:00,9
2025-08-24,3,12:00,15
2025-08-24,3,13:00,17
2025-08-24,3,14:00,16
2025-08-24,3,15:00,32
2025-08-24,3,16:00,5
2025-08-24,3,17:00,20
2025-08-24,3,18:00,36
2025-08-24,3,19:00,25
2025-08-24,3,20:00,13
2025-08-24,3,21:00,2
2025-08-25,1,08:00,7
2025-08-25,1,09:00,35
2025-08-25,1,10:00,17
2025-08-25,1,11:00,10
2025-08-25,1,12:00,31
2025-08-25,1,13:00,12
2025-08-25,1,14:00,3
2025-08-25,1,15:00,2
2025-08-25,1,16:00,29
2025-08-25,1,17:00,15
2025-08-25,1,18:00,9
2025-08-25,1,19:00,11
2025-08-25,2,08:30,36
2025-08-25,2,09:30,28
2025-08-25,2,10:30,33
2025-08-25,2,11:30,26
2025-08-25,2,12:30,24
2025-08-25,2,13:30,34
2025-08-25,2,14:30,29
2025-08-25,2,15:30,31
2025-08-25,2,16:30,20
2025-08-25,2,17:30,11
2025-08-25,2,18:30,5
2025-08-25,2,19:30,17
2025-08-25,3,08:00,20
2025-08-25,3,09:00,14
2025-08-25,3,10:00,26
2025-08-25,3,11:00,16
2025-08-25,3,12:00,23
2025-08-25,3,13:00,18
2025-08-25,3,14:00,12
2025-08-25,3,15:00,16
2025-08-25,3,16:00,21
2025-08-25,3,17:00,3
2025-08-25,3,18:00,8
2025-08-25,3,19:00,6
2025-08-25,3,20:00,12
2025-08-25,3,21:00,4
2025-08-26,1,08:00,29
2025-08-26,1,09:00,9
2025-08-26,1,10:00,18
2025-08-26,1,11:00,22
2025-08-26,1,12:00,7
2025-08-26,1,13:00,33
2025-08-26,1,14:00,13
2025-08-26,1,15:00,4
2025-08-26,1,16:00,32
2025-08-26,1,17:00,36
2025-08-26,1,18:00,17
2025-08-26,1,19:00,00
2025-08-26,2,08:30,00
2025-08-26,2,09:30,14
2025-08-26,2,10:30,34
2025-08-26,2,11:30,29
2025-08-26,2,12:30,3
2025-08-26,2,13:30,20
2025-08-26,2,14:30,24
2025-08-26,2,15:30,7
2025-08-26,2,16:30,28
2025-08-26,2,17:30,31
2025-08-26,2,18:30,35
2025-08-26,2,19:30,11
2025-08-26,3,08:00,11
2025-08-26,3,09:00,32
2025-08-26,3,10:00,27
2025-08-26,3,11:00,15
2025-08-26,3,12:00,14
2025-08-26,3,13:00,34
2025-08-26,3,14:00,30
2025-08-26,3,15:00,7
2025-08-26,3,16:00,6
2025-08-26,3,17:00,25
2025-08-26,3,18:00,13
2025-08-26,3,19:00,21
2025-08-26,3,20:00,9
2025-08-26,3,21:00,23
2025-08-27,1,08:00,5
2025-08-27,1,09:00,00
2025-08-27,1,10:00,15
2025-08-27,1,11:00,32
2025-08-27,1,12:00,29
2025-08-27,1,13:00,23
2025-08-27,1,14:00,28
2025-08-27,1,15:00,19
2025-08-27,1,16:00,12
2025-08-27,1,17:00,11
2025-08-27,1,18:00,24
2025-08-27,1,19:00,00
2025-08-27,2,08:30,13
2025-08-27,2,09:30,17
2025-08-27,2,10:30,6
2025-08-27,2,11:30,19
2025-08-27,2,12:30,0
2025-08-27,2,13:30,21
2025-08-27,2,14:30,26
2025-08-27,2,15:30,33
2025-08-27,2,16:30,15
2025-08-27,2,17:30,30
2025-08-27,2,18:30,20
2025-08-27,2,19:30,34
2025-08-27,3,08:00,11
2025-08-27,3,09:00,36
2025-08-27,3,10:00,24
2025-08-27,3,11:00,16
2025-08-27,3,12:00,20
2025-08-27,3,13:00,35
2025-08-27,3,14:00,25
2025-08-27,3,15:00,34
2025-08-27,3,16:00,21
2025-08-27,3,17:00,21
2025-08-27,3,18:00,12
2025-08-27,3,19:00,15
2025-08-27,3,20:00,1
2025-08-27,3,21:00,8
2025-08-28,1,08:00,35
2025-08-28,1,09:00,22
2025-08-28,1,10:00,32
2025-08-28,1,11:00,15
2025-08-28,1,12:00,36
2025-08-28,1,13:00,13
2025-08-28,1,14:00,33
2025-08-28,1,15:00,20
2025-08-28,1,16:00,4
2025-08-28,1,17:00,11
2025-08-28,1,18:00,3
2025-08-28,1,19:00,19
2025-08-28,2,08:30,12
2025-08-28,2,09:30,33
2025-08-28,2,10:30,14
2025-08-28,2,11:30,5
2025-08-28,2,12:30,11
2025-08-28,2,13:30,22
2025-08-28,2,14:30,30
2025-08-28,2,15:30,29
2025-08-28,2,16:30,34
2025-08-28,2,17:30,36
2025-08-28,2,18:30,26
2025-08-28,2,19:30,35
2025-08-28,3,08:00,21
2025-08-28,3,09:00,16
2025-08-28,3,10:00,28
2025-08-28,3,11:00,19
2025-08-28,3,12:00,12
2025-08-28,3,13:00,32
2025-08-28,3,14:00,26
2025-08-28,3,15:00,17
2025-08-28,3,16:00,3
2025-08-28,3,17:00,7
2025-08-28,3,18:00,22
2025-08-28,3,19:00,34
2025-08-28,3,20:00,1
2025-08-28,3,21:00,29
2025-08-29,1,08:00,12
2025-08-29,1,09:00,15
2025-08-29,1,10:00,5
2025-08-29,1,11:00,13
2025-08-29,1,12:00,6
2025-08-29,1,13:00,33
2025-08-29,1,14:00,26
2025-08-29,1,15:00,29
2025-08-29,1,16:00,20
2025-08-29,1,17:00,31
2025-08-29,1,18:00,6
2025-08-29,1,19:00,10
2025-08-29,2,08:30,20
2025-08-29,2,09:30,11
2025-08-29,2,10:30,25
2025-08-29,2,11:30,36
2025-08-29,2,12:30,23
2025-08-29,2,13:30,5
2025-08-29,2,14:30,15
2025-08-29,2,15:30,18
2025-08-29,2,16:30,33
2025-08-29,2,17:30,28
2025-08-29,2,18:30,30
2025-08-29,2,19:30,9
2025-08-29,3,08:00,30
2025-08-29,3,09:00,5
2025-08-29,3,10:00,0
2025-08-29,3,11:00,24
2025-08-29,3,12:00,35
2025-08-29,3,13:00,5
2025-08-29,3,14:00,23
2025-08-29,3,15:00,22
2025-08-29,3,16:00,23
2025-08-29,3,17:00,8
2025-08-29,3,18:00,28
2025-08-29,3,19:00,22
2025-08-29,3,20:00,19
2025-08-29,3,21:00,30
2025-08-30,1,08:00,4
2025-08-30,1,09:00,29
2025-08-30,1,10:00,12
2025-08-30,1,11:00,19
2025-08-30,1,12:00,11
2025-08-30,1,13:00,35
2025-08-30,1,14:00,6
2025-08-30,1,15:00,25
2025-08-30,1,16:00,18
2025-08-30,1,17:00,17
2025-08-30,1,18:00,13
2025-08-30,1,19:00,1
2025-08-30,2,08:30,0
2025-08-30,2,09:30,12
2025-08-30,2,10:30,6
2025-08-30,2,11:30,20
2025-08-30,2,12:30,34
2025-08-30,2,13:30,18
2025-08-30,2,14:30,8
2025-08-30,2,15:30,19
2025-08-30,2,16:30,13
2025-08-30,2,17:30,7
2025-08-30,2,18:30,26
2025-08-30,2,19:30,14
2025-08-30,3,08:00,3
2025-08-30,3,09:00,2
2025-08-30,3,10:00,3
2025-08-30,3,11:00,12
2025-08-30,3,12:00,32
2025-08-30,3,13:00,14
2025-08-30,3,14:00,20
2025-08-30,3,15:00,31
2025-08-30,3,16:00,00
2025-08-30,3,17:00,27
2025-08-30,3,18:00,35
2025-08-30,3,19:00,15
2025-08-30,3,20:00,0
2025-08-30,3,21:00,0
2025-08-31,1,08:00,36
2025-08-31,1,09:00,5
2025-08-31,1,10:00,32
2025-08-31,1,11:00,6
2025-08-31,1,12:00,28
2025-08-31,1,13:00,29
2025-08-31,1,14:00,2
2025-08-31,1,15:00,18
2025-08-31,1,16:00,1
2025-08-31,1,17:00,21
2025-08-31,1,18:00,0
2025-08-31,1,19:00,19
2025-08-31,2,08:30,25
2025-08-31,2,09:30,17
2025-08-31,2,10:30,20
2025-08-31,2,11:30,16
2025-08-31,2,12:30,34
2025-08-31,2,13:30,27
2025-08-31,2,14:30,5
2025-08-31,2,15:30,21
2025-08-31,2,16:30,30
2025-08-31,2,17:30,35
2025-08-31,2,18:30,26
2025-08-31,2,19:30,17
2025-08-31,3,08:00,4
2025-08-31,3,09:00,31
2025-08-31,3,10:00,0
2025-08-31,3,11:00,32
2025-08-31,3,12:00,11
2025-08-31,3,13:00,22
2025-08-31,3,14:00,9
2025-08-31,3,15:00,36
2025-08-31,3,16:00,18
2025-08-31,3,17:00,30
2025-08-31,3,18:00,4
2025-08-31,3,19:00,23
2025-08-31,3,20:00,36
2025-08-31,3,21:00,28
2025-09-01,1,08:00,25
2025-09-01,1,09:00,36
2025-09-01,1,10:00,22
2025-09-01,1,11:00,33
2025-09-01,1,12:00,31
2025-09-01,1,13:00,34
2025-09-01,1,14:00,20
2025-09-01,1,15:00,26
2025-09-01,1,16:00,9
2025-09-01,1,17:00,13
2025-09-01,1,18:00,29
2025-09-01,1,19:00,17
2025-09-01,2,08:30,0
2025-09-01,2,09:30,6
2025-09-01,2,10:30,36
2025-09-01,2,11:30,17
2025-09-01,2,12:30,14
2025-09-01,2,13:30,35
2025-09-01,2,14:30,4
2025-09-01,2,15:30,8
2025-09-01,2,16:30,26
2025-09-01,2,17:30,5
2025-09-01,2,18:30,12
2025-09-01,2,19:30,25
2025-09-01,3,08:00,23
2025-09-01,3,09:00,4
2025-09-01,3,10:00,4
2025-09-01,3,11:00,8
2025-09-01,3,12:00,23
2025-09-01,3,13:00,0
2025-09-01,3,14:00,32
2025-09-01,3,15:00,33
2025-09-01,3,16:00,5
2025-09-01,3,17:00,1
2025-09-01,3,18:00,19
2025-09-01,3,19:00,14
2025-09-01,3,20:00,15
2025-09-01,3,21:00,20
2025-09-02,1,08:00,22
2025-09-02,1,09:00,10
2025-09-02,1,10:00,7
2025-09-02,1,11:00,26
2025-09-02,1,12:00,13
2025-09-02,1,13:00,5
2025-09-02,1,14:00,1
2025-09-02,1,15:00,17
2025-09-02,1,16:00,15
2025-09-02,1,17:00,30
2025-09-02,1,18:00,20
2025-09-02,1,19:00,33
2025-09-02,2,08:30,30
2025-09-02,2,09:30,13
2025-09-02,2,10:30,28
2025-09-02,2,11:30,12
2025-09-02,2,12:30,1
2025-09-02,2,13:30,6
2025-09-02,2,14:30,27
2025-09-02,2,15:30,4
2025-09-02,2,16:30,3
2025-09-02,2,17:30,25
2025-09-02,2,18:30,33
2025-09-02,2,19:30,29
2025-09-02,3,08:00,36
2025-09-02,3,09:00,3
2025-09-02,3,10:00,25
2025-09-02,3,11:00,35
2025-09-02,3,12:00,0
2025-09-02,3,13:00,33
2025-09-02,3,14:00,17
2025-09-02,3,15:00,36
2025-09-02,3,16:00,00
2025-09-02,3,17:00,33
2025-09-02,3,18:00,29
2025-09-02,3,19:00,30
2025-09-02,3,20:00,25
2025-09-02,3,21:00,10
2025-09-03,1,08:00,29
2025-09-03,1,09:00,1
2025-09-03,1,10:00,9
2025-09-03,1,11:00,31
2025-09-03,1,12:00,7
2025-09-03,1,13:00,25
2025-09-03,1,14:00,20
2025-09-03,1,15:00,24
2025-09-03,1,16:00,4
2025-09-03,1,17:00,23
2025-09-03,1,18:00,3
2025-09-03,1,19:00,23
2025-09-03,2,08:30,17
2025-09-03,2,09:30,32
2025-09-03,2,10:30,25
2025-09-03,2,11:30,23
2025-09-03,2,12:30,14
2025-09-03,2,13:30,24
2025-09-03,2,14:30,16
2025-09-03,2,15:30,26
2025-09-03,2,16:30,00
2025-09-03,2,17:30,19
2025-09-03,2,18:30,7
2025-09-03,2,19:30,6
2025-09-03,3,08:00,1
2025-09-03,3,09:00,30
2025-09-03,3,10:00,15
2025-09-03,3,11:00,0
2025-09-03,3,12:00,00
2025-09-03,3,13:00,15
2025-09-03,3,14:00,29
2025-09-03,3,15:00,11
2025-09-03,3,16:00,30
2025-09-03,3,17:00,17
2025-09-03,3,18:00,18
2025-09-03,3,19:00,15
2025-09-03,3,20:00,26
2025-09-03,3,21:00,21
2025-09-04,1,08:00,28
2025-09-04,1,09:00,3
2025-09-04,1,10:00,26
2025-09-04,1,11:00,7
2025-09-04,1,12:00,29
2025-09-04,1,13:00,16
2025-09-04,1,14:00,15
2025-09-04,1,15:00,4
2025-09-04,1,16:00,11
2025-09-04,1,17:00,19
2025-09-04,1,18:00,18
2025-09-04,1,19:00,22
2025-09-04,2,08:30,30
2025-09-04,2,09:30,6
2025-09-04,2,10:30,16
2025-09-04,2,11:30,18
2025-09-04,2,12:30,3
2025-09-04,2,13:30,26
2025-09-04,2,14:30,10
2025-09-04,2,15:30,24
2025-09-04,2,16:30,23
2025-09-04,2,17:30,31
2025-09-04,2,18:30,00
2025-09-04,2,19:30,21
2025-09-04,3,08:00,32
2025-09-04,3,09:00,5
2025-09-04,3,10:00,35
2025-09-04,3,11:00,7
2025-09-04,3,12:00,21
2025-09-04,3,13:00,1
2025-09-04,3,14:00,28
2025-09-04,3,15:00,22
2025-09-04,3,16:00,33
2025-09-04,3,17:00,24
2025-09-04,3,18:00,27
2025-09-04,3,19:00,10
2025-09-04,3,20:00,9
2025-09-04,3,21:00,3
2025-09-05,1,08:00,17
2025-09-05,1,09:00,22
2025-09-05,1,10:00,3
2025-09-05,1,11:00,24
2025-09-05,1,12:00,13
2025-09-05,1,13:00,11
2025-09-05,1,14:00,10
2025-09-05,1,15:00,18
2025-09-05,1,16:00,33
2025-09-05,1,17:00,36
2025-09-05,1,18:00,25
2025-09-05,1,19:00,19
2025-09-05,2,08:30,28
2025-09-05,2,09:30,32
2025-09-05,2,10:30,2
2025-09-05,2,11:30,27
2025-09-05,2,12:30,00
2025-09-05,2,13:30,1
2025-09-05,2,14:30,0
2025-09-05,2,15:30,7
2025-09-05,2,16:30,15
2025-09-05,2,17:30,11
2025-09-05,2,18:30,16
2025-09-05,2,19:30,6
2025-09-05,3,08:00,29
2025-09-05,3,09:00,3
2025-09-05,3,10:00,24
2025-09-05,3,11:00,29
2025-09-05,3,12:00,33
2025-09-05,3,13:00,3
2025-09-05,3,14:00,23
2025-09-05,3,15:00,2
2025-09-05,3,16:00,29
2025-09-05,3,17:00,15
2025-09-05,3,18:00,3
2025-09-05,3,19:00,3
2025-09-05,3,20:00,30
2025-09-05,3,21:00,5
2025-09-06,1,08:00,32
2025-09-06,1,09:00,11
2025-09-06,1,10:00,26
2025-09-06,1,11:00,18
2025-09-06,1,12:00,1
2025-09-06,1,13:00,30
2025-09-06,1,14:00,31
2025-09-06,1,15:00,16
2025-09-06,1,16:00,22
2025-09-06,1,17:00,13
2025-09-06,1,18:00,2
2025-09-06,1,19:00,3
2025-09-06,2,08:30,31
2025-09-06,2,09:30,0
2025-09-06,2,10:30,29
2025-09-06,2,11:30,4
2025-09-06,2,12:30,25
2025-09-06,2,13:30,32
2025-09-06,2,14:30,3
2025-09-06,2,15:30,1
2025-09-06,2,16:30,7
2025-09-06,2,17:30,24
2025-09-06,2,18:30,28
2025-09-06,2,19:30,32
2025-09-06,3,08:00,29
2025-09-06,3,09:00,19
2025-09-06,3,10:00,12
2025-09-06,3,11:00,26
2025-09-06,3,12:00,11
2025-09-06,3,13:00,0
2025-09-06,3,14:00,17
2025-09-06,3,15:00,33
2025-09-06,3,16:00,30
2025-09-06,3,17:00,26
2025-09-06,3,18:00,20
2025-09-06,3,19:00,28
2025-09-06,3,20:00,8
2025-09-06,3,21:00,13
2025-09-07,1,08:00,1
2025-09-07,1,09:00,36
2025-09-07,1,10:00,23
2025-09-07,1,11:00,16
2025-09-07,1,12:00,19
2025-09-07,1,13:00,22
2025-09-07,1,14:00,12
2025-09-07,1,15:00,20
2025-09-07,1,16:00,35
2025-09-07,1,17:00,13
2025-09-07,1,18:00,15
2025-09-07,1,19:00,5
2025-09-07,2,08:30,33
2025-09-07,2,09:30,5
2025-09-07,2,10:30,2
2025-09-07,2,11:30,11
2025-09-07,2,12:30,0
2025-09-07,2,13:30,35
2025-09-07,2,14:30,30
2025-09-07,2,15:30,23
2025-09-07,2,16:30,1
2025-09-07,2,17:30,34
2025-09-07,2,18:30,31
2025-09-07,2,19:30,18
2025-09-07,3,08:00,1
2025-09-07,3,09:00,7
2025-09-07,3,10:00,3
2025-09-07,3,11:00,8
2025-09-07,3,12:00,21
2025-09-07,3,13:00,2
2025-09-07,3,14:00,10
2025-09-07,3,15:00,34
2025-09-07,3,16:00,4
2025-09-07,3,17:00,31
2025-09-07,3,18:00,29
2025-09-07,3,19:00,26
2025-09-07,3,20:00,5
2025-09-07,3,21:00,32
2025-09-08,1,08:00,26
2025-09-08,1,09:00,3
2025-09-08,1,10:00,34
2025-09-08,1,11:00,29
2025-09-08,1,12:00,32
2025-09-08,1,13:00,30
2025-09-08,1,14:00,33
2025-09-08,1,15:00,27
2025-09-08,1,16:00,2
2025-09-08,1,17:00,18
2025-09-08,1,18:00,36
2025-09-08,1,19:00,32
2025-09-08,2,08:30,21
2025-09-08,2,09:30,22
2025-09-08,2,10:30,23
2025-09-08,2,11:30,25
2025-09-08,2,12:30,9
2025-09-08,2,13:30,13
2025-09-08,2,14:30,26
2025-09-08,2,15:30,19
2025-09-08,2,16:30,10
2025-09-08,2,17:30,17
2025-09-08,2,18:30,16
2025-09-08,2,19:30,33
2025-09-08,3,08:00,12
2025-09-08,3,09:00,34
2025-09-08,3,10:00,1
2025-09-08,3,11:00,23
2025-09-08,3,12:00,21
2025-09-08,3,13:00,30
2025-09-08,3,14:00,30
2025-09-08,3,15:00,30
2025-09-08,3,16:00,0
2025-09-08,3,17:00,00
2025-09-08,3,18:00,20
2025-09-08,3,19:00,28
2025-09-08,3,20:00,23
2025-09-08,3,21:00,28
2025-09-09,1,08:00,5
2025-09-09,1,09:00,11
2025-09-09,1,10:00,26
2025-09-09,1,11:00,21
2025-09-09,1,12:00,34
2025-09-09,1,13:00,23
2025-09-09,1,14:00,24
2025-09-09,1,15:00,12
2025-09-09,1,16:00,25
2025-09-09,1,17:00,1
2025-09-09,1,18:00,18
2025-09-09,1,19:00,2
2025-09-09,2,08:30,30
2025-09-09,2,09:30,14
2025-09-09,2,10:30,33
2025-09-09,2,11:30,4
2025-09-09,2,12:30,9
2025-09-09,2,13:30,17
2025-09-09,2,14:30,21
2025-09-09,2,15:30,27
2025-09-09,2,16:30,35
2025-09-09,2,17:30,23
2025-09-09,2,18:30,25
2025-09-09,2,19:30,0
2025-09-09,3,08:00,8
2025-09-09,3,09:00,16
2025-09-09,3,10:00,11
2025-09-09,3,11:00,10
2025-09-09,3,12:00,15
2025-09-09,3,13:00,19
2025-09-09,3,14:00,6
2025-09-09,3,15:00,00
2025-09-09,3,16:00,16
2025-09-09,3,17:00,32
2025-09-09,3,18:00,1
2025-09-09,3,19:00,14
2025-09-09,3,20:00,19
2025-09-09,3,21:00,34
2025-09-10,1,08:00,21
2025-09-10,1,09:00,33
2025-09-10,1,10:00,36
2025-09-10,1,11:00,34
2025-09-10,1,12:00,9
2025-09-10,1,13:00,22
2025-09-10,1,14:00,7
2025-09-10,1,15:00,31
2025-09-10,1,16:00,28
2025-09-10,1,17:00,6
2025-09-10,1,18:00,28
2025-09-10,1,19:00,30
2025-09-10,2,08:30,22
2025-09-10,2,09:30,6
2025-09-10,2,10:30,14
2025-09-10,2,11:30,10
2025-09-10,2,12:30,30
2025-09-10,2,13:30,7
2025-09-10,2,14:30,23
2025-09-10,2,15:30,2
2025-09-10,2,16:30,34
2025-09-10,2,17:30,3
2025-09-10,2,18:30,31
2025-09-10,2,19:30,19
2025-09-10,3,08:00,32
2025-09-10,3,09:00,13
2025-09-10,3,10:00,13
2025-09-10,3,11:00,9
2025-09-10,3,12:00,27
2025-09-10,3,13:00,0
2025-09-10,3,14:00,33
2025-09-10,3,15:00,35
2025-09-10,3,16:00,15
2025-09-10,3,17:00,7
2025-09-10,3,18:00,11
2025-09-10,3,19:00,10
2025-09-10,3,20:00,19
2025-09-10,3,21:00,20
2025-09-11,1,08:00,26
2025-09-11,1,09:00,30
2025-09-11,1,10:00,25
2025-09-11,1,11:00,18
2025-09-11,1,12:00,5
2025-09-11,1,13:00,9
2025-09-11,1,14:00,4
2025-09-11,1,15:00,28
2025-09-11,1,16:00,24
2025-09-11,1,17:00,34
2025-09-11,1,18:00,7
2025-09-11,1,19:00,15
2025-09-11,2,08:30,00
2025-09-11,2,09:30,9
2025-09-11,2,10:30,34
2025-09-11,2,11:30,35
2025-09-11,2,12:30,36
2025-09-11,2,13:30,16
2025-09-11,2,14:30,27
2025-09-11,2,15:30,11
2025-09-11,2,16:30,13
2025-09-11,2,17:30,5
2025-09-11,2,18:30,4
2025-09-11,2,19:30,30
2025-09-11,3,08:00,8
2025-09-11,3,09:00,22
2025-09-11,3,10:00,0
2025-09-11,3,11:00,18
2025-09-11,3,12:00,33
2025-09-11,3,13:00,1
2025-09-11,3,14:00,23
2025-09-11,3,15:00,9
2025-09-11,3,16:00,15
2025-09-11,3,17:00,35
2025-09-11,3,18:00,22
2025-09-11,3,19:00,6
2025-09-11,3,20:00,0
2025-09-11,3,21:00,7
2025-09-12,1,08:00,19
2025-09-12,1,09:00,16
2025-09-12,1,10:00,29
2025-09-12,1,11:00,15
2025-09-12,1,12:00,24
2025-09-12,1,13:00,5
2025-09-12,1,14:00,32
2025-09-12,1,15:00,2
2025-09-12,1,16:00,28
2025-09-12,1,17:00,1
2025-09-12,1,18:00,23
2025-09-12,1,19:00,1
2025-09-12,2,08:30,6
2025-09-12,2,09:30,13
2025-09-12,2,10:30,0
2025-09-12,2,11:30,5
2025-09-12,2,12:30,28
2025-09-12,2,13:30,21
2025-09-12,2,14:30,16
2025-09-12,2,15:30,23
2025-09-12,2,16:30,29
2025-09-12,2,17:30,24
2025-09-12,2,18:30,19
2025-09-12,2,19:30,4
2025-09-12,3,08:00,4
2025-09-12,3,09:00,22
2025-09-12,3,10:00,25
2025-09-12,3,11:00,00
2025-09-12,3,12:00,22
2025-09-12,3,13:00,5
2025-09-12,3,14:00,20
2025-09-12,3,15:00,33
2025-09-12,3,16:00,23
2025-09-12,3,17:00,32
2025-09-12,3,18:00,29
2025-09-12,3,19:00,34
2025-09-12,3,20:00,23
2025-09-12,3,21:00,00
2025-09-13,1,08:00,9
2025-09-13,1,09:00,26
2025-09-13,1,10:00,4
2025-09-13,1,11:00,29
2025-09-13,1,12:00,1
2025-09-13,1,13:00,21
2025-09-13,1,14:00,24
2025-09-13,1,15:00,31
2025-09-13,1,16:00,15
2025-09-13,1,17:00,32
2025-09-13,1,18:00,33
2025-09-13,1,19:00,20
2025-09-13,2,08:30,7
2025-09-13,2,09:30,18
2025-09-13,2,10:30,0
2025-09-13,2,11:30,30
2025-09-13,2,12:30,34
2025-09-13,2,13:30,31
2025-09-13,2,14:30,8
2025-09-13,2,15:30,23
2025-09-13,2,16:30,17
2025-09-13,2,17:30,13
2025-09-13,2,18:30,5
2025-09-13,2,19:30,33
2025-09-13,3,08:00,21
2025-09-13,3,09:00,9
2025-09-13,3,10:00,21
2025-09-13,3,11:00,2
2025-09-13,3,12:00,21
2025-09-13,3,13:00,32
2025-09-13,3,14:00,19
2025-09-13,3,15:00,11
2025-09-13,3,16:00,18
2025-09-13,3,17:00,35
2025-09-13,3,18:00,25
2025-09-13,3,19:00,18
2025-09-13,3,20:00,34
2025-09-13,3,21:00,23
2025-09-14,1,08:00,30
2025-09-14,1,09:00,32
2025-09-14,1,10:00,26
2025-09-14,1,11:00,16
2025-09-14,1,12:00,22
2025-09-14,1,13:00,15
2025-09-14,1,14:00,36
2025-09-14,1,15:00,10
2025-09-14,1,16:00,23
2025-09-14,1,17:00,31
2025-09-14,1,18:00,9
2025-09-14,1,19:00,29
2025-09-14,2,08:30,9
2025-09-14,2,09:30,00
2025-09-14,2,10:30,10
2025-09-14,2,11:30,8
2025-09-14,2,12:30,24
2025-09-14,2,13:30,28
2025-09-14,2,14:30,30
2025-09-14,2,15:30,16
2025-09-14,2,16:30,31
2025-09-14,2,17:30,0
2025-09-14,2,18:30,19
2025-09-14,2,19:30,00
2025-09-14,3,08:00,19
2025-09-14,3,09:00,16
2025-09-14,3,10:00,30
2025-09-14,3,11:00,34
2025-09-14,3,12:00,19
2025-09-14,3,13:00,31
2025-09-14,3,14:00,32
2025-09-14,3,15:00,29
2025-09-14,3,16:00,29
2025-09-14,3,17:00,22
2025-09-14,3,18:00,8
2025-09-14,3,19:00,11
2025-09-14,3,20:00,4
2025-09-14,3,21:00,21
2025-09-15,1,08:00,4
2025-09-15,1,09:00,30
2025-09-15,1,10:00,14
2025-09-15,1,11:00,8
2025-09-15,1,12:00,2
2025-09-15,1,13:00,15
2025-09-15,1,14:00,20
2025-09-15,1,15:00,9
2025-09-15,1,16:00,23
2025-09-15,1,17:00,21
2025-09-15,1,18:00,28
2025-09-15,1,19:00,36
2025-09-15,2,08:30,17
2025-09-15,2,09:30,35
2025-09-15,2,10:30,36
2025-09-15,2,11:30,00
2025-09-15,2,12:30,3
2025-09-15,2,13:30,22
2025-09-15,2,14:30,8
2025-09-15,2,15:30,7
2025-09-15,2,16:30,29
2025-09-15,2,17:30,33
2025-09-15,2,18:30,2
2025-09-15,2,19:30,18
2025-09-15,3,08:00,9
2025-09-15,3,09:00,6
2025-09-15,3,10:00,6
2025-09-15,3,11:00,7
2025-09-15,3,12:00,20
2025-09-15,3,13:00,35
2025-09-15,3,14:00,11
2025-09-15,3,15:00,0
2025-09-15,3,16:00,18
2025-09-15,3,17:00,28
2025-09-15,3,18:00,32
2025-09-15,3,19:00,31
2025-09-15,3,20:00,7
2025-09-15,3,21:00,7
2025-09-16,1,08:00,15
2025-09-16,1,09:00,19
2025-09-16,1,10:00,23
2025-09-16,1,11:00,31
2025-09-16,1,12:00,4
2025-09-16,1,13:00,2
2025-09-16,1,14:00,10
2025-09-16,1,15:00,17
2025-09-16,1,16:00,13
2025-09-16,1,17:00,12
2025-09-16,1,18:00,6
2025-09-16,1,19:00,2
2025-09-16,2,08:30,4
2025-09-16,2,09:30,35
2025-09-16,2,10:30,9
2025-09-16,2,11:30,21
2025-09-16,2,12:30,5
2025-09-16,2,13:30,34
2025-09-16,2,14:30,8
2025-09-16,2,15:30,0
2025-09-16,2,16:30,27
2025-09-16,2,17:30,17
2025-09-16,2,18:30,2
2025-09-16,2,19:30,00
2025-09-16,3,08:00,12
2025-09-16,3,09:00,2
2025-09-16,3,10:00,30
2025-09-16,3,11:00,29
2025-09-16,3,12:00,31
2025-09-16,3,13:00,4
2025-09-16,3,14:00,18
2025-09-16,3,15:00,11
2025-09-16,3,16:00,2
2025-09-16,3,17:00,8
2025-09-16,3,18:00,22
2025-09-16,3,19:00,00
2025-09-16,3,20:00,13
2025-09-16,3,21:00,33
2025-09-17,1,08:00,18
2025-09-17,1,09:00,4
2025-09-17,1,10:00,6
2025-09-17,1,11:00,1
2025-09-17,1,12:00,8
2025-09-17,1,13:00,32
2025-09-17,1,14:00,7
2025-09-17,1,15:00,26
2025-09-17,1,16:00,10
2025-09-17,1,17:00,19
2025-09-17,1,18:00,26
2025-09-17,1,19:00,15
2025-09-17,2,08:30,3
2025-09-17,2,09:30,34
2025-09-17,2,10:30,15
2025-09-17,2,11:30,0
2025-09-17,2,12:30,19
2025-09-17,2,13:30,5
2025-09-17,2,14:30,12
2025-09-17,2,15:30,27
2025-09-17,2,16:30,9
2025-09-17,2,17:30,8
2025-09-17,2,18:30,6
2025-09-17,2,19:30,13
2025-09-17,3,08:00,0
2025-09-17,3,09:00,24
2025-09-17,3,10:00,2
2025-09-17,3,11:00,12
2025-09-17,3,12:00,34
2025-09-17,3,13:00,25
2025-09-17,3,14:00,6
2025-09-17,3,15:00,9
2025-09-17,3,16:00,00
2025-09-17,3,17:00,27
2025-09-17,3,18:00,21
2025-09-17,3,19:00,11
2025-09-17,3,20:00,26
2025-09-17,3,21:00,18
2025-09-18,1,08:00,32
2025-09-18,1,09:00,12
2025-09-18,1,10:00,4
2025-09-18,1,11:00,18
2025-09-18,1,12:00,00
2025-09-18,1,13:00,19
2025-09-18,1,14:00,35
2025-09-18,1,15:00,5
2025-09-18,1,16:00,7
2025-09-18,1,17:00,28
2025-09-18,1,18:00,30
2025-09-18,1,19:00,16
2025-09-18,2,08:30,23
2025-09-18,2,09:30,19
2025-09-18,2,10:30,2
2025-09-18,2,11:30,4
2025-09-18,2,12:30,24
2025-09-18,2,13:30,7
2025-09-18,2,14:30,3
2025-09-18,2,15:30,35
2025-09-18,2,16:30,30
2025-09-18,2,17:30,13
2025-09-18,2,18:30,21
2025-09-18,2,19:30,10
2025-09-18,3,08:00,34
2025-09-18,3,09:00,4
2025-09-18,3,10:00,30
2025-09-18,3,11:00,32
2025-09-18,3,12:00,00
2025-09-18,3,13:00,19
2025-09-18,3,14:00,30
2025-09-18,3,15:00,15
2025-09-18,3,16:00,22
2025-09-18,3,17:00,17
2025-09-18,3,18:00,32
2025-09-18,3,19:00,33
2025-09-18,3,20:00,13
2025-09-18,3,21:00,29
2025-09-19,1,08:00,30
2025-09-19,1,09:00,22
2025-09-19,1,10:00,35
2025-09-19,1,11:00,12
2025-09-19,1,12:00,27
2025-09-19,1,13:00,26
2025-09-19,1,14:00,18
2025-09-19,1,15:00,34
2025-09-19,1,16:00,25
2025-09-19,1,17:00,0
2025-09-19,1,18:00,10
2025-09-19,1,19:00,26
2025-09-19,2,08:30,34
2025-09-19,2,09:30,17
2025-09-19,2,10:30,12
2025-09-19,2,11:30,14
2025-09-19,2,12:30,00
2025-09-19,2,13:30,0
2025-09-19,2,14:30,1
2025-09-19,2,15:30,9
2025-09-19,2,16:30,4
2025-09-19,2,17:30,5
2025-09-19,2,18:30,30
2025-09-19,2,19:30,18
2025-09-19,3,08:00,1
2025-09-19,3,09:00,24
2025-09-19,3,10:00,23
2025-09-19,3,11:00,26
2025-09-19,3,12:00,33
2025-09-19,3,13:00,23
2025-09-19,3,14:00,12
2025-09-19,3,15:00,25
2025-09-19,3,16:00,16
2025-09-19,3,17:00,31
2025-09-19,3,18:00,5
2025-09-19,3,19:00,24
2025-09-19,3,20:00,1
2025-09-19,3,21:00,17
2025-09-20,1,08:00,8
2025-09-20,1,09:00,15
2025-09-20,1,10:00,35
2025-09-20,1,11:00,27
2025-09-20,1,12:00,30
2025-09-20,1,13:00,28
2025-09-20,1,14:00,12
2025-09-20,1,15:00,17
2025-09-20,1,16:00,36
2025-09-20,1,17:00,14
2025-09-20,1,18:00,19
2025-09-20,1,19:00,6
2025-09-20,2,08:30,3
2025-09-20,2,09:30,6
2025-09-20,2,10:30,12
2025-09-20,2,11:30,23
2025-09-20,2,12:30,31
2025-09-20,2,13:30,18
2025-09-20,2,14:30,11
2025-09-20,2,15:30,30
2025-09-20,2,16:30,1
2025-09-20,2,17:30,15
2025-09-20,2,18:30,00
2025-09-20,2,19:30,34
2025-09-20,3,08:00,16
2025-09-20,3,09:00,23
2025-09-20,3,10:00,36
2025-09-20,3,11:00,9
2025-09-20,3,12:00,3
2025-09-20,3,13:00,12
2025-09-20,3,14:00,29
2025-09-20,3,15:00,4
2025-09-20,3,16:00,19
2025-09-20,3,17:00,33
2025-09-20,3,18:00,24
2025-09-20,3,19:00,16
2025-09-20,3,20:00,36
2025-09-20,3,21:00,36
2025-09-21,1,08:00,1
2025-09-21,1,09:00,15
2025-09-21,1,10:00,8
2025-09-21,1,11:00,7
2025-09-21,1,12:00,30
2025-09-21,1,13:00,19
2025-09-21,1,14:00,13
2025-09-21,1,15:00,6
2025-09-21,1,16:00,0
2025-09-21,1,17:00,5
2025-09-21,1,18:00,31
2025-09-21,1,19:00,28
2025-09-21,2,08:30,4
2025-09-21,2,09:30,30
2025-09-21,2,10:30,24
2025-09-21,2,11:30,5
2025-09-21,2,12:30,3
2025-09-21,2,13:30,29
2025-09-21,2,14:30,31
2025-09-21,2,15:30,21
2025-09-21,2,16:30,00
2025-09-21,2,17:30,1
2025-09-21,2,18:30,13
2025-09-21,2,19:30,9
2025-09-21,3,08:00,10
2025-09-21,3,09:00,12
2025-09-21,3,10:00,8
2025-09-21,3,11:00,6
2025-09-21,3,12:00,28
2025-09-21,3,13:00,25
2025-09-21,3,14:00,24
2025-09-21,3,15:00,26
2025-09-21,3,16:00,00
2025-09-21,3,17:00,25
2025-09-21,3,18:00,14
2025-09-21,3,19:00,9
2025-09-21,3,20:00,19
2025-09-21,3,21:00,16
2025-09-22,1,08:00,34
2025-09-22,1,09:00,28
2025-09-22,1,10:00,13
2025-09-22,1,11:00,12
2025-09-22,1,12:00,26
2025-09-22,1,13:00,25
2025-09-22,1,14:00,19
2025-09-22,1,15:00,0
2025-09-22,1,16:00,22
2025-09-22,1,17:00,6
2025-09-22,1,18:00,27
2025-09-22,1,19:00,6
2025-09-22,2,08:30,6
2025-09-22,2,09:30,27
2025-09-22,2,10:30,23
2025-09-22,2,11:30,7
2025-09-22,2,12:30,35
2025-09-22,2,13:30,8
2025-09-22,2,14:30,31
2025-09-22,2,15:30,10
2025-09-22,2,16:30,36
2025-09-22,2,17:30,4
2025-09-22,2,18:30,14
2025-09-22,2,19:30,2
2025-09-22,3,08:00,12
2025-09-22,3,09:00,6
2025-09-22,3,10:00,22
2025-09-22,3,11:00,5
2025-09-22,3,12:00,31
2025-09-22,3,13:00,26
2025-09-22,3,14:00,32
2025-09-22,3,15:00,13
2025-09-22,3,16:00,25
2025-09-22,3,17:00,35
2025-09-22,3,18:00,20
2025-09-22,3,19:00,00
2025-09-22,3,20:00,32
2025-09-22,3,21:00,4
2025-09-23,1,08:00,1
2025-09-23,1,09:00,26
2025-09-23,1,10:00,30
2025-09-23,1,11:00,0
2025-09-23,1,12:00,14
2025-09-23,1,13:00,35
2025-09-23,1,14:00,6
2025-09-23,1,15:00,32
2025-09-23,1,16:00,34
2025-09-23,1,17:00,12
2025-09-23,1,18:00,9
2025-09-23,1,19:00,00
2025-09-23,2,08:30,19
2025-09-23,2,09:30,25
2025-09-23,2,10:30,18
2025-09-23,2,11:30,1
2025-09-23,2,12:30,3
2025-09-23,2,13:30,21
2025-09-23,2,14:30,22
2025-09-23,2,15:30,30
2025-09-23,2,16:30,8
2025-09-23,2,17:30,11
2025-09-23,2,18:30,35
2025-09-23,2,19:30,7
2025-09-23,3,08:00,34
2025-09-23,3,09:00,7
2025-09-23,3,10:00,1
2025-09-23,3,11:00,8
2025-09-23,3,12:00,35
2025-09-23,3,13:00,7
2025-09-23,3,14:00,20
2025-09-23,3,15:00,34
2025-09-23,3,16:00,00
2025-09-23,3,17:00,20
2025-09-23,3,18:00,35
2025-09-23,3,19:00,27
2025-09-23,3,20:00,19
2025-09-23,3,21:00,12
2025-09-24,1,08:00,7
2025-09-24,1,09:00,15
2025-09-24,1,10:00,4
2025-09-24,1,11:00,8
2025-09-24,1,12:00,13
2025-09-24,1,13:00,35
2025-09-24,1,14:00,28
2025-09-24,1,15:00,16
2025-09-24,1,16:00,21
2025-09-24,1,17:00,1
2025-09-24,1,18:00,22
2025-09-24,1,19:00,15
2025-09-24,2,08:30,13
2025-09-24,2,09:30,35
2025-09-24,2,10:30,31
2025-09-24,2,11:30,10
2025-09-24,2,12:30,1
2025-09-24,2,13:30,18
2025-09-24,2,14:30,27
2025-09-24,2,15:30,30
2025-09-24,2,16:30,34
2025-09-24,2,17:30,23
2025-09-24,2,18:30,19
2025-09-24,2,19:30,11
2025-09-24,3,08:00,30
2025-09-24,3,09:00,11
2025-09-24,3,10:00,29
2025-09-24,3,11:00,8
2025-09-24,3,12:00,13
2025-09-24,3,13:00,7
2025-09-24,3,14:00,35
2025-09-24,3,15:00,8
2025-09-24,3,16:00,3
2025-09-24,3,17:00,4
2025-09-24,3,18:00,2
2025-09-24,3,19:00,34
2025-09-24,3,20:00,7
2025-09-24,3,21:00,26
2025-09-25,1,08:00,6
2025-09-25,1,09:00,8
2025-09-25,1,10:00,22
2025-09-25,1,11:00,16
2025-09-25,1,12:00,2
2025-09-25,1,13:00,13
2025-09-25,1,14:00,5
2025-09-25,1,15:00,27
2025-09-25,1,16:00,4
2025-09-25,1,17:00,26
2025-09-25,1,18:00,15
2025-09-25,1,19:00,20
2025-09-25,2,08:30,16
2025-09-25,2,09:30,26
2025-09-25,2,10:30,12
2025-09-25,2,11:30,00
2025-09-25,2,12:30,23
2025-09-25,2,13:30,24
2025-09-25,2,14:30,4
2025-09-25,2,15:30,13
2025-09-25,2,16:30,27
2025-09-25,2,17:30,22
2025-09-25,2,18:30,3
2025-09-25,2,19:30,10
2025-09-25,3,08:00,8
2025-09-25,3,09:00,21
2025-09-25,3,10:00,17
2025-09-25,3,11:00,18
2025-09-25,3,12:00,26
2025-09-25,3,13:00,17
2025-09-25,3,14:00,33
2025-09-25,3,15:00,8
2025-09-25,3,16:00,16
2025-09-25,3,17:00,8
2025-09-25,3,18:00,27
2025-09-25,3,19:00,27
2025-09-25,3,20:00,24
2025-09-25,3,21:00,13
2025-09-26,1,08:00,16
2025-09-26,1,09:00,34
2025-09-26,1,10:00,4
2025-09-26,1,11:00,19
2025-09-26,1,12:00,8
2025-09-26,1,13:00,21
2025-09-26,1,14:00,15
2025-09-26,1,15:00,23
2025-09-26,1,16:00,00
2025-09-26,1,17:00,14
2025-09-26,1,18:00,00
2025-09-26,1,19:00,30
2025-09-26,2,08:30,15
2025-09-26,2,09:30,1
2025-09-26,2,10:30,0
2025-09-26,2,11:30,6
2025-09-26,2,12:30,35
2025-09-26,2,13:30,5
2025-09-26,2,14:30,13
2025-09-26,2,15:30,26
2025-09-26,2,16:30,12
2025-09-26,2,17:30,23
2025-09-26,2,18:30,24
2025-09-26,2,19:30,21
2025-09-26,3,08:00,7
2025-09-26,3,09:00,00
2025-09-26,3,10:00,17
2025-09-26,3,11:00,32
2025-09-26,3,12:00,35
2025-09-26,3,13:00,15
2025-09-26,3,14:00,9
2025-09-26,3,15:00,27
2025-09-26,3,16:00,27
2025-09-26,3,17:00,30
2025-09-26,3,18:00,35
2025-09-26,3,19:00,8
2025-09-26,3,20:00,3
2025-09-26,3,21:00,25
2025-09-27,1,08:00,12
2025-09-27,1,09:00,0
2025-09-27,1,10:00,16
2025-09-27,1,11:00,8
2025-09-27,1,12:00,34
2025-09-27,1,13:00,7
2025-09-27,1,14:00,1
2025-09-27,1,15:00,30
2025-09-27,1,16:00,2
2025-09-27,1,17:00,21
2025-09-27,1,18:00,19
2025-09-27,1,19:00,17
2025-09-27,2,08:30,31
2025-09-27,2,09:30,4
2025-09-27,2,10:30,36
2025-09-27,2,11:30,18
2025-09-27,2,12:30,00
2025-09-27,2,13:30,8
2025-09-27,2,14:30,22
2025-09-27,2,15:30,1
2025-09-27,2,16:30,3
2025-09-27,2,17:30,15
2025-09-27,2,18:30,28
2025-09-27,2,19:30,16
2025-09-27,3,08:00,17
2025-09-27,3,09:00,20
2025-09-27,3,10:00,15
2025-09-27,3,11:00,24
2025-09-27,3,12:00,18
2025-09-27,3,13:00,6
2025-09-27,3,14:00,00
2025-09-27,3,15:00,32
2025-09-27,3,16:00,35
2025-09-27,3,17:00,31
2025-09-27,3,18:00,00
2025-09-27,3,19:00,14
2025-09-27,3,20:00,22
2025-09-27,3,21:00,25
2025-09-28,1,08:00,4
2025-09-28,1,09:00,19
2025-09-28,1,10:00,5
2025-09-28,1,11:00,17
2025-09-28,1,12:00,26
2025-09-28,1,13:00,9
2025-09-28,1,14:00,32
2025-09-28,1,15:00,33
2025-09-28,1,16:00,21
2025-09-28,1,17:00,14
2025-09-28,1,18:00,22
2025-09-28,1,19:00,27
2025-09-28,2,08:30,12
2025-09-28,2,09:30,28
2025-09-28,2,10:30,29
2025-09-28,2,11:30,10
2025-09-28,2,12:30,27
2025-09-28,2,13:30,21
2025-09-28,2,14:30,17
2025-09-28,2,15:30,35
2025-09-28,2,16:30,23
2025-09-28,2,17:30,30
2025-09-28,2,18:30,19
2025-09-28,2,19:30,6
2025-09-28,3,08:00,2
2025-09-28,3,09:00,8
2025-09-28,3,10:00,6
2025-09-28,3,11:00,00
2025-09-28,3,12:00,35
2025-09-28,3,13:00,16
2025-09-28,3,14:00,8
2025-09-28,3,15:00,16
2025-09-28,3,16:00,21
2025-09-28,3,17:00,14
2025-09-28,3,18:00,30
2025-09-28,3,19:00,11
2025-09-28,3,20:00,10
2025-09-28,3,21:00,23
2025-09-29,1,08:00,0
2025-09-29,1,09:00,1
2025-09-29,1,10:00,25
2025-09-29,1,11:00,6
2025-09-29,1,12:00,32
2025-09-29,1,13:00,17
2025-09-29,1,14:00,18
2025-09-29,1,15:00,13
2025-09-29,1,16:00,16
2025-09-29,1,17:00,36
2025-09-29,1,18:00,30
2025-09-29,1,19:00,27
2025-09-29,2,08:30,16
2025-09-29,2,09:30,26
2025-09-29,2,10:30,31
2025-09-29,2,11:30,7
2025-09-29,2,12:30,2
2025-09-29,2,13:30,36
2025-09-29,2,14:30,0
2025-09-29,2,15:30,30
2025-09-29,2,16:30,8
2025-09-29,2,17:30,35
2025-09-29,2,18:30,13
2025-09-29,2,19:30,23
2025-09-29,3,08:00,9
2025-09-29,3,09:00,7
2025-09-29,3,10:00,00
2025-09-29,3,11:00,13
2025-09-29,3,12:00,24
2025-09-29,3,13:00,18
2025-09-29,3,14:00,33
2025-09-29,3,15:00,27
2025-09-29,3,16:00,18
2025-09-29,3,17:00,18
2025-09-29,3,18:00,36
2025-09-29,3,19:00,0
2025-09-29,3,20:00,7
2025-09-29,3,21:00,19
2025-09-30,1,08:00,13
2025-09-30,1,09:00,34
2025-09-30,1,10:00,36
2025-09-30,1,11:00,2
2025-09-30,1,12:00,6
2025-09-30,1,13:00,14
2025-09-30,1,14:00,8
2025-09-30,1,15:00,33
2025-09-30,1,16:00,35
2025-09-30,1,17:00,00
2025-09-30,1,18:00,21
2025-09-30,1,19:00,35
2025-09-30,2,08:30,5
2025-09-30,2,09:30,1
2025-09-30,2,10:30,16
2025-09-30,2,11:30,12
2025-09-30,2,12:30,21
2025-09-30,2,13:30,10
2025-09-30,2,14:30,3
2025-09-30,2,15:30,18
2025-09-30,2,16:30,19
2025-09-30,2,17:30,33
2025-09-30,2,18:30,11
2025-09-30,2,19:30,2
2025-09-30,3,08:00,35
2025-09-30,3,09:00,1
2025-09-30,3,10:00,2
2025-09-30,3,11:00,9
2025-09-30,3,12:00,13
2025-09-30,3,13:00,34
2025-09-30,3,14:00,33
2025-09-30,3,15:00,4
2025-09-30,3,16:00,13
2025-09-30,3,17:00,36
2025-09-30,3,18:00,7
2025-09-30,3,19:00,27
2025-09-30,3,20:00,1
2025-09-30,3,21:00,15
2025-10-01,1,08:00,4
2025-10-01,1,09:00,13
2025-10-01,1,10:00,2
2025-10-01,1,11:00,0
2025-10-01,1,12:00,25
2025-10-01,1,13:00,5
2025-10-01,1,14:00,24
2025-10-01,1,15:00,8
2025-10-01,1,16:00,27
2025-10-01,1,17:00,23
2025-10-01,1,18:00,34
2025-10-01,1,19:00,0
2025-10-01,2,08:30,15
2025-10-01,2,09:30,1
2025-10-01,2,10:30,7
2025-10-01,2,11:30,9
2025-10-01,2,12:30,20
2025-10-01,2,13:30,6
2025-10-01,2,14:30,19
2025-10-01,2,15:30,26
2025-10-01,2,16:30,17
2025-10-01,2,17:30,4
2025-10-01,2,18:30,24
2025-10-01,2,19:30,22
2025-10-01,3,08:00,7
2025-10-01,3,09:00,36
2025-10-01,3,10:00,30
2025-10-01,3,11:00,36
2025-10-01,3,12:00,7
2025-10-01,3,13:00,32
2025-10-01,3,14:00,36
2025-10-01,3,15:00,22
2025-10-01,3,16:00,13
2025-10-01,3,17:00,00
2025-10-01,3,18:00,20
2025-10-01,3,19:00,6
2025-10-01,3,20:00,00
2025-10-01,3,21:00,28
2025-10-02,1,08:00,23
2025-10-02,1,09:00,22
2025-10-02,1,10:00,8
2025-10-02,1,11:00,26
2025-10-02,1,12:00,36
2025-10-02,1,13:00,0
2025-10-02,1,14:00,31
2025-10-02,1,15:00,35
2025-10-02,1,16:00,20
2025-10-02,1,17:00,34
2025-10-02,1,18:00,35
2025-10-02,1,19:00,18
2025-10-02,2,08:30,36
2025-10-02,2,09:30,21
2025-10-02,2,10:30,29
2025-10-02,2,11:30,17
2025-10-02,2,12:30,18
2025-10-02,2,13:30,9
2025-10-02,2,14:30,27
2025-10-02,2,15:30,7
2025-10-02,2,16:30,10
2025-10-02,2,17:30,00
2025-10-02,2,18:30,0
2025-10-02,2,19:30,8
2025-10-02,3,08:00,4
2025-10-02,3,09:00,7
2025-10-02,3,10:00,28
2025-10-02,3,11:00,13
2025-10-02,3,12:00,13
2025-10-02,3,13:00,14
2025-10-02,3,14:00,10
2025-10-02,3,15:00,11
2025-10-02,3,16:00,4
2025-10-02,3,17:00,00
2025-10-02,3,18:00,33
2025-10-02,3,19:00,16
2025-10-02,3,20:00,13
2025-10-02,3,21:00,29
2025-10-03,1,08:00,24
2025-10-03,1,09:00,26
2025-10-03,1,10:00,18
2025-10-03,1,11:00,15
2025-10-03,1,12:00,36
2025-10-03,1,13:00,19
2025-10-03,1,14:00,12
2025-10-03,1,15:00,30
2025-10-03,1,16:00,2
2025-10-03,1,17:00,8
2025-10-03,1,18:00,20
2025-10-03,1,19:00,4
2025-10-03,2,08:30,25
2025-10-03,2,09:30,1
2025-10-03,2,10:30,35
2025-10-03,2,11:30,33
2025-10-03,2,12:30,2
2025-10-03,2,13:30,27
2025-10-03,2,14:30,13
2025-10-03,2,15:30,18
2025-10-03,2,16:30,29
2025-10-03,2,17:30,9
2025-10-03,2,18:30,24
2025-10-03,2,19:30,10
2025-10-03,3,08:00,5
2025-10-03,3,09:00,28
2025-10-03,3,10:00,21
2025-10-03,3,11:00,23
2025-10-03,3,12:00,5
2025-10-03,3,13:00,31
2025-10-03,3,14:00,15
2025-10-03,3,15:00,24
2025-10-03,3,16:00,12
2025-10-03,3,17:00,22
2025-10-03,3,18:00,19
2025-10-03,3,19:00,1
2025-10-03,3,20:00,2
2025-10-03,3,21:00,8
2025-10-04,1,08:00,30
2025-10-04,1,09:00,0
2025-10-04,1,10:00,32
2025-10-04,1,11:00,21
2025-10-04,1,12:00,34
2025-10-04,1,13:00,22
2025-10-04,1,14:00,27
2025-10-04,1,15:00,20
2025-10-04,1,16:00,19
2025-10-04,1,17:00,8
2025-10-04,1,18:00,25
2025-10-04,1,19:00,16
2025-10-04,2,08:30,26
2025-10-04,2,09:30,31
2025-10-04,2,10:30,10
2025-10-04,2,11:30,23
2025-10-04,2,12:30,33
2025-10-04,2,13:30,5
2025-10-04,2,14:30,32
2025-10-04,2,15:30,36
2025-10-04,2,16:30,11
2025-10-04,2,17:30,6
2025-10-04,2,18:30,14
2025-10-04,2,19:30,30
2025-10-04,3,08:00,29
2025-10-04,3,09:00,24
2025-10-04,3,10:00,10
2025-10-04,3,11:00,24
2025-10-04,3,12:00,17
2025-10-04,3,13:00,34
2025-10-04,3,14:00,10
2025-10-04,3,15:00,16
2025-10-04,3,16:00,17
2025-10-04,3,17:00,3
2025-10-04,3,18:00,4
2025-10-04,3,19:00,26
2025-10-04,3,20:00,36
2025-10-04,3,21:00,20
2025-10-05,1,08:00,23
2025-10-05,1,09:00,2
2025-10-05,1,10:00,22
2025-10-05,1,11:00,9
2025-10-05,1,12:00,27
2025-10-05,1,13:00,1
2025-10-05,1,14:00,14
2025-10-05,1,15:00,34
2025-10-05,1,16:00,7
2025-10-05,1,17:00,25
2025-10-05,1,18:00,28
2025-10-05,1,19:00,13
2025-10-05,2,08:30,19
2025-10-05,2,09:30,33
2025-10-05,2,10:30,1
2025-10-05,2,11:30,24
2025-10-05,2,12:30,3
2025-10-05,2,13:30,12
2025-10-05,2,14:30,36
2025-10-05,2,15:30,35
2025-10-05,2,16:30,27
2025-10-05,2,17:30,16
2025-10-05,2,18:30,22
2025-10-05,2,19:30,5
2025-10-05,3,08:00,27
2025-10-05,3,09:00,4
2025-10-05,3,10:00,25
2025-10-05,3,11:00,24
2025-10-05,3,12:00,17
2025-10-05,3,13:00,36
2025-10-05,3,14:00,33
2025-10-05,3,15:00,19
2025-10-05,3,16:00,9
2025-10-05,3,17:00,7
2025-10-05,3,18:00,7
2025-10-05,3,19:00,22
2025-10-05,3,20:00,12
2025-10-05,3,21:00,00
2025-10-06,1,08:00,0
2025-10-06,1,09:00,24
2025-10-06,1,10:00,22
2025-10-06,1,11:00,35
2025-10-06,1,12:00,4
2025-10-06,1,13:00,9
2025-10-06,1,14:00,17
2025-10-06,1,15:00,14
2025-10-06,1,16:00,12
2025-10-06,1,17:00,00
2025-10-06,1,18:00,8
2025-10-06,1,19:00,19
2025-10-06,2,08:30,17
2025-10-06,2,09:30,23
2025-10-06,2,10:30,27
2025-10-06,2,11:30,25
2025-10-06,2,12:30,29
2025-10-06,2,13:30,36
2025-10-06,2,14:30,19
2025-10-06,2,15:30,18
2025-10-06,2,16:30,22
2025-10-06,2,17:30,34
2025-10-06,2,18:30,6
2025-10-06,2,19:30,12
2025-10-06,3,08:00,30
2025-10-06,3,09:00,00
2025-10-06,3,10:00,10
2025-10-06,3,11:00,33
2025-10-06,3,12:00,15
2025-10-06,3,13:00,2
2025-10-06,3,14:00,8
2025-10-06,3,15:00,00
2025-10-06,3,16:00,8
2025-10-06,3,17:00,21
2025-10-06,3,18:00,7
2025-10-06,3,19:00,35
2025-10-06,3,20:00,34
2025-10-06,3,21:00,11
2025-10-07,1,08:00,19
2025-10-07,1,09:00,2
2025-10-07,1,10:00,00
2025-10-07,1,11:00,23
2025-10-07,1,12:00,31
2025-10-07,1,13:00,25
2025-10-07,1,14:00,33
2025-10-07,1,15:00,20
2025-10-07,1,16:00,6
2025-10-07,1,17:00,32
2025-10-07,1,18:00,30
2025-10-07,1,19:00,19
2025-10-07,2,08:30,28
2025-10-07,2,09:30,27
2025-10-07,2,10:30,21
2025-10-07,2,11:30,6
2025-10-07,2,12:30,24
2025-10-07,2,13:30,11
2025-10-07,2,14:30,10
2025-10-07,2,15:30,17
2025-10-07,2,16:30,18
2025-10-07,2,17:30,7
2025-10-07,2,18:30,29
2025-10-07,2,19:30,1
2025-10-07,3,08:00,29
2025-10-07,3,09:00,32
2025-10-07,3,10:00,12
2025-10-07,3,11:00,3
2025-10-07,3,12:00,00
2025-10-07,3,13:00,23
2025-10-07,3,14:00,28
2025-10-07,3,15:00,7
2025-10-07,3,16:00,4
2025-10-07,3,17:00,5
2025-10-07,3,18:00,10
2025-10-07,3,19:00,30
2025-10-07,3,20:00,22
2025-10-07,3,21:00,25
2025-10-08,1,08:00,33
2025-10-08,1,09:00,12
2025-10-08,1,10:00,35
2025-10-08,1,11:00,19
2025-10-08,1,12:00,9
2025-10-08,1,13:00,7
2025-10-08,1,14:00,13
2025-10-08,1,15:00,2
2025-10-08,1,16:00,27
2025-10-08,1,17:00,14
2025-10-08,1,18:00,32
2025-10-08,1,19:00,23
2025-10-08,2,08:30,22
2025-10-08,2,09:30,32
2025-10-08,2,10:30,12
2025-10-08,2,11:30,29
2025-10-08,2,12:30,31
2025-10-08,2,13:30,10
2025-10-08,2,14:30,16
2025-10-08,2,15:30,0
2025-10-08,2,16:30,17
2025-10-08,2,17:30,26
2025-10-08,2,18:30,25
2025-10-08,2,19:30,8
2025-10-08,3,08:00,20
2025-10-08,3,09:00,28
2025-10-08,3,10:00,3
2025-10-08,3,11:00,36
2025-10-08,3,12:00,29
2025-10-08,3,13:00,19
2025-10-08,3,14:00,31
2025-10-08,3,15:00,1
2025-10-08,3,16:00,24
2025-10-08,3,17:00,29
2025-10-08,3,18:00,11
2025-10-08,3,19:00,22
2025-10-08,3,20:00,21
2025-10-08,3,21:00,20
2025-10-09,1,08:00,15
2025-10-09,1,09:00,31
2025-10-09,1,10:00,35
2025-10-09,1,11:00,7
2025-10-09,1,12:00,1
2025-10-09,1,13:00,16
2025-10-09,1,14:00,33
2025-10-09,1,15:00,30
2025-10-09,1,16:00,18
2025-10-09,1,17:00,4
2025-10-09,1,18:00,24
2025-10-09,1,19:00,9
2025-10-09,2,08:30,4
2025-10-09,2,09:30,21
2025-10-09,2,10:30,8
2025-10-09,2,11:30,30
2025-10-09,2,12:30,36
2025-10-09,2,13:30,15
2025-10-09,2,14:30,9
2025-10-09,2,15:30,13
2025-10-09,2,16:30,1
2025-10-09,2,17:30,11
2025-10-09,2,18:30,33
2025-10-09,2,19:30,14
2025-10-09,3,08:00,4
2025-10-09,3,09:00,33
2025-10-09,3,10:00,33
2025-10-09,3,11:00,18
2025-10-09,3,12:00,32
2025-10-09,3,13:00,00
2025-10-09,3,14:00,0
2025-10-09,3,15:00,29
2025-10-09,3,16:00,29
2025-10-09,3,17:00,12
2025-10-09,3,18:00,3
2025-10-09,3,19:00,24
2025-10-09,3,20:00,5
2025-10-09,3,21:00,36
2025-10-10,1,08:00,7
2025-10-10,1,09:00,8
2025-10-10,1,10:00,31
2025-10-10,1,11:00,0
2025-10-10,1,12:00,17
2025-10-10,1,13:00,6
2025-10-10,1,14:00,10
2025-10-10,1,15:00,34
2025-10-10,1,16:00,22
2025-10-10,1,17:00,36
2025-10-10,1,18:00,11
2025-10-10,1,19:00,21
2025-10-10,2,08:30,29
2025-10-10,2,09:30,36
2025-10-10,2,10:30,19
2025-10-10,2,11:30,5
2025-10-10,2,12:30,6
2025-10-10,2,13:30,24
2025-10-10,2,14:30,20
2025-10-10,2,15:30,32
2025-10-10,2,16:30,27
2025-10-10,2,17:30,26
2025-10-10,2,18:30,2
2025-10-10,2,19:30,35
2025-10-10,3,08:00,31
2025-10-10,3,09:00,34
2025-10-10,3,10:00,3
2025-10-10,3,11:00,00
2025-10-10,3,12:00,33
2025-10-10,3,13:00,19
2025-10-10,3,14:00,25
2025-10-10,3,15:00,16
2025-10-10,3,16:00,5
2025-10-10,3,17:00,30
2025-10-10,3,18:00,34
2025-10-10,3,19:00,35
2025-10-10,3,20:00,23
2025-10-10,3,21:00,18
2025-10-11,1,08:00,18
2025-10-11,1,09:00,20
2025-10-11,1,10:00,14
2025-10-11,1,11:00,26
2025-10-11,1,12:00,24
2025-10-11,1,13:00,3
2025-10-11,1,14:00,25
2025-10-11,1,15:00,23
2025-10-11,1,16:00,29
2025-10-11,1,17:00,13
2025-10-11,1,18:00,1
2025-10-11,1,19:00,3
2025-10-11,2,08:30,28
2025-10-11,2,09:30,10
2025-10-11,2,10:30,12
2025-10-11,2,11:30,22
2025-10-11,2,12:30,0
2025-10-11,2,13:30,00
2025-10-11,2,14:30,34
2025-10-11,2,15:30,11
2025-10-11,2,16:30,27
2025-10-11,2,17:30,4
2025-10-11,2,18:30,19
2025-10-11,2,19:30,16
2025-10-11,3,08:00,11
2025-10-11,3,09:00,15
2025-10-11,3,10:00,27
2025-10-11,3,11:00,7
2025-10-11,3,12:00,20
2025-10-11,3,13:00,15
2025-10-11,3,14:00,13
2025-10-11,3,15:00,00
2025-10-11,3,16:00,00
2025-10-11,3,17:00,34
2025-10-11,3,18:00,31
2025-10-11,3,19:00,15
2025-10-11,3,20:00,34
2025-10-11,3,21:00,34
2025-10-12,1,08:00,8
2025-10-12,1,09:00,5
2025-10-12,1,10:00,12
2025-10-12,1,11:00,36
2025-10-12,1,12:00,17
2025-10-12,1,13:00,13
2025-10-12,1,14:00,21
2025-10-12,1,15:00,26
2025-10-12,1,16:00,7
2025-10-12,1,17:00,1
2025-10-12,1,18:00,18
2025-10-12,1,19:00,23
2025-10-12,2,08:30,33
2025-10-12,2,09:30,3
2025-10-12,2,10:30,30
2025-10-12,2,11:30,25
2025-10-12,2,12:30,18
2025-10-12,2,13:30,9
2025-10-12,2,14:30,23
2025-10-12,2,15:30,19
2025-10-12,2,16:30,35
2025-10-12,2,17:30,14
2025-10-12,2,18:30,21
2025-10-12,2,19:30,6
2025-10-12,3,08:00,27
2025-10-12,3,09:00,24
2025-10-12,3,10:00,6
2025-10-12,3,11:00,18
2025-10-12,3,12:00,17
2025-10-12,3,13:00,36
2025-10-12,3,14:00,8
2025-10-12,3,15:00,4
2025-10-12,3,16:00,8
2025-10-12,3,17:00,6
2025-10-12,3,18:00,25
2025-10-12,3,19:00,2
2025-10-12,3,20:00,29
2025-10-12,3,21:00,26
2025-10-13,1,08:00,13
2025-10-13,1,09:00,3
2025-10-13,1,10:00,20
2025-10-13,1,11:00,00
2025-10-13,1,12:00,7
2025-10-13,1,13:00,25
2025-10-13,1,14:00,6
2025-10-13,1,15:00,18
2025-10-13,1,16:00,29
2025-10-13,1,17:00,21
2025-10-13,1,18:00,10
2025-10-13,1,19:00,36
2025-10-13,2,08:30,26
2025-10-13,2,09:30,11
2025-10-13,2,10:30,29
2025-10-13,2,11:30,24
2025-10-13,2,12:30,12
2025-10-13,2,13:30,13
2025-10-13,2,14:30,31
2025-10-13,2,15:30,27
2025-10-13,2,16:30,36
2025-10-13,2,17:30,20
2025-10-13,2,18:30,1
2025-10-13,2,19:30,26
2025-10-13,3,08:00,33
2025-10-13,3,09:00,25
2025-10-13,3,10:00,25
2025-10-13,3,11:00,18
2025-10-13,3,12:00,30
2025-10-13,3,13:00,17
2025-10-13,3,14:00,25
2025-10-13,3,15:00,10
2025-10-13,3,16:00,1
2025-10-13,3,17:00,1
2025-10-13,3,18:00,6
2025-10-13,3,19:00,29
2025-10-13,3,20:00,2
2025-10-13,3,21:00,23
2025-10-14,1,08:00,23
2025-10-14,1,09:00,8
2025-10-14,1,10:00,0
2025-10-14,1,11:00,25
2025-10-14,1,12:00,12
2025-10-14,1,13:00,19
2025-10-14,1,14:00,1
2025-10-14,1,15:00,27
2025-10-14,1,16:00,00
2025-10-14,1,17:00,28
2025-10-14,1,18:00,8
2025-10-14,1,19:00,35
2025-10-14,2,08:30,6
2025-10-14,2,09:30,22
2025-10-14,2,10:30,21
2025-10-14,2,11:30,18
2025-10-14,2,12:30,5
2025-10-14,2,13:30,17
2025-10-14,2,14:30,12
2025-10-14,2,15:30,32
2025-10-14,2,16:30,8
2025-10-14,2,17:30,33
2025-10-14,2,18:30,1
2025-10-14,2,19:30,15
2025-10-14,3,08:00,12
2025-10-14,3,09:00,1
2025-10-14,3,10:00,0
2025-10-14,3,11:00,7
2025-10-14,3,12:00,28
2025-10-14,3,13:00,19
2025-10-14,3,14:00,25
2025-10-14,3,15:00,34
2025-10-14,3,16:00,26
2025-10-14,3,17:00,34
2025-10-14,3,18:00,35
2025-10-14,3,19:00,25
2025-10-14,3,20:00,19
2025-10-14,3,21:00,23
2025-10-15,1,08:00,7
2025-10-15,1,09:00,13
2025-10-15,1,10:00,23
2025-10-15,1,11:00,22
2025-10-15,1,12:00,3
2025-10-15,1,13:00,27
2025-10-15,1,14:00,0
2025-10-15,1,15:00,36
2025-10-15,1,16:00,33
2025-10-15,1,17:00,1
2025-10-15,1,18:00,4
2025-10-15,1,19:00,26
2025-10-15,2,08:30,10
2025-10-15,2,09:30,24
2025-10-15,2,10:30,27
2025-10-15,2,11:30,35
2025-10-15,2,12:30,11
2025-10-15,2,13:30,30
2025-10-15,2,14:30,28
2025-10-15,2,15:30,25
2025-10-15,2,16:30,12
2025-10-15,2,17:30,20
2025-10-15,2,18:30,27
2025-10-15,2,19:30,16
2025-10-15,3,08:00,32
2025-10-15,3,09:00,3
2025-10-15,3,10:00,25
2025-10-15,3,11:00,34
2025-10-15,3,12:00,2
2025-10-15,3,13:00,15
2025-10-15,3,14:00,00
2025-10-15,3,15:00,4
2025-10-15,3,16:00,9
2025-10-15,3,17:00,14
2025-10-15,3,18:00,12
2025-10-15,3,19:00,27
2025-10-15,3,20:00,14
2025-10-15,3,21:00,14
2025-10-16,1,08:00,6
2025-10-16,1,09:00,3
2025-10-16,1,10:00,31
2025-10-16,1,11:00,22
2025-10-16,1,12:00,21
2025-10-16,1,13:00,8
2025-10-16,1,14:00,20
2025-10-16,1,15:00,14
2025-10-16,1,16:00,10
2025-10-16,1,17:00,35
2025-10-16,1,18:00,24
2025-10-16,1,19:00,21
2025-10-16,2,08:30,34
2025-10-16,2,09:30,9
2025-10-16,2,10:30,15
2025-10-16,2,11:30,18
2025-10-16,2,12:30,13
2025-10-16,2,13:30,00
2025-10-16,2,14:30,16
2025-10-16,2,15:30,29
2025-10-16,2,16:30,28
2025-10-16,2,17:30,22
2025-10-16,2,18:30,25
2025-10-16,2,19:30,14
2025-10-16,3,08:00,30
2025-10-16,3,09:00,0
2025-10-16,3,10:00,30
2025-10-16,3,11:00,19
2025-10-16,3,12:00,17
2025-10-16,3,13:00,30
2025-10-16,3,14:00,21
2025-10-16,3,15:00,13
2025-10-16,3,16:00,35
2025-10-16,3,17:00,7
2025-10-16,3,18:00,13
2025-10-16,3,19:00,2
2025-10-16,3,20:00,9
2025-10-16,3,21:00,29
2025-10-17,1,08:00,13
2025-10-17,1,09:00,33
2025-10-17,1,10:00,35
2025-10-17,1,11:00,30
2025-10-17,1,12:00,27
2025-10-17,1,13:00,8
2025-10-17,1,14:00,23
2025-10-17,1,15:00,4
2025-10-17,1,16:00,29
2025-10-17,1,17:00,7
2025-10-17,1,18:00,33
2025-10-17,1,19:00,1
2025-10-17,2,08:30,1
2025-10-17,2,09:30,32
2025-10-17,2,10:30,8
2025-10-17,2,11:30,23
2025-10-17,2,12:30,33
2025-10-17,2,13:30,3
2025-10-17,2,14:30,2
2025-10-17,2,15:30,6
2025-10-17,2,16:30,27
2025-10-17,2,17:30,29
2025-10-17,2,18:30,21
2025-10-17,2,19:30,24
2025-10-17,3,08:00,16
2025-10-17,3,09:00,19
2025-10-17,3,10:00,10
2025-10-17,3,11:00,17
2025-10-17,3,12:00,9
2025-10-17,3,13:00,4
2025-10-17,3,14:00,16
2025-10-17,3,15:00,26
2025-10-17,3,16:00,31
2025-10-17,3,17:00,12
2025-10-17,3,18:00,4
2025-10-17,3,19:00,4
2025-10-17,3,20:00,28
2025-10-17,3,21:00,18
2025-10-18,1,08:00,00
2025-10-18,1,09:00,31
2025-10-18,1,10:00,21
2025-10-18,1,11:00,24
2025-10-18,1,12:00,1
2025-10-18,1,13:00,8
2025-10-18,1,14:00,14
2025-10-18,1,15:00,0
2025-10-18,1,16:00,5
2025-10-18,1,17:00,3
2025-10-18,1,18:00,24
2025-10-18,1,19:00,10
2025-10-18,2,08:30,6
2025-10-18,2,09:30,14
2025-10-18,2,10:30,33
2025-10-18,2,11:30,31
2025-10-18,2,12:30,22
2025-10-18,2,13:30,4
2025-10-18,2,14:30,36
2025-10-18,2,15:30,35
2025-10-18,2,16:30,7
2025-10-18,2,17:30,20
2025-10-18,2,18:30,26
2025-10-18,2,19:30,17
2025-10-18,3,08:00,3
2025-10-18,3,09:00,3
2025-10-18,3,10:00,4
2025-10-18,3,11:00,00
2025-10-18,3,12:00,5
2025-10-18,3,13:00,14
2025-10-18,3,14:00,9
2025-10-18,3,15:00,00
2025-10-18,3,16:00,16
2025-10-18,3,17:00,10
2025-10-18,3,18:00,16
2025-10-18,3,19:00,32
2025-10-18,3,20:00,14
2025-10-18,3,21:00,7
2025-10-19,1,08:00,34
2025-10-19,1,09:00,19
2025-10-19,1,10:00,9
2025-10-19,1,11:00,3
2025-10-19,1,12:00,5
2025-10-19,1,13:00,30
2025-10-19,1,14:00,27
2025-10-19,1,15:00,6
2025-10-19,1,16:00,28
2025-10-19,1,17:00,22
2025-10-19,1,18:00,33
2025-10-19,1,19:00,27
2025-10-19,2,08:30,16
2025-10-19,2,09:30,35
2025-10-19,2,10:30,33
2025-10-19,2,11:30,18
2025-10-19,2,12:30,20
2025-10-19,2,13:30,19
2025-10-19,2,14:30,27
2025-10-19,2,15:30,1
2025-10-19,2,16:30,5
2025-10-19,2,17:30,25
2025-10-19,2,18:30,11
2025-10-19,2,19:30,00
2025-10-19,3,08:00,21
2025-10-19,3,09:00,21
2025-10-19,3,10:00,15
2025-10-19,3,11:00,6
2025-10-19,3,12:00,22
2025-10-19,3,13:00,1
2025-10-19,3,14:00,33
2025-10-19,3,15:00,27
2025-10-19,3,16:00,12
2025-10-19,3,17:00,28
2025-10-19,3,18:00,29
2025-10-19,3,19:00,0
2025-10-19,3,20:00,15
2025-10-19,3,21:00,9
2025-10-20,1,08:00,24
2025-10-20,1,09:00,8
2025-10-20,1,10:00,00
2025-10-20,1,11:00,25
2025-10-20,1,12:00,14
2025-10-20,1,13:00,34
2025-10-20,1,14:00,10
2025-10-20,1,15:00,29
2025-10-20,1,16:00,27
2025-10-20,1,17:00,26
2025-10-20,1,18:00,33
2025-10-20,1,19:00,32
2025-10-20,2,08:30,3
2025-10-20,2,09:30,9
2025-10-20,2,10:30,15
2025-10-20,2,11:30,22
2025-10-20,2,12:30,26
2025-10-20,2,13:30,29
2025-10-20,2,14:30,18
2025-10-20,2,15:30,32
2025-10-20,2,16:30,17
2025-10-20,2,17:30,6
2025-10-20,2,18:30,21
2025-10-20,2,19:30,7
2025-10-20,3,08:00,24
2025-10-20,3,09:00,11
2025-10-20,3,10:00,23
2025-10-20,3,11:00,33
2025-10-20,3,12:00,11
2025-10-20,3,13:00,14
2025-10-20,3,14:00,19
2025-10-20,3,15:00,1
2025-10-20,3,16:00,33
2025-10-20,3,17:00,6
2025-10-20,3,18:00,22
2025-10-20,3,19:00,36
2025-10-20,3,20:00,7
2025-10-20,3,21:00,28
2025-10-21,1,08:00,35
2025-10-21,1,09:00,00
2025-10-21,1,10:00,10
2025-10-21,1,11:00,3
2025-10-21,1,12:00,33
2025-10-21,1,13:00,5
2025-10-21,1,14:00,7
2025-10-21,1,15:00,27
2025-10-21,1,16:00,18
2025-10-21,1,17:00,34
2025-10-21,1,18:00,9
2025-10-21,1,19:00,00
2025-10-21,2,08:30,1
2025-10-21,2,09:30,5
2025-10-21,2,10:30,20
2025-10-21,2,11:30,27
2025-10-21,2,12:30,30
2025-10-21,2,13:30,15
2025-10-21,2,14:30,00
2025-10-21,2,15:30,35
2025-10-21,2,16:30,32
2025-10-21,2,17:30,19
2025-10-21,2,18:30,28
2025-10-21,2,19:30,7
2025-10-21,3,08:00,1
2025-10-21,3,09:00,15
2025-10-21,3,10:00,29
2025-10-21,3,11:00,32
2025-10-21,3,12:00,31
2025-10-21,3,13:00,21
2025-10-21,3,14:00,00
2025-10-21,3,15:00,3
2025-10-21,3,16:00,34
2025-10-21,3,17:00,26
2025-10-21,3,18:00,27
2025-10-21,3,19:00,33
2025-10-21,3,20:00,29
2025-10-21,3,21:00,5
2025-10-22,1,08:00,26
2025-10-22,1,09:00,5
2025-10-22,1,10:00,28
2025-10-22,1,11:00,33
2025-10-22,1,12:00,19
2025-10-22,1,13:00,31
2025-10-22,1,14:00,35
2025-10-22,1,15:00,21
2025-10-22,1,16:00,9
2025-10-22,1,17:00,29
2025-10-22,1,18:00,13
2025-10-22,1,19:00,34
2025-10-22,2,08:30,18
2025-10-22,2,09:30,24
2025-10-22,2,10:30,13
2025-10-22,2,11:30,30
2025-10-22,2,12:30,0
2025-10-22,2,13:30,15
2025-10-22,2,14:30,8
2025-10-22,2,15:30,2
2025-10-22,2,16:30,19
2025-10-22,2,17:30,00
2025-10-22,2,18:30,33
2025-10-22,2,19:30,28
2025-10-22,3,08:00,19
2025-10-22,3,09:00,16
2025-10-22,3,10:00,5
2025-10-22,3,11:00,30
2025-10-22,3,12:00,35
2025-10-22,3,13:00,3
2025-10-22,3,14:00,5
2025-10-22,3,15:00,18
2025-10-22,3,16:00,25
2025-10-22,3,17:00,16
2025-10-22,3,18:00,28
2025-10-22,3,19:00,35
2025-10-22,3,20:00,9
2025-10-22,3,21:00,17
2025-10-23,1,08:00,29
2025-10-23,1,09:00,25
2025-10-23,1,10:00,31
2025-10-23,1,11:00,10
2025-10-23,1,12:00,12
2025-10-23,1,13:00,8
2025-10-23,1,14:00,4
2025-10-23,1,15:00,5
2025-10-23,1,16:00,0
2025-10-23,1,17:00,21
2025-10-23,1,18:00,21
2025-10-23,1,19:00,26
2025-10-23,2,08:30,7
2025-10-23,2,09:30,20
2025-10-23,2,10:30,12
2025-10-23,2,11:30,6
2025-10-23,2,12:30,17
2025-10-23,2,13:30,9
2025-10-23,2,14:30,15
2025-10-23,2,15:30,30
2025-10-23,2,16:30,32
2025-10-23,2,17:30,28
2025-10-23,2,18:30,11
2025-10-23,2,19:30,0
2025-10-23,3,08:00,12
2025-10-23,3,09:00,36
2025-10-23,3,10:00,20
2025-10-23,3,11:00,11
2025-10-23,3,12:00,34
2025-10-23,3,13:00,8
2025-10-23,3,14:00,2
2025-10-23,3,15:00,19
2025-10-23,3,16:00,36
2025-10-23,3,17:00,2
2025-10-23,3,18:00,18
2025-10-23,3,19:00,16
2025-10-23,3,20:00,16
2025-10-23,3,21:00,1
2025-10-24,1,08:00,9
2025-10-24,1,09:00,0
2025-10-24,1,10:00,35
2025-10-24,1,11:00,25
2025-10-24,1,12:00,31
2025-10-24,1,13:00,4
2025-10-24,1,14:00,7
2025-10-24,1,15:00,23
2025-10-24,1,16:00,5
2025-10-24,1,17:00,19
2025-10-24,1,18:00,8
2025-10-24,1,19:00,26
2025-10-24,2,08:30,8
2025-10-24,2,09:30,14
2025-10-24,2,10:30,15
2025-10-24,2,11:30,10
2025-10-24,2,12:30,00
2025-10-24,2,13:30,11
2025-10-24,2,14:30,33
2025-10-24,2,15:30,0
2025-10-24,2,16:30,23
2025-10-24,2,17:30,8
2025-10-24,2,18:30,1
2025-10-24,2,19:30,12
2025-10-24,3,08:00,34
2025-10-24,3,09:00,21
2025-10-24,3,10:00,22
2025-10-24,3,11:00,23
2025-10-24,3,12:00,0
2025-10-24,3,13:00,19
2025-10-24,3,14:00,6
2025-10-24,3,15:00,9
2025-10-24,3,16:00,8
2025-10-24,3,17:00,31
2025-10-24,3,18:00,24
2025-10-24,3,19:00,35
2025-10-24,3,20:00,13
2025-10-24,3,21:00,29
2025-10-25,1,08:00,14
2025-10-25,1,09:00,31
2025-10-25,1,10:00,35
2025-10-25,1,11:00,33
2025-10-25,1,12:00,23
2025-10-25,1,13:00,21
2025-10-25,1,14:00,26
2025-10-25,1,15:00,22
2025-10-25,1,16:00,0
2025-10-25,1,17:00,6
2025-10-25,1,18:00,27
2025-10-25,1,19:00,31
2025-10-25,2,08:30,17
2025-10-25,2,09:30,1
2025-10-25,2,10:30,2
2025-10-25,2,11:30,5
2025-10-25,2,12:30,13
2025-10-25,2,13:30,10
2025-10-25,2,14:30,25
2025-10-25,2,15:30,00
2025-10-25,2,16:30,32
2025-10-25,2,17:30,12
2025-10-25,2,18:30,28
2025-10-25,2,19:30,9
2025-10-25,3,08:00,2
2025-10-25,3,09:00,36
2025-10-25,3,10:00,0
2025-10-25,3,11:00,31
2025-10-25,3,12:00,8
2025-10-25,3,13:00,00
2025-10-25,3,14:00,15
2025-10-25,3,15:00,21
2025-10-25,3,16:00,28
2025-10-25,3,17:00,5
2025-10-25,3,18:00,25
2025-10-25,3,19:00,15
2025-10-25,3,20:00,4
2025-10-25,3,21:00,1
2025-10-26,1,08:00,7
2025-10-26,1,09:00,3
2025-10-26,1,10:00,0
2025-10-26,1,11:00,23
2025-10-26,1,12:00,9
2025-10-26,1,13:00,8
2025-10-26,1,14:00,15
2025-10-26,1,15:00,13
2025-10-26,1,16:00,20
2025-10-26,1,17:00,17
2025-10-26,1,18:00,35
2025-10-26,1,19:00,12
2025-10-26,2,08:30,11
2025-10-26,2,09:30,32
2025-10-26,2,10:30,6
2025-10-26,2,11:30,12
2025-10-26,2,12:30,23
2025-10-26,2,13:30,20
2025-10-26,2,14:30,33
2025-10-26,2,15:30,30
2025-10-26,2,16:30,34
2025-10-26,2,17:30,25
2025-10-26,2,18:30,36
2025-10-26,2,19:30,34
2025-10-26,3,08:00,30
2025-10-26,3,09:00,25
2025-10-26,3,10:00,36
2025-10-26,3,11:00,15
2025-10-26,3,12:00,33
2025-10-26,3,13:00,15
2025-10-26,3,14:00,17
2025-10-26,3,15:00,4
2025-10-26,3,16:00,4
2025-10-26,3,17:00,2
2025-10-26,3,18:00,33
2025-10-26,3,19:00,36
2025-10-26,3,20:00,10
2025-10-26,3,21:00,33
2025-10-27,1,08:00,31
2025-10-27,1,09:00,5
2025-10-27,1,10:00,12
2025-10-27,1,11:00,34
2025-10-27,1,12:00,6
2025-10-27,1,13:00,23
2025-10-27,1,14:00,26
2025-10-27,1,15:00,8
2025-10-27,1,16:00,30
2025-10-27,1,17:00,25
2025-10-27,1,18:00,33
2025-10-27,1,19:00,5
2025-10-27,2,08:30,3
2025-10-27,2,09:30,31
2025-10-27,2,10:30,8
2025-10-27,2,11:30,24
2025-10-27,2,12:30,19
2025-10-27,2,13:30,21
2025-10-27,2,14:30,16
2025-10-27,2,15:30,36
2025-10-27,2,16:30,26
2025-10-27,2,17:30,35
2025-10-27,2,18:30,20
2025-10-27,2,19:30,4
2025-10-27,3,08:00,11
2025-10-27,3,09:00,29
2025-10-27,3,10:00,25
2025-10-27,3,11:00,8
2025-10-27,3,12:00,21
2025-10-27,3,13:00,36
2025-10-27,3,14:00,27
2025-10-27,3,15:00,35
2025-10-27,3,16:00,11
2025-10-27,3,17:00,10
2025-10-27,3,18:00,31
2025-10-27,3,19:00,6
2025-10-27,3,20:00,17
2025-10-27,3,21:00,15
2025-10-28,1,08:00,24
2025-10-28,1,09:00,7
2025-10-28,1,10:00,10
2025-10-28,1,11:00,00
2025-10-28,1,12:00,31
2025-10-28,1,13:00,8
2025-10-28,1,14:00,1
2025-10-28,1,15:00,16
2025-10-28,1,16:00,0
2025-10-28,1,17:00,3
2025-10-28,1,18:00,00
2025-10-28,1,19:00,4
2025-10-28,2,08:30,11
2025-10-28,2,09:30,12
2025-10-28,2,10:30,7
2025-10-28,2,11:30,31
2025-10-28,2,12:30,17
2025-10-28,2,13:30,30
2025-10-28,2,14:30,34
2025-10-28,2,15:30,33
2025-10-28,2,16:30,10
2025-10-28,2,17:30,14
2025-10-28,2,18:30,4
2025-10-28,2,19:30,15
2025-10-28,3,08:00,2
2025-10-28,3,09:00,11
2025-10-28,3,10:00,15
2025-10-28,3,11:00,4
2025-10-28,3,12:00,34
2025-10-28,3,13:00,20
2025-10-28,3,14:00,5
2025-10-28,3,15:00,30
2025-10-28,3,16:00,10
2025-10-28,3,17:00,9
2025-10-28,3,18:00,32
2025-10-28,3,19:00,27
2025-10-28,3,20:00,20
2025-10-28,3,21:00,23
2025-10-29,1,08:00,34
2025-10-29,1,09:00,18
2025-10-29,1,10:00,7
2025-10-29,1,11:00,21
2025-10-29,1,12:00,16
2025-10-29,1,13:00,17
2025-10-29,1,14:00,00
2025-10-29,1,15:00,29
2025-10-29,1,16:00,24
2025-10-29,1,17:00,00
2025-10-29,1,18:00,8
2025-10-29,1,19:00,15
2025-10-29,2,08:30,3
2025-10-29,2,09:30,24
2025-10-29,2,10:30,28
2025-10-29,2,11:30,30
2025-10-29,2,12:30,9
2025-10-29,2,13:30,35
2025-10-29,2,14:30,32
2025-10-29,2,15:30,33
2025-10-29,2,16:30,4
2025-10-29,2,17:30,16
2025-10-29,2,18:30,18
2025-10-29,2,19:30,7
2025-10-29,3,08:00,20
2025-10-29,3,09:00,7
2025-10-29,3,10:00,30
2025-10-29,3,11:00,21
2025-10-29,3,12:00,9
2025-10-29,3,13:00,3
2025-10-29,3,14:00,29
2025-10-29,3,15:00,22
2025-10-29,3,16:00,29
2025-10-29,3,17:00,21
2025-10-29,3,18:00,24
2025-10-29,3,19:00,17
2025-10-29,3,20:00,32
2025-10-29,3,21:00,8
2025-10-30,1,08:00,10
2025-10-30,1,09:00,24
2025-10-30,1,10:00,20
2025-10-30,1,11:00,23
2025-10-30,1,12:00,6
2025-10-30,1,13:00,19
2025-10-30,1,14:00,31
2025-10-30,1,15:00,18
2025-10-30,1,16:00,29
2025-10-30,1,17:00,17
2025-10-30,1,18:00,16
2025-10-30,1,19:00,28
2025-10-30,2,08:30,15
2025-10-30,2,09:30,14
2025-10-30,2,10:30,12
2025-10-30,2,11:30,32
2025-10-30,2,12:30,21
2025-10-30,2,13:30,3
2025-10-30,2,14:30,17
2025-10-30,2,15:30,11
2025-10-30,2,16:30,7
2025-10-30,2,17:30,19
2025-10-30,2,18:30,4
2025-10-30,2,19:30,35
2025-10-30,3,08:00,27
2025-10-30,3,09:00,24
2025-10-30,3,10:00,27
2025-10-30,3,11:00,5
2025-10-30,3,12:00,5
2025-10-30,3,13:00,23
2025-10-30,3,14:00,7
2025-10-30,3,15:00,15
2025-10-30,3,16:00,6
2025-10-30,3,17:00,23
2025-10-30,3,18:00,9
2025-10-30,3,19:00,11
2025-10-30,3,20:00,1
2025-10-30,3,21:00,1
2025-10-31,1,08:00,17
2025-10-31,1,09:00,12
2025-10-31,1,10:00,24
2025-10-31,1,11:00,15
2025-10-31,1,12:00,00
2025-10-31,1,13:00,5
2025-10-31,1,14:00,29
2025-10-31,1,15:00,21
2025-10-31,1,16:00,33
2025-10-31,1,17:00,22
2025-10-31,1,18:00,30
2025-10-31,1,19:00,33
2025-10-31,2,08:30,24
2025-10-31,2,09:30,23
2025-10-31,2,10:30,27
2025-10-31,2,11:30,34
2025-10-31,2,12:30,20
2025-10-31,2,13:30,35
2025-10-31,2,14:30,2
2025-10-31,2,15:30,15
2025-10-31,2,16:30,7
2025-10-31,2,17:30,9
2025-10-31,2,18:30,28
2025-10-31,2,19:30,18
2025-10-31,3,08:00,4
2025-10-31,3,09:00,12
2025-10-31,3,10:00,20
2025-10-31,3,11:00,2
2025-10-31,3,12:00,27
2025-10-31,3,13:00,14
2025-10-31,3,14:00,35
2025-10-31,3,15:00,24
2025-10-31,3,16:00,34
2025-10-31,3,17:00,22
2025-10-31,3,18:00,00
2025-10-31,3,19:00,17
2025-10-31,3,20:00,4
2025-10-31,3,21:00,26
2025-11-01,1,08:00,15
2025-11-01,1,09:00,35
2025-11-01,1,10:00,7
2025-11-01,1,11:00,23
2025-11-01,1,12:00,6
2025-11-01,1,13:00,18
2025-11-01,1,14:00,33
2025-11-01,1,15:00,4
2025-11-01,1,16:00,30
2025-11-01,1,17:00,14
2025-11-01,1,18:00,23
2025-11-01,1,19:00,19
2025-11-01,2,08:30,30
2025-11-01,2,09:30,17
2025-11-01,2,10:30,21
2025-11-01,2,11:30,10
2025-11-01,2,12:30,4
2025-11-01,2,13:30,11
2025-11-01,2,14:30,35
2025-11-01,2,15:30,3
2025-11-01,2,16:30,12
2025-11-01,2,17:30,29
2025-11-01,2,18:30,33
2025-11-01,2,19:30,15
2025-11-01,3,08:00,17
2025-11-01,3,09:00,17
2025-11-01,3,10:00,15
2025-11-01,3,11:00,16
2025-11-01,3,12:00,29
2025-11-01,3,13:00,20
2025-11-01,3,14:00,20
2025-11-01,3,15:00,0
2025-11-01,3,16:00,22
2025-11-01,3,17:00,4
2025-11-01,3,18:00,17
2025-11-01,3,19:00,27
2025-11-01,3,20:00,36
2025-11-01,3,21:00,1
2025-11-02,1,08:00,21
2025-11-02,1,09:00,33
2025-11-02,1,10:00,34
2025-11-02,1,11:00,15
2025-11-02,1,12:00,6
2025-11-02,1,13:00,17
2025-11-02,1,14:00,0
2025-11-02,1,15:00,26
2025-11-02,1,16:00,00
2025-11-02,1,17:00,14
2025-11-02,1,18:00,7
2025-11-02,1,19:00,29
2025-11-02,2,08:30,20
2025-11-02,2,09:30,16
2025-11-02,2,10:30,8
2025-11-02,2,11:30,00
2025-11-02,2,12:30,27
2025-11-02,2,13:30,25
2025-11-02,2,14:30,22
2025-11-02,2,15:30,5
2025-11-02,2,16:30,34
2025-11-02,2,17:30,21
2025-11-02,2,18:30,32
2025-11-02,2,19:30,36
2025-11-02,3,08:00,35
2025-11-02,3,09:00,31
2025-11-02,3,10:00,14
2025-11-02,3,11:00,14
2025-11-02,3,12:00,8
2025-11-02,3,13:00,0
2025-11-02,3,14:00,11
2025-11-02,3,15:00,3
2025-11-02,3,16:00,0
2025-11-02,3,17:00,13
2025-11-02,3,18:00,9
2025-11-02,3,19:00,2
2025-11-02,3,20:00,10
2025-11-02,3,21:00,23
2025-11-03,1,08:00,20
2025-11-03,1,09:00,19
2025-11-03,1,10:00,33
2025-11-03,1,11:00,18
2025-11-03,1,12:00,29
2025-11-03,1,13:00,10
2025-11-03,1,14:00,22
2025-11-03,1,15:00,27
2025-11-03,1,16:00,31
2025-11-03,1,17:00,3
2025-11-03,1,18:00,10
2025-11-03,1,19:00,12
2025-11-03,2,08:30,24
2025-11-03,2,09:30,18
2025-11-03,2,10:30,2
2025-11-03,2,11:30,19
2025-11-03,2,12:30,22
2025-11-03,2,13:30,10
2025-11-03,2,14:30,28
2025-11-03,2,15:30,20
2025-11-03,2,16:30,21
2025-11-03,2,17:30,11
2025-11-03,2,18:30,3
2025-11-03,2,19:30,9
2025-11-03,3,08:00,14
2025-11-03,3,09:00,35
2025-11-03,3,10:00,35
2025-11-03,3,11:00,36
2025-11-03,3,12:00,8
2025-11-03,3,13:00,20
2025-11-03,3,14:00,10
2025-11-03,3,15:00,34
2025-11-03,3,16:00,24
2025-11-03,3,17:00,13
2025-11-03,3,18:00,24
2025-11-03,3,19:00,1
2025-11-03,3,20:00,3
2025-11-03,3,21:00,30
2025-11-04,1,08:00,10
2025-11-04,1,09:00,15
2025-11-04,1,10:00,17
2025-11-04,1,11:00,26
2025-11-04,1,12:00,24
2025-11-04,1,13:00,22
2025-11-04,1,14:00,12
2025-11-04,1,15:00,35
2025-11-04,1,16:00,16
2025-11-04,1,17:00,32
2025-11-04,1,18:00,7
2025-11-04,1,19:00,18
2025-11-04,2,08:30,26
2025-11-04,2,09:30,6
2025-11-04,2,10:30,9
2025-11-04,2,11:30,34
2025-11-04,2,12:30,32
2025-11-04,2,13:30,0
2025-11-04,2,14:30,31
2025-11-04,2,15:30,29
2025-11-04,2,16:30,24
2025-11-04,2,17:30,3
2025-11-04,2,18:30,1
2025-11-04,2,19:30,17
2025-11-04,3,08:00,10
2025-11-04,3,09:00,20
2025-11-04,3,10:00,22
2025-11-04,3,11:00,35
2025-11-04,3,12:00,22
2025-11-04,3,13:00,27
2025-11-04,3,14:00,21
2025-11-04,3,15:00,34
2025-11-04,3,16:00,1
2025-11-04,3,17:00,21
2025-11-04,3,18:00,26
2025-11-04,3,19:00,20
2025-11-04,3,20:00,5
2025-11-04,3,21:00,33
2025-11-05,1,08:00,20
2025-11-05,1,09:00,24
2025-11-05,1,10:00,21
2025-11-05,1,11:00,17
2025-11-05,1,12:00,9
2025-11-05,1,13:00,15
2025-11-05,1,14:00,4
2025-11-05,1,15:00,10
2025-11-05,1,16:00,23
2025-11-05,1,17:00,1
2025-11-05,1,18:00,28
2025-11-05,1,19:00,28
2025-11-05,2,08:30,30
2025-11-05,2,09:30,18
2025-11-05,2,10:30,34
2025-11-05,2,11:30,20
2025-11-05,2,12:30,10
2025-11-05,2,13:30,36
2025-11-05,2,14:30,9
2025-11-05,2,15:30,14
2025-11-05,2,16:30,24
2025-11-05,2,17:30,33
2025-11-05,2,18:30,0
2025-11-05,2,19:30,12
2025-11-05,3,08:00,5
2025-11-05,3,09:00,21
2025-11-05,3,10:00,15
2025-11-05,3,11:00,29
2025-11-05,3,12:00,20
2025-11-05,3,13:00,15
2025-11-05,3,14:00,28
2025-11-05,3,15:00,3
2025-11-05,3,16:00,8
2025-11-05,3,17:00,13
2025-11-05,3,18:00,22
2025-11-05,3,19:00,12
2025-11-05,3,20:00,30
2025-11-05,3,21:00,29
2025-11-06,1,08:00,12
2025-11-06,1,09:00,15
2025-11-06,1,10:00,19
2025-11-06,1,11:00,4
2025-11-06,1,12:00,16
2025-11-06,1,13:00,29
2025-11-06,1,14:00,2
2025-11-06,1,15:00,13
2025-11-06,1,16:00,3
2025-11-06,1,17:00,20
2025-11-06,1,18:00,1
2025-11-06,1,19:00,6
2025-11-06,2,08:30,28
2025-11-06,2,09:30,32
2025-11-06,2,10:30,6
2025-11-06,2,11:30,20
2025-11-06,2,12:30,11
2025-11-06,2,13:30,21
2025-11-06,2,14:30,33
2025-11-06,2,15:30,9
2025-11-06,2,16:30,8
2025-11-06,2,17:30,0
2025-11-06,2,18:30,3
2025-11-06,2,19:30,16
2025-11-06,3,08:00,16
2025-11-06,3,09:00,11
2025-11-06,3,10:00,31
2025-11-06,3,11:00,3
2025-11-06,3,12:00,9
2025-11-06,3,13:00,25
2025-11-06,3,14:00,17
2025-11-06,3,15:00,22
2025-11-06,3,16:00,0
2025-11-06,3,17:00,27
2025-11-06,3,18:00,8
2025-11-06,3,19:00,0
2025-11-06,3,20:00,00
2025-11-06,3,21:00,21
2025-11-07,1,08:00,20
2025-11-07,1,09:00,0
2025-11-07,1,10:00,29
2025-11-07,1,11:00,15
2025-11-07,1,12:00,31
2025-11-07,1,13:00,33
2025-11-07,1,14:00,4
2025-11-07,1,15:00,18
2025-11-07,1,16:00,1
2025-11-07,1,17:00,35
2025-11-07,1,18:00,4
2025-11-07,1,19:00,13
2025-11-07,2,08:30,35
2025-11-07,2,09:30,2
2025-11-07,2,10:30,16
2025-11-07,2,11:30,4
2025-11-07,2,12:30,30
2025-11-07,2,13:30,1
2025-11-07,2,14:30,18
2025-11-07,2,15:30,34
2025-11-07,2,16:30,28
2025-11-07,2,17:30,24
2025-11-07,2,18:30,20
2025-11-07,2,19:30,25
2025-11-07,3,08:00,7
2025-11-07,3,09:00,12
2025-11-07,3,10:00,7
2025-11-07,3,11:00,23
2025-11-07,3,12:00,30
2025-11-07,3,13:00,7
2025-11-07,3,14:00,31
2025-11-07,3,15:00,9
2025-11-07,3,16:00,12
2025-11-07,3,17:00,30
2025-11-07,3,18:00,4
2025-11-07,3,19:00,6
2025-11-07,3,20:00,29
2025-11-07,3,21:00,23
2025-11-08,1,08:00,16
2025-11-08,1,09:00,20
2025-11-08,1,10:00,6
2025-11-08,1,11:00,23
2025-11-08,1,12:00,2
2025-11-08,1,13:00,18
2025-11-08,1,14:00,5
2025-11-08,1,15:00,9
2025-11-08,1,16:00,0
2025-11-08,1,17:00,3
2025-11-08,1,18:00,4
2025-11-08,1,19:00,13
2025-11-08,2,08:30,22
2025-11-08,2,09:30,36
2025-11-08,2,10:30,11
2025-11-08,2,11:30,0
2025-11-08,2,12:30,6
2025-11-08,2,13:30,17
2025-11-08,2,14:30,30
2025-11-08,2,15:30,31
2025-11-08,2,16:30,1
2025-11-08,2,17:30,23
2025-11-08,2,18:30,9
2025-11-08,2,19:30,20
2025-11-08,3,08:00,27
2025-11-08,3,09:00,30
2025-11-08,3,10:00,32
2025-11-08,3,11:00,1
2025-11-08,3,12:00,19
2025-11-08,3,13:00,17
2025-11-08,3,14:00,15
2025-11-08,3,15:00,31
2025-11-08,3,16:00,12
2025-11-08,3,17:00,31
2025-11-08,3,18:00,7
2025-11-08,3,19:00,6
2025-11-08,3,20:00,36
2025-11-08,3,21:00,28
2025-11-09,1,08:00,23
2025-11-09,1,09:00,29
2025-11-09,1,10:00,9
2025-11-09,1,11:00,30
2025-11-09,1,12:00,35
2025-11-09,1,13:00,32
2025-11-09,1,14:00,34
2025-11-09,1,15:00,20
2025-11-09,1,16:00,8
2025-11-09,1,17:00,3
2025-11-09,1,18:00,31
2025-11-09,1,19:00,00
2025-11-09,2,08:30,34
2025-11-09,2,09:30,3
2025-11-09,2,10:30,14
2025-11-09,2,11:30,4
2025-11-09,2,12:30,15
2025-11-09,2,13:30,21
2025-11-09,2,14:30,22
2025-11-09,2,15:30,1
2025-11-09,2,16:30,13
2025-11-09,2,17:30,26
2025-11-09,2,18:30,32
2025-11-09,2,19:30,14
2025-11-09,3,08:00,3
2025-11-09,3,09:00,16
2025-11-09,3,10:00,1
2025-11-09,3,11:00,9
2025-11-09,3,12:00,13
2025-11-09,3,13:00,00
2025-11-09,3,14:00,00
2025-11-09,3,15:00,6
2025-11-09,3,16:00,6
2025-11-09,3,17:00,15
2025-11-09,3,18:00,0
2025-11-09,3,19:00,29
2025-11-09,3,20:00,25
2025-11-09,3,21:00,10
2025-11-10,1,08:00,16
2025-11-10,1,09:00,35
2025-11-10,1,10:00,24
2025-11-10,1,11:00,28
2025-11-10,1,12:00,4
2025-11-10,1,13:00,0
2025-11-10,1,14:00,20
2025-11-10,1,15:00,10
2025-11-10,1,16:00,12
2025-11-10,1,17:00,7
2025-11-10,1,18:00,25
2025-11-10,1,19:00,20
2025-11-10,2,08:30,23
2025-11-10,2,09:30,31
2025-11-10,2,10:30,00
2025-11-10,2,11:30,34
2025-11-10,2,12:30,9
2025-11-10,2,13:30,24
2025-11-10,2,14:30,0
2025-11-10,2,15:30,32
2025-11-10,2,16:30,28
2025-11-10,2,17:30,26
2025-11-10,2,18:30,34
2025-11-10,2,19:30,29
2025-11-10,3,08:00,26
2025-11-10,3,09:00,5
2025-11-10,3,10:00,4
2025-11-10,3,11:00,7
2025-11-10,3,12:00,33
2025-11-10,3,13:00,12
2025-11-10,3,14:00,17
2025-11-10,3,15:00,4
2025-11-10,3,16:00,5
2025-11-10,3,17:00,24
2025-11-10,3,18:00,17
2025-11-10,3,19:00,34
2025-11-10,3,20:00,11
2025-11-10,3,21:00,3
2025-11-11,1,08:00,00
2025-11-11,1,09:00,4
2025-11-11,1,10:00,9
2025-11-11,1,11:00,10
2025-11-11,1,12:00,6
2025-11-11,1,13:00,0
2025-11-11,1,14:00,11
2025-11-11,1,15:00,19
2025-11-11,1,16:00,15
2025-11-11,1,17:00,18
2025-11-11,1,18:00,5
2025-11-11,1,19:00,4
2025-11-11,2,08:30,0
2025-11-11,2,09:30,12
2025-11-11,2,10:30,23
2025-11-11,2,11:30,15
2025-11-11,2,12:30,1
2025-11-11,2,13:30,16
2025-11-11,2,14:30,31
2025-11-11,2,15:30,14
2025-11-11,2,16:30,36
2025-11-11,2,17:30,9
2025-11-11,2,18:30,5
2025-11-11,2,19:30,7
2025-11-11,3,08:00,35
2025-11-11,3,09:00,32
2025-11-11,3,10:00,5
2025-11-11,3,11:00,34
2025-11-11,3,12:00,00
2025-11-11,3,13:00,15
2025-11-11,3,14:00,15
2025-11-11,3,15:00,21
2025-11-11,3,16:00,7
2025-11-11,3,17:00,24
2025-11-11,3,18:00,29
2025-11-11,3,19:00,15
2025-11-11,3,20:00,6
2025-11-11,3,21:00,35
2025-11-12,1,08:00,15
2025-11-12,1,09:00,2
2025-11-12,1,10:00,5
2025-11-12,1,11:00,33
2025-11-12,1,12:00,28
2025-11-12,1,13:00,20
2025-11-12,1,14:00,31
2025-11-12,1,15:00,25
2025-11-12,1,16:00,17
2025-11-12,1,17:00,2
2025-11-12,1,18:00,10
2025-11-12,1,19:00,4
2025-11-12,2,08:30,29
2025-11-12,2,09:30,12
2025-11-12,2,10:30,28
2025-11-12,2,11:30,34
2025-11-12,2,12:30,30
2025-11-12,2,13:30,2
2025-11-12,2,14:30,16
2025-11-12,2,15:30,24
2025-11-12,2,16:30,7
2025-11-12,2,17:30,10
2025-11-12,2,18:30,32
2025-11-12,2,19:30,1
2025-11-12,3,08:00,1
2025-11-12,3,09:00,0
2025-11-12,3,10:00,26
2025-11-12,3,11:00,29
2025-11-12,3,12:00,28
2025-11-12,3,13:00,12
2025-11-12,3,14:00,5
2025-11-12,3,15:00,16
2025-11-12,3,16:00,29
2025-11-12,3,17:00,1
2025-11-12,3,18:00,34
2025-11-12,3,19:00,33
2025-11-12,3,20:00,25
2025-11-12,3,21:00,00
2025-11-13,1,08:00,30
2025-11-13,1,09:00,6
2025-11-13,1,10:00,2
2025-11-13,1,11:00,00
2025-11-13,1,12:00,15
2025-11-13,1,13:00,10
2025-11-13,1,14:00,18
2025-11-13,1,15:00,8
2025-11-13,1,16:00,19
2025-11-13,1,17:00,33
2025-11-13,1,18:00,32
2025-11-13,1,19:00,9
2025-11-13,2,08:30,33
2025-11-13,2,09:30,14
2025-11-13,2,10:30,29
2025-11-13,2,11:30,20
2025-11-13,2,12:30,22
2025-11-13,2,13:30,4
2025-11-13,2,14:30,17
2025-11-13,2,15:30,33
2025-11-13,2,16:30,6
2025-11-13,2,17:30,5
2025-11-13,2,18:30,1
2025-11-13,2,19:30,32
2025-11-13,3,08:00,8
2025-11-13,3,09:00,23
2025-11-13,3,10:00,13
2025-11-13,3,11:00,3
2025-11-13,3,12:00,35
2025-11-13,3,13:00,29
2025-11-13,3,14:00,15
2025-11-13,3,15:00,6
2025-11-13,3,16:00,7
2025-11-13,3,17:00,24
2025-11-13,3,18:00,36
2025-11-13,3,19:00,20
2025-11-13,3,20:00,33
2025-11-13,3,21:00,14
2025-11-14,1,08:00,00
2025-11-14,1,09:00,17
2025-11-14,1,10:00,36
2025-11-14,1,11:00,10
2025-11-14,1,12:00,3
2025-11-14,1,13:00,35
2025-11-14,1,14:00,16
2025-11-14,1,15:00,5
2025-11-14,1,16:00,32
2025-11-14,1,17:00,19
2025-11-14,1,18:00,32
2025-11-14,1,19:00,30
2025-11-14,2,08:30,31
2025-11-14,2,09:30,34
2025-11-14,2,10:30,24
2025-11-14,2,11:30,5
2025-11-14,2,12:30,22
2025-11-14,2,13:30,18
2025-11-14,2,14:30,17
2025-11-14,2,15:30,26
2025-11-14,2,16:30,1
2025-11-14,2,17:30,7
2025-11-14,2,18:30,15
2025-11-14,2,19:30,16
2025-11-14,3,08:00,6
2025-11-14,3,09:00,19
2025-11-14,3,10:00,0
2025-11-14,3,11:00,26
2025-11-14,3,12:00,20
2025-11-14,3,13:00,24
2025-11-14,3,14:00,8
2025-11-14,3,15:00,22
2025-11-14,3,16:00,29
2025-11-14,3,17:00,27
2025-11-14,3,18:00,25
2025-11-14,3,19:00,21
2025-11-14,3,20:00,33
2025-11-14,3,21:00,28
2025-11-15,1,08:00,36
2025-11-15,1,09:00,31
2025-11-15,1,10:00,0
2025-11-15,1,11:00,17
2025-11-15,1,12:00,9
2025-11-15,1,13:00,21
2025-11-15,1,14:00,20
2025-11-15,1,15:00,00
2025-11-15,1,16:00,14
2025-11-15,1,17:00,0
2025-11-15,1,18:00,29
2025-11-15,1,19:00,34
2025-11-15,2,08:30,20
2025-11-15,2,09:30,35
2025-11-15,2,10:30,32
2025-11-15,2,11:30,36
2025-11-15,2,12:30,11
2025-11-15,2,13:30,29
2025-11-15,2,14:30,1
2025-11-15,2,15:30,00
2025-11-15,2,16:30,26
2025-11-15,2,17:30,33
2025-11-15,2,18:30,31
2025-11-15,2,19:30,14
2025-11-15,3,08:00,26
2025-11-15,3,09:00,34
2025-11-15,3,10:00,4
2025-11-15,3,11:00,27
2025-11-15,3,12:00,31
2025-11-15,3,13:00,36
2025-11-15,3,14:00,9
2025-11-15,3,15:00,1
2025-11-15,3,16:00,23
2025-11-15,3,17:00,8
2025-11-15,3,18:00,18
2025-11-15,3,19:00,22
2025-11-15,3,20:00,35
2025-11-15,3,21:00,23
2025-11-16,1,08:00,3
2025-11-16,1,09:00,10
2025-11-16,1,10:00,9
2025-11-16,1,11:00,14
2025-11-16,1,12:00,31
2025-11-16,1,13:00,2
2025-11-16,1,14:00,23
2025-11-16,1,15:00,29
2025-11-16,1,16:00,00
2025-11-16,1,17:00,32
2025-11-16,1,18:00,34
2025-11-16,1,19:00,22
2025-11-16,2,08:30,0
2025-11-16,2,09:30,24
2025-11-16,2,10:30,3
2025-11-16,2,11:30,10
2025-11-16,2,12:30,15
2025-11-16,2,13:30,7
2025-11-16,2,14:30,31
2025-11-16,2,15:30,20
2025-11-16,2,16:30,18
2025-11-16,2,17:30,9
2025-11-16,2,18:30,2
2025-11-16,2,19:30,24
2025-11-16,3,08:00,0
2025-11-16,3,09:00,17
2025-11-16,3,10:00,13
2025-11-16,3,11:00,16
2025-11-16,3,12:00,13
2025-11-16,3,13:00,00
2025-11-16,3,14:00,36
2025-11-16,3,15:00,6
2025-11-16,3,16:00,25
2025-11-16,3,17:00,30
2025-11-16,3,18:00,5
2025-11-16,3,19:00,0
2025-11-16,3,20:00,00
2025-11-16,3,21:00,28
2025-11-17,1,08:00,00
2025-11-17,1,09:00,19
2025-11-17,1,10:00,30
2025-11-17,1,11:00,14
2025-11-17,1,12:00,16
2025-11-17,1,13:00,4
2025-11-17,1,14:00,34
2025-11-17,1,15:00,15
2025-11-17,1,16:00,7
2025-11-17,1,17:00,6
2025-11-17,1,18:00,2
2025-11-17,1,19:00,31
2025-11-17,2,08:30,34
2025-11-17,2,09:30,23
2025-11-17,2,10:30,2
2025-11-17,2,11:30,30
2025-11-17,2,12:30,35
2025-11-17,2,13:30,1
2025-11-17,2,14:30,21
2025-11-17,2,15:30,9
2025-11-17,2,16:30,16
2025-11-17,2,17:30,7
2025-11-17,2,18:30,10
2025-11-17,2,19:30,00
2025-11-17,3,08:00,27
2025-11-17,3,09:00,28
2025-11-17,3,10:00,32
2025-11-17,3,11:00,33
2025-11-17,3,12:00,7
2025-11-17,3,13:00,17
2025-11-17,3,14:00,19
2025-11-17,3,15:00,25
2025-11-17,3,16:00,31
2025-11-17,3,17:00,23
2025-11-17,3,18:00,2
2025-11-17,3,19:00,30
2025-11-17,3,20:00,1
2025-11-17,3,21:00,12
2025-11-18,1,08:00,2
2025-11-18,1,09:00,35
2025-11-18,1,10:00,5
2025-11-18,1,11:00,1
2025-11-18,1,12:00,32
2025-11-18,1,13:00,21
2025-11-18,1,14:00,10
2025-11-18,1,15:00,7
2025-11-18,1,16:00,36
2025-11-18,1,17:00,11
2025-11-18,1,18:00,14
2025-11-18,1,19:00,10
2025-11-18,2,08:30,26
2025-11-18,2,09:30,10
2025-11-18,2,10:30,36
2025-11-18,2,11:30,34
2025-11-18,2,12:30,22
2025-11-18,2,13:30,7
2025-11-18,2,14:30,28
2025-11-18,2,15:30,31
2025-11-18,2,16:30,16
2025-11-18,2,17:30,12
2025-11-18,2,18:30,6
2025-11-18,2,19:30,3
2025-11-18,3,08:00,21
2025-11-18,3,09:00,8
2025-11-18,3,10:00,7
2025-11-18,3,11:00,0
2025-11-18,3,12:00,19
2025-11-18,3,13:00,20
2025-11-18,3,14:00,27
2025-11-18,3,15:00,0
2025-11-18,3,16:00,35
2025-11-18,3,17:00,28
2025-11-18,3,18:00,34
2025-11-18,3,19:00,35
2025-11-18,3,20:00,7
2025-11-18,3,21:00,31
2025-11-19,1,08:00,0
2025-11-19,1,09:00,32
2025-11-19,1,10:00,3
2025-11-19,1,11:00,16
2025-11-19,1,12:00,6
2025-11-19,1,13:00,28
2025-11-19,1,14:00,24
2025-11-19,1,15:00,26
2025-11-19,1,16:00,23
2025-11-19,1,17:00,3
2025-11-19,1,18:00,8
2025-11-19,1,19:00,17
2025-11-19,2,08:30,14
2025-11-19,2,09:30,35
2025-11-19,2,10:30,16
2025-11-19,2,11:30,21
2025-11-19,2,12:30,5
2025-11-19,2,13:30,22
2025-11-19,2,14:30,1
2025-11-19,2,15:30,28
2025-11-19,2,16:30,31
2025-11-19,2,17:30,7
2025-11-19,2,18:30,00
2025-11-19,2,19:30,26
2025-11-19,3,08:00,16
2025-11-19,3,09:00,10
2025-11-19,3,10:00,11
2025-11-19,3,11:00,22
2025-11-19,3,12:00,32
2025-11-19,3,13:00,32
2025-11-19,3,14:00,36
2025-11-19,3,15:00,2
2025-11-19,3,16:00,24
2025-11-19,3,17:00,30
2025-11-19,3,18:00,5
2025-11-19,3,19:00,1
2025-11-19,3,20:00,15
2025-11-19,3,21:00,4
2025-11-20,1,08:00,17
2025-11-20,1,09:00,3
2025-11-20,1,10:00,14
2025-11-20,1,11:00,1
2025-11-20,1,12:00,4
2025-11-20,1,13:00,11
2025-11-20,1,14:00,0
2025-11-20,1,15:00,36
2025-11-20,1,16:00,32
2025-11-20,1,17:00,12
2025-11-20,1,18:00,5
2025-11-20,1,19:00,15
2025-11-20,2,08:30,10
2025-11-20,2,09:30,0
2025-11-20,2,10:30,27
2025-11-20,2,11:30,5
2025-11-20,2,12:30,22
2025-11-20,2,13:30,31
2025-11-20,2,14:30,15
2025-11-20,2,15:30,2
2025-11-20,2,16:30,18
2025-11-20,2,17:30,30
2025-11-20,2,18:30,36
2025-11-20,2,19:30,18
2025-11-20,3,08:00,1
2025-11-20,3,09:00,36
2025-11-20,3,10:00,31
2025-11-20,3,11:00,2
2025-11-20,3,12:00,33
2025-11-20,3,13:00,3
2025-11-20,3,14:00,14
2025-11-20,3,15:00,16
2025-11-20,3,16:00,30
2025-11-20,3,17:00,21
2025-11-20,3,18:00,21
2025-11-20,3,19:00,7
2025-11-20,3,20:00,18
2025-11-20,3,21:00,27
2025-11-21,1,08:00,8
2025-11-21,1,09:00,34
2025-11-21,1,10:00,2
2025-11-21,1,11:00,3
2025-11-21,1,12:00,14
2025-11-21,1,13:00,13
2025-11-21,1,14:00,13
2025-11-21,1,15:00,28
2025-11-21,1,16:00,10
2025-11-21,1,17:00,32
2025-11-21,1,18:00,20
2025-11-21,1,19:00,2
2025-11-21,2,08:30,12
2025-11-21,2,09:30,16
2025-11-21,2,10:30,27
2025-11-21,2,11:30,00
2025-11-21,2,12:30,1
2025-11-21,2,13:30,35
2025-11-21,2,14:30,29
2025-11-21,2,15:30,3
2025-11-21,2,16:30,11
2025-11-21,2,17:30,36
2025-11-21,2,18:30,32
2025-11-21,2,19:30,15
2025-11-21,3,08:00,16
2025-11-21,3,09:00,27
2025-11-21,3,10:00,13
2025-11-21,3,11:00,31
2025-11-21,3,12:00,11
2025-11-21,3,13:00,5
2025-11-21,3,14:00,11
2025-11-21,3,15:00,6
2025-11-21,3,16:00,25
2025-11-21,3,17:00,13
2025-11-21,3,18:00,18
2025-11-21,3,19:00,31
2025-11-21,3,20:00,17
2025-11-21,3,21:00,13
2025-11-22,1,08:00,19
2025-11-22,1,09:00,8
2025-11-22,1,10:00,30
2025-11-22,1,11:00,13
2025-11-22,1,12:00,5
2025-11-22,1,13:00,36
2025-11-22,1,14:00,17
2025-11-22,1,15:00,2
2025-11-22,1,16:00,0
2025-11-22,1,17:00,28
2025-11-22,1,18:00,12
2025-11-22,1,19:00,14
2025-11-22,2,08:30,18
2025-11-22,2,09:30,20
2025-11-22,2,10:30,17
2025-11-22,2,11:30,28
2025-11-22,2,12:30,22
2025-11-22,2,13:30,16
2025-11-22,2,14:30,9
2025-11-22,2,15:30,30
2025-11-22,2,16:30,8
2025-11-22,2,17:30,5
2025-11-22,2,18:30,32
2025-11-22,2,19:30,26
2025-11-22,3,08:00,30
2025-11-22,3,09:00,20
2025-11-22,3,10:00,7
2025-11-22,3,11:00,20
2025-11-22,3,12:00,32
2025-11-22,3,13:00,18
2025-11-22,3,14:00,12
2025-11-22,3,15:00,25
2025-11-22,3,16:00,7
2025-11-22,3,17:00,15
2025-11-22,3,18:00,19
2025-11-22,3,19:00,12
2025-11-22,3,20:00,10
2025-11-22,3,21:00,33
2025-11-23,1,08:00,5
2025-11-23,1,09:00,13
2025-11-23,1,10:00,33
2025-11-23,1,11:00,17
2025-11-23,1,12:00,35
2025-11-23,1,13:00,6
2025-11-23,1,14:00,31
2025-11-23,1,15:00,28
2025-11-23,1,16:00,15
2025-11-23,1,17:00,26
2025-11-23,1,18:00,32
2025-11-23,1,19:00,16
2025-11-23,2,08:30,7
2025-11-23,2,09:30,23
2025-11-23,2,10:30,26
2025-11-23,2,11:30,11
2025-11-23,2,12:30,24
2025-11-23,2,13:30,10
2025-11-23,2,14:30,8
2025-11-23,2,15:30,19
2025-11-23,2,16:30,33
2025-11-23,2,17:30,28
2025-11-23,2,18:30,22
2025-11-23,2,19:30,21
2025-11-23,3,08:00,2
2025-11-23,3,09:00,13
2025-11-23,3,10:00,26
2025-11-23,3,11:00,00
2025-11-23,3,12:00,31
2025-11-23,3,13:00,26
2025-11-23,3,14:00,9
2025-11-23,3,15:00,34
2025-11-23,3,16:00,25
2025-11-23,3,17:00,9
2025-11-23,3,18:00,16
2025-11-23,3,19:00,18
2025-11-23,3,20:00,0
2025-11-23,3,21:00,10
2025-11-24,1,08:00,36
2025-11-24,1,09:00,2
2025-11-24,1,10:00,29
2025-11-24,1,11:00,1
2025-11-24,1,12:00,11
2025-11-24,1,13:00,23
2025-11-24,1,14:00,19
2025-11-24,1,15:00,13
2025-11-24,1,16:00,14
2025-11-24,1,17:00,32
2025-11-24,1,18:00,1
2025-11-24,1,19:00,16
2025-11-24,2,08:30,16
2025-11-24,2,09:30,5
2025-11-24,2,10:30,2
2025-11-24,2,11:30,9
2025-11-24,2,12:30,17
2025-11-24,2,13:30,11
2025-11-24,2,14:30,29
2025-11-24,2,15:30,19
2025-11-24,2,16:30,6
2025-11-24,2,17:30,0
2025-11-24,2,18:30,14
2025-11-24,2,19:30,7
2025-11-24,3,08:00,29
2025-11-24,3,09:00,21
2025-11-24,3,10:00,6
2025-11-24,3,11:00,27
2025-11-24,3,12:00,4
2025-11-24,3,13:00,11
2025-11-24,3,14:00,9
2025-11-24,3,15:00,5
2025-11-24,3,16:00,3
2025-11-24,3,17:00,24
2025-11-24,3,18:00,25
2025-11-24,3,19:00,6
2025-11-24,3,20:00,1
2025-11-24,3,21:00,33
2025-11-25,1,08:00,35
2025-11-25,1,09:00,36
2025-11-25,1,10:00,30
2025-11-25,1,11:00,13
2025-11-25,1,12:00,20
2025-11-25,1,13:00,12
2025-11-25,1,14:00,11
2025-11-25,1,15:00,3
2025-11-25,1,16:00,32
2025-11-25,1,17:00,24
2025-11-25,1,18:00,33
2025-11-25,1,19:00,19
2025-11-25,2,08:30,0
2025-11-25,2,09:30,8
2025-11-25,2,10:30,23
2025-11-25,2,11:30,33
2025-11-25,2,12:30,2
2025-11-25,2,13:30,6
2025-11-25,2,14:30,28
2025-11-25,2,15:30,3
2025-11-25,2,16:30,19
2025-11-25,2,17:30,20
2025-11-25,2,18:30,14
2025-11-25,2,19:30,11
2025-11-25,3,08:00,35
2025-11-25,3,09:00,17
2025-11-25,3,10:00,29
2025-11-25,3,11:00,34
2025-11-25,3,12:00,5
2025-11-25,3,13:00,32
2025-11-25,3,14:00,18
2025-11-25,3,15:00,25
2025-11-25,3,16:00,35
2025-11-25,3,17:00,35
2025-11-25,3,18:00,26
2025-11-25,3,19:00,25
2025-11-25,3,20:00,29
2025-11-25,3,21:00,22
2025-11-26,1,08:00,3
2025-11-26,1,09:00,2
2025-11-26,1,10:00,8
2025-11-26,1,11:00,15
2025-11-26,1,12:00,33
2025-11-26,1,13:00,11
2025-11-26,1,14:00,9
2025-11-26,1,15:00,34
2025-11-26,1,16:00,30
2025-11-26,1,17:00,17
2025-11-26,1,18:00,35
2025-11-26,1,19:00,32
2025-11-26,2,08:30,5
2025-11-26,2,09:30,7
2025-11-26,2,10:30,1
2025-11-26,2,11:30,30
2025-11-26,2,12:30,23
2025-11-26,2,13:30,16
2025-11-26,2,14:30,00
2025-11-26,2,15:30,32
2025-11-26,2,16:30,23
2025-11-26,2,17:30,11
2025-11-26,2,18:30,4
2025-11-26,2,19:30,19
2025-11-26,3,08:00,31
2025-11-26,3,09:00,16
2025-11-26,3,10:00,32
2025-11-26,3,11:00,1
2025-11-26,3,12:00,31
2025-11-26,3,13:00,12
2025-11-26,3,14:00,35
2025-11-26,3,15:00,23
2025-11-26,3,16:00,20
2025-11-26,3,17:00,17
2025-11-26,3,18:00,12
2025-11-26,3,19:00,7
2025-11-26,3,20:00,6
2025-11-26,3,21:00,17
2025-11-27,1,08:00,12
2025-11-27,1,09:00,3
2025-11-27,1,10:00,7
2025-11-27,1,11:00,32
2025-11-27,1,12:00,4
2025-11-27,1,13:00,19
2025-11-27,1,14:00,34
2025-11-27,1,15:00,29
2025-11-27,1,16:00,2
2025-11-27,1,17:00,10
2025-11-27,1,18:00,19
2025-11-27,1,19:00,15
2025-11-27,2,08:30,13
2025-11-27,2,09:30,11
2025-11-27,2,10:30,34
2025-11-27,2,11:30,9
2025-11-27,2,12:30,5
2025-11-27,2,13:30,33
2025-11-27,2,14:30,19
2025-11-27,2,15:30,30
2025-11-27,2,16:30,0
2025-11-27,2,17:30,32
2025-11-27,2,18:30,00
2025-11-27,2,19:30,22
2025-11-27,3,08:00,0
2025-11-27,3,09:00,7
2025-11-27,3,10:00,13
2025-11-27,3,11:00,0
2025-11-27,3,12:00,35
2025-11-27,3,13:00,35
2025-11-27,3,14:00,00
2025-11-27,3,15:00,16
2025-11-27,3,16:00,26
2025-11-27,3,17:00,22
2025-11-27,3,18:00,29
2025-11-27,3,19:00,8
2025-11-27,3,20:00,3
2025-11-27,3,21:00,11
2025-11-28,1,08:00,5
2025-11-28,1,09:00,16
2025-11-28,1,10:00,12
2025-11-28,1,11:00,13
2025-11-28,1,12:00,27
2025-11-28,1,13:00,13
2025-11-28,1,14:00,20
2025-11-28,1,15:00,3
2025-11-28,1,16:00,24
2025-11-28,1,17:00,11
2025-11-28,1,18:00,17
2025-11-28,1,19:00,16
2025-11-28,2,08:30,8
2025-11-28,2,09:30,31
2025-11-28,2,10:30,2
2025-11-28,2,11:30,14
2025-11-28,2,12:30,30
2025-11-28,2,13:30,15
2025-11-28,2,14:30,00
2025-11-28,2,15:30,5
2025-11-28,2,16:30,34
2025-11-28,2,17:30,4
2025-11-28,2,18:30,27
2025-11-28,2,19:30,18
2025-11-28,3,08:00,2
2025-11-28,3,09:00,23
2025-11-28,3,10:00,11
2025-11-28,3,11:00,7
2025-11-28,3,12:00,0
2025-11-28,3,13:00,30
2025-11-28,3,14:00,13
2025-11-28,3,15:00,33
2025-11-28,3,16:00,15
2025-11-28,3,17:00,4
2025-11-28,3,18:00,28
2025-11-28,3,19:00,7
2025-11-28,3,20:00,19
2025-11-28,3,21:00,19
2025-11-29,1,08:00,23
2025-11-29,1,09:00,34
2025-11-29,1,10:00,28
2025-11-29,1,11:00,16
2025-11-29,1,12:00,2
2025-11-29,1,13:00,25
2025-11-29,1,14:00,11
2025-11-29,1,15:00,35
2025-11-29,1,16:00,4
2025-11-29,1,17:00,6
2025-11-29,1,18:00,3
2025-11-29,1,19:00,20
2025-11-29,2,08:30,17
2025-11-29,2,09:30,16
2025-11-29,2,10:30,3
2025-11-29,2,11:30,6
2025-11-29,2,12:30,20
2025-11-29,2,13:30,1
2025-11-29,2,14:30,32
2025-11-29,2,15:30,25
2025-11-29,2,16:30,18
2025-11-29,2,17:30,13
2025-11-29,2,18:30,21
2025-11-29,2,19:30,30
2025-11-29,3,08:00,15
2025-11-29,3,09:00,9
2025-11-29,3,10:00,10
2025-11-29,3,11:00,33
2025-11-29,3,12:00,14
2025-11-29,3,13:00,14
2025-11-29,3,14:00,6
2025-11-29,3,15:00,23
2025-11-29,3,16:00,3
2025-11-29,3,17:00,19
2025-11-29,3,18:00,12
2025-11-29,3,19:00,7
2025-11-29,3,20:00,30
2025-11-29,3,21:00,9
2025-11-30,1,08:00,35
2025-11-30,1,09:00,33
2025-11-30,1,10:00,12
2025-11-30,1,11:00,34
2025-11-30,1,12:00,00
2025-11-30,1,13:00,28
2025-11-30,1,14:00,0
2025-11-30,1,15:00,16
2025-11-30,1,16:00,21
2025-11-30,1,17:00,36
2025-11-30,1,18:00,14
2025-11-30,1,19:00,25
2025-11-30,2,08:30,33
2025-11-30,2,09:30,11
2025-11-30,2,10:30,1
2025-11-30,2,11:30,16
2025-11-30,2,12:30,13
2025-11-30,2,13:30,12
2025-11-30,2,14:30,4
2025-11-30,2,15:30,0
2025-11-30,2,16:30,23
2025-11-30,2,17:30,15
2025-11-30,2,18:30,5
2025-11-30,2,19:30,15
2025-11-30,3,08:00,36
2025-11-30,3,09:00,28
2025-11-30,3,10:00,16
2025-11-30,3,11:00,5
2025-11-30,3,12:00,9
2025-11-30,3,13:00,26
2025-11-30,3,14:00,32
2025-11-30,3,15:00,9
2025-11-30,3,16:00,30
2025-11-30,3,17:00,16
2025-11-30,3,18:00,34
2025-11-30,3,19:00,5
2025-11-30,3,20:00,14
2025-11-30,3,21:00,1
2025-12-01,1,08:00,33
2025-12-01,1,09:00,2
2025-12-01,1,10:00,23
2025-12-01,1,11:00,13
2025-12-01,1,12:00,15
2025-12-01,1,13:00,20
2025-12-01,1,14:00,36
2025-12-01,1,15:00,00
2025-12-01,1,16:00,32
2025-12-01,1,17:00,12
2025-12-01,1,18:00,11
2025-12-01,1,19:00,28
2025-12-01,2,08:30,29
2025-12-01,2,09:30,22
2025-12-01,2,10:30,17
2025-12-01,2,11:30,32
2025-12-01,2,12:30,2
2025-12-01,2,13:30,23
2025-12-01,2,14:30,19
2025-12-01,2,15:30,36
2025-12-01,2,16:30,30
2025-12-01,2,17:30,13
2025-12-01,2,18:30,00
2025-12-01,2,19:30,24
2025-12-01,3,08:00,8
2025-12-01,3,09:00,17
2025-12-01,3,10:00,31
2025-12-01,3,11:00,2
2025-12-01,3,12:00,25
2025-12-01,3,13:00,36
2025-12-01,3,14:00,5
2025-12-01,3,15:00,13
2025-12-01,3,16:00,25
2025-12-01,3,17:00,34
2025-12-01,3,18:00,32
2025-12-01,3,19:00,36
2025-12-01,3,20:00,25
2025-12-01,3,21:00,2
2025-12-02,1,08:00,23
2025-12-02,1,09:00,16
2025-12-02,1,10:00,29
2025-12-02,1,11:00,21
2025-12-02,1,12:00,28
2025-12-02,1,13:00,9
2025-12-02,1,14:00,5
2025-12-02,1,15:00,25
2025-12-02,1,16:00,2
2025-12-02,1,17:00,13
2025-12-02,1,18:00,8
2025-12-02,1,19:00,00
2025-12-02,2,08:30,28
2025-12-02,2,09:30,21
2025-12-02,2,10:30,24
2025-12-02,2,11:30,0
2025-12-02,2,12:30,17
2025-12-02,2,13:30,18
2025-12-02,2,14:30,20
2025-12-02,2,15:30,7
2025-12-02,2,16:30,9
2025-12-02,2,17:30,23
2025-12-02,2,18:30,34
2025-12-02,2,19:30,13
2025-12-02,3,08:00,18
2025-12-02,3,09:00,21
2025-12-02,3,10:00,6
2025-12-02,3,11:00,18
2025-12-02,3,12:00,2
2025-12-02,3,13:00,31
2025-12-02,3,14:00,8
2025-12-02,3,15:00,26
2025-12-02,3,16:00,12
2025-12-02,3,17:00,33
2025-12-02,3,18:00,35
2025-12-02,3,19:00,00
2025-12-02,3,20:00,2
2025-12-02,3,21:00,16
2025-12-03,1,08:00,19
2025-12-03,1,09:00,24
2025-12-03,1,10:00,2
2025-12-03,1,11:00,27
2025-12-03,1,12:00,28
2025-12-03,1,13:00,27
2025-12-03,1,14:00,3
2025-12-03,1,15:00,9
2025-12-03,1,16:00,21
2025-12-03,1,17:00,7
2025-12-03,1,18:00,35
2025-12-03,1,19:00,34
2025-12-03,2,08:30,30
2025-12-03,2,09:30,34
2025-12-03,2,10:30,19
2025-12-03,2,11:30,22
2025-12-03,2,12:30,18
2025-12-03,2,13:30,00
2025-12-03,2,14:30,20
2025-12-03,2,15:30,26
2025-12-03,2,16:30,23
2025-12-03,2,17:30,8
2025-12-03,2,18:30,25
2025-12-03,2,19:30,33
2025-12-03,3,08:00,7
2025-12-03,3,09:00,1
2025-12-03,3,10:00,14
2025-12-03,3,11:00,23
2025-12-03,3,12:00,28
2025-12-03,3,13:00,11
2025-12-03,3,14:00,32
2025-12-03,3,15:00,32
2025-12-03,3,16:00,23
2025-12-03,3,17:00,25
2025-12-03,3,18:00,36
2025-12-03,3,19:00,34
2025-12-03,3,20:00,25
2025-12-03,3,21:00,30
2025-12-04,1,08:00,00
2025-12-04,1,09:00,20
2025-12-04,1,10:00,35
2025-12-04,1,11:00,10
2025-12-04,1,12:00,0
2025-12-04,1,13:00,36
2025-12-04,1,14:00,10
2025-12-04,1,15:00,12
2025-12-04,1,16:00,28
2025-12-04,1,17:00,13
2025-12-04,1,18:00,21
2025-12-04,1,19:00,7
2025-12-04,2,08:30,12
2025-12-04,2,09:30,24
2025-12-04,2,10:30,15
2025-12-04,2,11:30,23
2025-12-04,2,12:30,17
2025-12-04,2,13:30,20
2025-12-04,2,14:30,9
2025-12-04,2,15:30,36
2025-12-04,2,16:30,14
2025-12-04,2,17:30,26
2025-12-04,2,18:30,27
2025-12-04,2,19:30,14
2025-12-04,3,08:00,6
2025-12-04,3,09:00,15
2025-12-04,3,10:00,7
2025-12-04,3,11:00,35
2025-12-04,3,12:00,12
2025-12-04,3,13:00,7
2025-12-04,3,14:00,3
2025-12-04,3,15:00,10
2025-12-04,3,16:00,31
2025-12-04,3,17:00,13
2025-12-04,3,18:00,1
2025-12-04,3,19:00,18
2025-12-04,3,20:00,20
2025-12-04,3,21:00,16
2025-12-05,1,08:00,6
2025-12-05,1,09:00,00
2025-12-05,1,10:00,13
2025-12-05,1,11:00,16
2025-12-05,1,12:00,33
2025-12-05,1,13:00,18
2025-12-05,1,14:00,14
2025-12-05,1,15:00,26
2025-12-05,1,16:00,31
2025-12-05,1,17:00,4
2025-12-05,1,18:00,12
2025-12-05,1,19:00,22
2025-12-05,2,08:30,21
2025-12-05,2,09:30,28
2025-12-05,2,10:30,36
2025-12-05,2,11:30,35
2025-12-05,2,12:30,10
2025-12-05,2,13:30,5
2025-12-05,2,14:30,4
2025-12-05,2,15:30,19
2025-12-05,2,16:30,1
2025-12-05,2,17:30,30
2025-12-05,2,18:30,3
2025-12-05,2,19:30,25
2025-12-05,3,08:00,30
2025-12-05,3,09:00,1
2025-12-05,3,10:00,11
2025-12-05,3,11:00,28
2025-12-05,3,12:00,2
2025-12-05,3,13:00,35
2025-12-05,3,14:00,25
2025-12-05,3,15:00,19
2025-12-05,3,16:00,33
2025-12-05,3,17:00,5
2025-12-05,3,18:00,3
2025-12-05,3,19:00,20
2025-12-05,3,20:00,31
2025-12-05,3,21:00,7
2025-12-06,3,08:00,3
2025-12-06,3,09:00,4
2025-12-06,3,10:00,2
2025-12-06,3,11:00,4
2025-12-06,3,12:00,7
2025-12-06,3,13:00,4
2025-12-06,3,14:00,12
2025-12-06,3,15:00,7
2025-12-06,3,16:00,19
2025-12-06,3,17:00,29
2025-12-06,3,18:00,5
2025-12-06,3,19:00,30
2025-12-06,3,20:00,23
2025-12-06,3,21:00,15
2025-12-07,3,08:00,31
2025-12-07,3,09:00,25
2025-12-07,3,10:00,6
2025-12-07,3,11:00,14
2025-12-07,3,12:00,12
2025-12-07,3,13:00,33
2025-12-07,3,14:00,23
2025-12-07,3,15:00,18
2025-12-07,3,16:00,34
2025-12-07,3,17:00,8
2025-12-07,3,18:00,7
2025-12-07,3,19:00,9
2025-12-07,3,20:00,4
2025-12-07,3,21:00,2
2025-12-08,3,08:00,10
2025-12-08,3,09:00,20
2025-12-08,3,10:00,14
2025-12-08,3,11:00,19
2025-12-08,3,12:00,10
2025-12-08,3,13:00,24
2025-12-08,3,14:00,13
2025-12-08,3,15:00,31
2025-12-08,3,16:00,8
2025-12-08,3,17:00,27
2025-12-08,3,18:00,0
2025-12-08,3,19:00,13
2025-12-08,3,20:00,20
2025-12-08,3,21:00,30
2025-12-09,3,08:00,36
2025-12-09,3,09:00,26
2025-12-09,3,10:00,20
2025-12-09,3,11:00,32
2025-12-09,3,12:00,35
2025-12-09,3,13:00,10
2025-12-09,3,14:00,23
2025-12-09,3,15:00,34
2025-12-09,3,16:00,35
2025-12-09,3,17:00,13
2025-12-09,3,18:00,14
2025-12-09,3,19:00,26
2025-12-09,3,20:00,4
2025-12-09,3,21:00,28
2025-12-10,3,08:00,3
2025-12-10,3,09:00,5
2025-12-10,3,10:00,19
2025-12-10,3,11:00,18
2025-12-10,3,12:00,23
2025-12-10,3,13:00,11
2025-12-10,3,14:00,29
2025-12-10,3,15:00,23
2025-12-10,3,16:00,35
2025-12-10,3,17:00,8
2025-12-10,3,18:00,25
2025-12-10,3,19:00,6
2025-12-10,3,20:00,4
2025-12-10,3,21:00,6
2025-12-11,3,08:00,8
2025-12-11,3,09:00,9
2025-12-11,3,10:00,29
2025-12-11,3,11:00,31
2025-12-11,3,12:00,9
2025-12-11,3,13:00,25
2025-12-11,3,14:00,4
2025-12-11,3,15:00,5
2025-12-11,3,16:00,14
2025-12-11,3,17:00,13
2025-12-11,3,18:00,10
2025-12-11,3,19:00,36
2025-12-11,3,20:00,30
2025-12-11,3,21:00,0
2025-12-12,3,08:00,4
2025-12-12,3,09:00,10
2025-12-12,3,10:00,0
2025-12-12,3,11:00,25
2025-12-12,3,12:00,00
2025-12-12,3,13:00,31
2025-12-12,3,14:00,8
2025-12-12,3,15:00,23
2025-12-12,3,16:00,27
2025-12-12,3,17:00,31
2025-12-12,3,18:00,00
2025-12-12,3,19:00,31
2025-12-12,3,20:00,16
2025-12-12,3,21:00,27
2025-12-13,3,08:00,11
2025-12-13,3,09:00,21
2025-12-13,3,10:00,1
2025-12-13,3,11:00,1
2025-12-13,3,12:00,29
2025-12-13,3,13:00,34
2025-12-13,3,14:00,23
2025-12-13,3,15:00,15
2025-12-13,3,16:00,35
2025-12-13,3,17:00,12
2025-12-13,3,18:00,27
2025-12-13,3,19:00,30
2025-12-13,3,20:00,27
2025-12-13,3,21:00,17
2025-12-14,3,08:00,3
2025-12-14,3,09:00,5
2025-12-14,3,10:00,33
2025-12-14,3,11:00,15
2025-12-14,3,12:00,32
2025-12-14,3,13:00,36
2025-12-14,3,14:00,28
2025-12-14,3,15:00,16
2025-12-14,3,16:00,31
2025-12-14,3,17:00,29
2025-12-14,3,18:00,19
2025-12-14,3,19:00,18
2025-12-14,3,20:00,9
2025-12-14,3,21:00,11
2025-12-15,3,08:00,35
2025-12-15,3,09:00,20
2025-12-15,3,10:00,34
2025-12-15,3,11:00,15
2025-12-15,3,12:00,12
2025-12-15,3,13:00,35
2025-12-15,3,14:00,16
2025-12-15,3,15:00,32
2025-12-15,3,16:00,17
2025-12-15,3,17:00,22
2025-12-15,3,18:00,34
2025-12-15,3,19:00,12
2025-12-15,3,20:00,30
2025-12-15,3,21:00,21
2025-12-16,3,08:00,28
2025-12-16,3,09:00,33
2025-12-16,3,10:00,27
2025-12-16,3,11:00,4
2025-12-16,3,12:00,25
2025-12-16,3,13:00,33
2025-12-16,3,14:00,34
2025-12-16,3,15:00,17
2025-12-16,3,16:00,29
2025-12-16,3,17:00,28
2025-12-16,3,18:00,26
2025-12-16,3,19:00,19
2025-12-16,3,20:00,17
2025-12-16,3,21:00,14
2025-12-17,1,08:00,1
2025-12-17,1,09:00,21
2025-12-17,1,10:00,34
2025-12-17,1,11:00,23
2025-12-17,1,12:00,30
2025-12-17,1,13:00,27
2025-12-17,1,14:00,36
2025-12-17,1,15:00,7
2025-12-17,1,16:00,31
2025-12-17,1,17:00,15
2025-12-17,1,18:00,11
2025-12-17,1,19:00,9
2025-12-17,2,08:30,19
2025-12-17,2,09:30,29
2025-12-17,2,10:30,13
2025-12-17,2,11:30,26
2025-12-17,2,12:30,27
2025-12-17,2,13:30,4
2025-12-17,2,14:30,32
2025-12-17,2,15:30,3
2025-12-17,2,16:30,13
2025-12-17,2,17:30,34
2025-12-17,2,18:30,0
2025-12-17,2,19:30,12
2025-12-17,3,08:00,34
2025-12-17,3,09:00,18
2025-12-17,3,10:00,25
2025-12-17,3,11:00,17
2025-12-17,3,12:00,7
2025-12-17,3,13:00,5
2025-12-17,3,14:00,1
2025-12-17,3,15:00,32
2025-12-17,3,16:00,13
2025-12-17,3,17:00,13
2025-12-17,3,18:00,22
2025-12-17,3,19:00,28
2025-12-17,3,20:00,1
2025-12-17,3,21:00,15
2025-12-18,1,08:00,21
2025-12-18,1,09:00,35
2025-12-18,1,10:00,24
2025-12-18,1,11:00,14
2025-12-18,1,12:00,2
2025-12-18,1,13:00,22
2025-12-18,1,14:00,30
2025-12-18,1,15:00,29
2025-12-18,1,16:00,11
2025-12-18,1,17:00,17
2025-12-18,1,18:00,23
2025-12-18,1,19:00,29
2025-12-18,2,08:30,8
2025-12-18,2,09:30,15
2025-12-18,2,10:30,30
2025-12-18,2,11:30,34
2025-12-18,2,12:30,28
2025-12-18,2,13:30,33
2025-12-18,2,14:30,25
2025-12-18,2,15:30,18
2025-12-18,2,16:30,21
2025-12-18,2,17:30,5
2025-12-18,2,18:30,35
2025-12-18,2,19:30,4
2025-12-18,3,08:00,33
2025-12-18,3,09:00,35
2025-12-18,3,10:00,17
2025-12-18,3,11:00,29
2025-12-18,3,12:00,26
2025-12-18,3,13:00,7
2025-12-18,3,14:00,3
2025-12-18,3,15:00,25
2025-12-18,3,16:00,20
2025-12-18,3,17:00,32
2025-12-18,3,18:00,6
2025-12-18,3,19:00,0
2025-12-18,3,20:00,26
2025-12-18,3,21:00,34
2025-12-19,1,08:00,7
2025-12-19,1,09:00,2
2025-12-19,1,10:00,27
2025-12-19,1,11:00,6
2025-12-19,1,12:00,10
2025-12-19,1,13:00,24
2025-12-19,1,14:00,25
2025-12-19,1,15:00,14
2025-12-19,1,16:00,22
2025-12-19,1,17:00,8
2025-12-19,1,18:00,10
2025-12-19,1,19:00,23
2025-12-19,2,08:30,36
2025-12-19,2,09:30,29
2025-12-19,2,10:30,32
2025-12-19,2,11:30,24
2025-12-19,2,12:30,11
2025-12-19,2,13:30,5
2025-12-19,2,14:30,31
2025-12-19,2,15:30,3
2025-12-19,2,16:30,26
2025-12-19,2,17:30,6
2025-12-19,2,18:30,35
2025-12-19,2,19:30,27
2025-12-19,3,08:00,1
2025-12-19,3,09:00,3
2025-12-19,3,10:00,0
2025-12-19,3,11:00,28
2025-12-19,3,12:00,11
2025-12-19,3,13:00,0
2025-12-19,3,14:00,13
2025-12-19,3,15:00,29
2025-12-19,3,16:00,12
2025-12-19,3,17:00,9
2025-12-19,3,18:00,0
2025-12-19,3,19:00,27
2025-12-19,3,20:00,24
2025-12-19,3,21:00,32
2025-12-20,1,08:00,11
2025-12-20,1,09:00,10
2025-12-20,1,10:00,16
2025-12-20,1,11:00,24
2025-12-20,1,12:00,19
2025-12-20,1,13:00,32
2025-12-20,1,14:00,17
2025-12-20,1,15:00,31
2025-12-20,1,16:00,7
2025-12-20,1,17:00,6
2025-12-20,1,18:00,4
2025-12-20,1,19:00,27
2025-12-20,2,08:30,1
2025-12-20,2,09:30,17
2025-12-20,2,10:30,36
2025-12-20,2,11:30,14
2025-12-20,2,12:30,10
2025-12-20,2,13:30,25
2025-12-20,2,14:30,23
2025-12-20,2,15:30,19
2025-12-20,2,16:30,24
2025-12-20,2,17:30,16
2025-12-20,2,18:30,27
2025-12-20,2,19:30,2
2025-12-20,3,08:00,11
2025-12-20,3,09:00,4
2025-12-20,3,10:00,6
2025-12-20,3,11:00,32
2025-12-20,3,12:00,6
2025-12-20,3,13:00,13
2025-12-20,3,14:00,23
2025-12-20,3,15:00,31
2025-12-20,3,16:00,25
2025-12-20,3,17:00,31
2025-12-20,3,18:00,18
2025-12-20,3,19:00,35
2025-12-20,3,20:00,2
2025-12-20,3,21:00,8
2025-12-21,1,08:00,32
2025-12-21,1,09:00,3
2025-12-21,1,10:00,0
2025-12-21,1,11:00,7
2025-12-21,1,12:00,22
2025-12-21,1,13:00,11
2025-12-21,1,14:00,28
2025-12-21,1,15:00,31
2025-12-21,1,16:00,17
2025-12-21,1,17:00,35
2025-12-21,1,18:00,34
2025-12-21,1,19:00,27
2025-12-21,2,08:30,29
2025-12-21,2,09:30,31
2025-12-21,2,10:30,4
2025-12-21,2,11:30,26
2025-12-21,2,12:30,7
2025-12-21,2,13:30,23
2025-12-21,2,14:30,35
2025-12-21,2,15:30,10
2025-12-21,2,16:30,3
2025-12-21,2,17:30,33
2025-12-21,2,18:30,13
2025-12-21,2,19:30,33
2025-12-21,3,08:00,3
2025-12-21,3,09:00,20
2025-12-21,3,10:00,00
2025-12-21,3,11:00,9
2025-12-21,3,12:00,26
2025-12-21,3,13:00,26
2025-12-21,3,14:00,8
2025-12-21,3,15:00,24
2025-12-21,3,16:00,36
2025-12-21,3,17:00,28
2025-12-21,3,18:00,34
2025-12-21,3,19:00,3
2025-12-21,3,20:00,12
2025-12-21,3,21:00,9
2025-12-22,1,08:00,4
2025-12-22,1,09:00,00
2025-12-22,1,10:00,30
2025-12-22,1,11:00,8
2025-12-22,1,12:00,1
2025-12-22,1,13:00,25
2025-12-22,1,14:00,2
2025-12-22,1,15:00,32
2025-12-22,1,16:00,36
2025-12-22,1,17:00,27
2025-12-22,1,18:00,19
2025-12-22,1,19:00,6
2025-12-22,2,08:30,27
2025-12-22,2,09:30,25
2025-12-22,2,10:30,29
2025-12-22,2,11:30,14
2025-12-22,2,12:30,16
2025-12-22,2,13:30,23
2025-12-22,2,14:30,6
2025-12-22,2,15:30,15
2025-12-22,2,16:30,17
2025-12-22,2,17:30,28
2025-12-22,2,18:30,8
2025-12-22,2,19:30,34
2025-12-22,3,08:00,28
2025-12-22,3,09:00,1
2025-12-22,3,10:00,28
2025-12-22,3,11:00,21
2025-12-22,3,12:00,6
2025-12-22,3,13:00,25
2025-12-22,3,14:00,26
2025-12-22,3,15:00,32
2025-12-22,3,16:00,2
2025-12-22,3,17:00,31
2025-12-22,3,18:00,26
2025-12-22,3,19:00,17
2025-12-22,3,20:00,29
2025-12-22,3,21:00,22
2025-12-23,1,08:00,36
2025-12-23,1,09:00,22
2025-12-23,1,10:00,28
2025-12-23,1,11:00,32
2025-12-23,1,12:00,1
2025-12-23,1,13:00,14
2025-12-23,1,14:00,7
2025-12-23,1,15:00,30
2025-12-23,1,16:00,2
2025-12-23,1,17:00,34
2025-12-23,1,18:00,15
2025-12-23,1,19:00,34
2025-12-23,2,08:30,32
2025-12-23,2,09:30,14
2025-12-23,2,10:30,4
2025-12-23,2,11:30,11
2025-12-23,2,12:30,10
2025-12-23,2,13:30,25
2025-12-23,2,14:30,0
2025-12-23,2,15:30,34
2025-12-23,2,16:30,28
2025-12-23,2,17:30,1
2025-12-23,2,18:30,26
2025-12-23,2,19:30,7
2025-12-23,3,08:00,24
2025-12-23,3,09:00,0
2025-12-23,3,10:00,0
2025-12-23,3,11:00,7
2025-12-23,3,12:00,12
2025-12-23,3,13:00,17
2025-12-23,3,14:00,22
2025-12-23,3,15:00,8
2025-12-23,3,16:00,26
2025-12-23,3,17:00,11
2025-12-23,3,18:00,21
2025-12-23,3,19:00,5
2025-12-23,3,20:00,3
2025-12-23,3,21:00,4
2025-12-24,1,08:00,11
2025-12-24,1,09:00,32
2025-12-24,1,10:00,24
2025-12-24,1,11:00,25
2025-12-24,1,12:00,36
2025-12-24,1,13:00,4
2025-12-24,1,14:00,29
2025-12-24,1,15:00,16
2025-12-24,1,16:00,5
2025-12-24,1,17:00,9
2025-12-24,1,18:00,21
2025-12-24,1,19:00,26
2025-12-24,2,08:30,22
2025-12-24,2,09:30,19
2025-12-24,2,10:30,7
2025-12-24,2,11:30,9
2025-12-24,2,12:30,5
2025-12-24,2,13:30,13
2025-12-24,2,14:30,23
2025-12-24,2,15:30,28
2025-12-24,2,16:30,20
2025-12-24,2,17:30,00
2025-12-24,2,18:30,4
2025-12-24,2,19:30,33
2025-12-24,3,08:00,32
2025-12-24,3,09:00,19
2025-12-24,3,10:00,23
2025-12-24,3,11:00,14
2025-12-24,3,12:00,21
2025-12-24,3,13:00,24
2025-12-24,3,14:00,18
2025-12-24,3,15:00,20
2025-12-24,3,16:00,00
2025-12-24,3,17:00,16
2025-12-24,3,18:00,30
2025-12-24,3,19:00,17
2025-12-24,3,20:00,3
2025-12-24,3,21:00,3
2025-12-25,3,08:00,3
2025-12-25,3,09:00,29
2025-12-25,3,10:00,34
2025-12-25,3,11:00,4
2025-12-25,3,12:00,32
2025-12-25,3,13:00,16
2025-12-25,3,14:00,17
2025-12-25,3,15:00,26
2025-12-25,3,16:00,14
2025-12-25,3,17:00,13
2025-12-25,3,18:00,7
2025-12-25,3,19:00,11
2025-12-25,3,20:00,14
2025-12-25,3,21:00,8
2025-12-26,1,08:00,16
2025-12-26,1,09:00,6
2025-12-26,1,10:00,23
2025-12-26,1,11:00,8
2025-12-26,1,12:00,17
2025-12-26,1,13:00,15
2025-12-26,1,14:00,0
2025-12-26,1,15:00,9
2025-12-26,1,16:00,00
2025-12-26,1,17:00,11
2025-12-26,1,18:00,23
2025-12-26,1,19:00,3
2025-12-26,2,08:30,14
2025-12-26,2,09:30,5
2025-12-26,2,10:30,29
2025-12-26,2,11:30,32
2025-12-26,2,12:30,26
2025-12-26,2,13:30,28
2025-12-26,2,14:30,3
2025-12-26,2,15:30,12
2025-12-26,2,16:30,12
2025-12-26,2,17:30,10
2025-12-26,2,18:30,36
2025-12-26,2,19:30,1
2025-12-26,3,08:00,5
2025-12-26,3,09:00,36
2025-12-26,3,10:00,4
2025-12-26,3,11:00,26
2025-12-26,3,12:00,12
2025-12-26,3,13:00,19
2025-12-26,3,14:00,31
2025-12-26,3,15:00,16
2025-12-26,3,16:00,3
2025-12-26,3,17:00,35
2025-12-26,3,18:00,22
2025-12-26,3,19:00,8
2025-12-26,3,20:00,0
2025-12-26,3,21:00,29
2025-12-27,1,08:00,18
2025-12-27,1,09:00,24
2025-12-27,1,10:00,23
2025-12-27,1,11:00,16
2025-12-27,1,12:00,22
2025-12-27,1,13:00,0
2025-12-27,1,14:00,10
2025-12-27,1,15:00,2
2025-12-27,1,16:00,9
2025-12-27,1,17:00,35
2025-12-27,1,18:00,25
2025-12-27,1,19:00,8
2025-12-27,2,08:30,11
2025-12-27,2,09:30,9
2025-12-27,2,10:30,2
2025-12-27,2,11:30,25
2025-12-27,2,12:30,8
2025-12-27,2,13:30,14
2025-12-27,2,14:30,33
2025-12-27,2,15:30,13
2025-12-27,2,16:30,31
2025-12-27,2,17:30,22
2025-12-27,2,18:30,17
2025-12-27,2,19:30,24
2025-12-27,3,08:00,29
2025-12-27,3,09:00,10
2025-12-27,3,10:00,3
2025-12-27,3,11:00,24
2025-12-27,3,12:00,6
2025-12-27,3,13:00,18
2025-12-27,3,14:00,36
2025-12-27,3,15:00,27
2025-12-27,3,16:00,13
2025-12-27,3,17:00,28
2025-12-27,3,18:00,19
2025-12-27,3,19:00,12
2025-12-27,3,20:00,1
2025-12-27,3,21:00,15
2025-12-28,1,08:00,26
2025-12-28,1,09:00,4
2025-12-28,1,10:00,6
2025-12-28,1,11:00,5
2025-12-28,1,12:00,13
2025-12-28,1,13:00,22
2025-12-28,1,14:00,25
2025-12-28,1,15:00,33
2025-12-28,1,16:00,9
2025-12-28,1,17:00,31
2025-12-28,1,18:00,30
2025-12-28,1,19:00,9
2025-12-28,2,08:30,15
2025-12-28,2,09:30,25
2025-12-28,2,10:30,16
2025-12-28,2,11:30,14
2025-12-28,2,12:30,36
2025-12-28,2,13:30,20
2025-12-28,2,14:30,5
2025-12-28,2,15:30,1
2025-12-28,2,16:30,29
2025-12-28,2,17:30,19
2025-12-28,2,18:30,11
2025-12-28,2,19:30,12
2025-12-28,3,08:00,23
2025-12-28,3,09:00,00
2025-12-28,3,10:00,18
2025-12-28,3,11:00,9
2025-12-28,3,12:00,4
2025-12-28,3,13:00,8
2025-12-28,3,14:00,0
2025-12-28,3,15:00,4
2025-12-28,3,16:00,32
2025-12-28,3,17:00,22
2025-12-28,3,18:00,17
2025-12-28,3,19:00,8
2025-12-28,3,20:00,8
2025-12-28,3,21:00,20
2025-12-29,1,08:00,11
2025-12-29,1,09:00,4
2025-12-29,1,10:00,35
2025-12-29,1,11:00,0
2025-12-29,1,12:00,22
2025-12-29,1,13:00,14
2025-12-29,1,14:00,16
2025-12-29,1,15:00,29
2025-12-29,1,16:00,18
2025-12-29,1,17:00,2
2025-12-29,1,18:00,24
2025-12-29,1,19:00,21
2025-12-29,2,08:30,26
2025-12-29,2,09:30,10
2025-12-29,2,10:30,4
2025-12-29,2,11:30,8
2025-12-29,2,12:30,24
2025-12-29,2,13:30,31
2025-12-29,2,14:30,35
2025-12-29,2,15:30,33
2025-12-29,2,16:30,5
2025-12-29,2,17:30,30
2025-12-29,2,18:30,32
2025-12-29,2,19:30,18
2025-12-29,3,08:00,11
2025-12-29,3,09:00,17
2025-12-29,3,10:00,32
2025-12-29,3,11:00,23
2025-12-29,3,12:00,7
2025-12-29,3,13:00,24
2025-12-29,3,14:00,16
2025-12-29,3,15:00,28
2025-12-29,3,16:00,32
2025-12-29,3,17:00,31
2025-12-29,3,18:00,5
2025-12-29,3,19:00,36
2025-12-29,3,20:00,36
2025-12-29,3,21:00,28
2025-12-30,1,08:00,24
2025-12-30,1,09:00,17
2025-12-30,1,10:00,23
2025-12-30,1,11:00,0
2025-12-30,1,12:00,25
2025-12-30,1,13:00,19
2025-12-30,1,14:00,18
2025-12-30,1,15:00,8
2025-12-30,1,16:00,14
2025-12-30,1,17:00,10
2025-12-30,1,18:00,7
2025-12-30,1,19:00,18
2025-12-30,2,08:30,11
2025-12-30,2,09:30,29
2025-12-30,2,10:30,13
2025-12-30,2,11:30,23
2025-12-30,2,12:30,29
2025-12-30,2,13:30,20
2025-12-30,2,14:30,24
2025-12-30,2,15:30,19
2025-12-30,2,16:30,33
2025-12-30,2,17:30,25
2025-12-30,2,18:30,22
2025-12-30,2,19:30,35
2025-12-30,3,08:00,20
2025-12-30,3,09:00,11
2025-12-30,3,10:00,0
2025-12-30,3,11:00,1
2025-12-30,3,12:00,27
2025-12-30,3,13:00,28
2025-12-30,3,14:00,28
2025-12-30,3,15:00,18
2025-12-30,3,16:00,32
2025-12-30,3,17:00,00
2025-12-30,3,18:00,00
2025-12-30,3,19:00,1
2025-12-30,3,20:00,29
2025-12-30,3,21:00,34
2025-12-31,1,08:00,9
2025-12-31,1,09:00,16
2025-12-31,1,10:00,2
2025-12-31,1,11:00,8
2025-12-31,1,12:00,31
2025-12-31,1,13:00,2
2025-12-31,1,14:00,5
2025-12-31,1,15:00,4
2025-12-31,1,16:00,32
2025-12-31,1,17:00,35
2025-12-31,1,18:00,23
2025-12-31,1,19:00,15
2025-12-31,2,08:30,10
2025-12-31,2,09:30,30
2025-12-31,2,10:30,21
2025-12-31,2,11:30,29
2025-12-31,2,12:30,35
2025-12-31,2,13:30,9
2025-12-31,2,14:30,26
2025-12-31,2,15:30,14
2025-12-31,2,16:30,11
2025-12-31,2,17:30,0
2025-12-31,2,18:30,16
2025-12-31,2,19:30,6
2025-12-31,3,08:00,5
2025-12-31,3,09:00,23
2025-12-31,3,10:00,36
2025-12-31,3,11:00,15
2025-12-31,3,12:00,6
2025-12-31,3,13:00,26
2025-12-31,3,14:00,22
2025-12-31,3,15:00,34
2025-12-31,3,16:00,4
2025-12-31,3,17:00,8
2025-12-31,3,18:00,8
2025-12-31,3,19:00,9
2025-12-31,3,20:00,26
2025-12-31,3,21:00,19
2026-01-01,3,08:00,1
2026-01-01,3,09:00,17
2026-01-01,3,10:00,13
2026-01-01,3,11:00,34
2026-01-01,3,12:00,34
2026-01-01,3,13:00,14
2026-01-01,3,14:00,35
2026-01-01,3,15:00,20
2026-01-01,3,16:00,30
2026-01-01,3,17:00,22
2026-01-01,3,18:00,17
2026-01-01,3,19:00,33
2026-01-01,3,20:00,14
2026-01-01,3,21:00,00
2026-01-02,1,08:00,12
2026-01-02,1,09:00,35
2026-01-02,1,10:00,00
2026-01-02,1,11:00,17
2026-01-02,1,12:00,30
2026-01-02,1,13:00,33
2026-01-02,1,14:00,11
2026-01-02,1,15:00,14
2026-01-02,1,16:00,0
2026-01-02,1,17:00,29
2026-01-02,1,18:00,27
2026-01-02,1,19:00,35
2026-01-02,2,08:30,24
2026-01-02,2,09:30,13
2026-01-02,2,10:30,5
2026-01-02,2,11:30,12
2026-01-02,2,12:30,15
2026-01-02,2,13:30,2
2026-01-02,2,14:30,33
2026-01-02,2,15:30,9
2026-01-02,2,16:30,18
2026-01-02,2,17:30,30
2026-01-02,2,18:30,6
2026-01-02,2,19:30,11
2026-01-02,3,08:00,6
2026-01-02,3,09:00,23
2026-01-02,3,10:00,0
2026-01-02,3,11:00,24
2026-01-02,3,12:00,24
2026-01-02,3,13:00,22
2026-01-02,3,14:00,34
2026-01-02,3,15:00,23
2026-01-02,3,16:00,30
2026-01-02,3,17:00,5
2026-01-02,3,18:00,29
2026-01-02,3,19:00,32
2026-01-02,3,20:00,30
2026-01-02,3,21:00,25
2026-01-03,1,08:00,34
2026-01-03,1,09:00,25
2026-01-03,1,10:00,13
2026-01-03,1,11:00,29
2026-01-03,1,12:00,17
2026-01-03,1,13:00,32
2026-01-03,1,14:00,26
2026-01-03,1,15:00,7
2026-01-03,1,16:00,19
2026-01-03,1,17:00,11
2026-01-03,1,18:00,14
2026-01-03,1,19:00,31
2026-01-03,2,08:30,22
2026-01-03,2,09:30,31
2026-01-03,2,10:30,17
2026-01-03,2,11:30,36
2026-01-03,2,12:30,14
2026-01-03,2,13:30,12
2026-01-03,2,14:30,20
2026-01-03,2,15:30,25
2026-01-03,2,16:30,2
2026-01-03,2,17:30,21
2026-01-03,2,18:30,19
2026-01-03,2,19:30,30
2026-01-03,3,08:00,8
2026-01-03,3,09:00,25
2026-01-03,3,10:00,8
2026-01-03,3,11:00,31
2026-01-03,3,12:00,28
2026-01-03,3,13:00,3
2026-01-03,3,14:00,19
2026-01-03,3,15:00,3
2026-01-03,3,16:00,34
2026-01-03,3,17:00,14
2026-01-03,3,18:00,28
2026-01-03,3,19:00,1
2026-01-03,3,20:00,17
2026-01-03,3,21:00,16
2026-01-04,1,08:00,23
2026-01-04,1,09:00,12
2026-01-04,1,10:00,33
2026-01-04,1,11:00,36
2026-01-04,1,12:00,20
2026-01-04,1,13:00,12
2026-01-04,1,14:00,15
2026-01-04,1,15:00,8
2026-01-04,1,16:00,30
2026-01-04,1,17:00,9
2026-01-04,1,18:00,19
2026-01-04,1,19:00,31
2026-01-04,2,08:30,29
2026-01-04,2,09:30,16
2026-01-04,2,10:30,27
2026-01-04,2,11:30,25
2026-01-04,2,12:30,28
2026-01-04,2,13:30,34
2026-01-04,2,14:30,19
2026-01-04,2,15:30,14
2026-01-04,2,16:30,00
2026-01-04,2,17:30,13
2026-01-04,2,18:30,2
2026-01-04,2,19:30,33
2026-01-04,3,08:00,3
2026-01-04,3,09:00,26
2026-01-04,3,10:00,0
2026-01-04,3,11:00,6
2026-01-04,3,12:00,22
2026-01-04,3,13:00,12
2026-01-04,3,14:00,36
2026-01-04,3,15:00,24
2026-01-04,3,16:00,19
2026-01-04,3,17:00,0
2026-01-04,3,18:00,12
2026-01-04,3,19:00,20
2026-01-04,3,20:00,30
2026-01-04,3,21:00,8
2026-01-05,1,08:00,17
2026-01-05,1,09:00,29
2026-01-05,1,10:00,33
2026-01-05,1,11:00,24
2026-01-05,1,12:00,36
2026-01-05,1,13:00,22
2026-01-05,1,14:00,11
2026-01-05,1,15:00,34
2026-01-05,1,16:00,18
2026-01-05,1,17:00,1
2026-01-05,1,18:00,4
2026-01-05,1,19:00,0
2026-01-05,2,08:30,1
2026-01-05,2,09:30,24
2026-01-05,2,10:30,32
2026-01-05,2,11:30,25
2026-01-05,2,12:30,26
2026-01-05,2,13:30,17
2026-01-05,2,14:30,21
2026-01-05,2,15:30,7
2026-01-05,2,16:30,30
2026-01-05,2,17:30,36
2026-01-05,2,18:30,34
2026-01-05,2,19:30,26
2026-01-05,3,08:00,1
2026-01-05,3,09:00,21
2026-01-05,3,10:00,22
2026-01-05,3,11:00,34
2026-01-05,3,12:00,7
2026-01-05,3,13:00,20
2026-01-05,3,14:00,22
2026-01-05,3,15:00,27
2026-01-05,3,16:00,17
2026-01-05,3,17:00,35
2026-01-05,3,18:00,32
2026-01-05,3,19:00,20
2026-01-05,3,20:00,34
2026-01-05,3,21:00,5
2026-01-06,1,08:00,30
2026-01-06,1,09:00,4
2026-01-06,1,10:00,12
2026-01-06,1,11:00,34
2026-01-06,1,12:00,31
2026-01-06,1,13:00,2
2026-01-06,1,14:00,1
2026-01-06,1,15:00,13
2026-01-06,1,16:00,8
2026-01-06,1,17:00,3
2026-01-06,1,18:00,27
2026-01-06,1,19:00,23
2026-01-06,2,08:30,33
2026-01-06,2,09:30,18
2026-01-06,2,10:30,19
2026-01-06,2,11:30,11
2026-01-06,2,12:30,5
2026-01-06,2,13:30,26
2026-01-06,2,14:30,22
2026-01-06,2,15:30,20
2026-01-06,2,16:30,23
2026-01-06,2,17:30,8
2026-01-06,2,18:30,21
2026-01-06,2,19:30,10
2026-01-06,3,08:00,21
2026-01-06,3,09:00,6
2026-01-06,3,10:00,29
2026-01-06,3,11:00,19
2026-01-06,3,12:00,20
2026-01-06,3,13:00,28
2026-01-06,3,14:00,17
2026-01-06,3,15:00,17
2026-01-06,3,16:00,29
2026-01-06,3,17:00,36
2026-01-06,3,18:00,29
2026-01-06,3,19:00,00
2026-01-06,3,20:00,3
2026-01-06,3,21:00,00
2026-01-07,1,08:00,24
2026-01-07,1,09:00,2
2026-01-07,1,10:00,33
2026-01-07,1,11:00,15
2026-01-07,1,12:00,23
2026-01-07,1,13:00,7
2026-01-07,1,14:00,0
2026-01-07,1,15:00,18
2026-01-07,1,16:00,30
2026-01-07,1,17:00,13
2026-01-07,1,18:00,8
2026-01-07,1,19:00,33
2026-01-07,2,08:30,12
2026-01-07,2,09:30,28
2026-01-07,2,10:30,10
2026-01-07,2,11:30,26
2026-01-07,2,12:30,27
2026-01-07,2,13:30,22
2026-01-07,2,14:30,15
2026-01-07,2,15:30,34
2026-01-07,2,16:30,15
2026-01-07,2,17:30,28
2026-01-07,2,18:30,35
2026-01-07,2,19:30,24
2026-01-07,3,08:00,34
2026-01-07,3,09:00,14
2026-01-07,3,10:00,27
2026-01-07,3,11:00,34
2026-01-07,3,12:00,22
2026-01-07,3,13:00,31
2026-01-07,3,14:00,13
2026-01-07,3,15:00,16
2026-01-07,3,16:00,23
2026-01-07,3,17:00,11
2026-01-07,3,18:00,34
2026-01-07,3,19:00,00
2026-01-07,3,20:00,26
2026-01-07,3,21:00,4
2026-01-08,1,08:00,27
2026-01-08,1,09:00,13
2026-01-08,1,10:00,35
2026-01-08,1,11:00,18
2026-01-08,1,12:00,23
2026-01-08,1,13:00,31
2026-01-08,1,14:00,36
2026-01-08,1,15:00,30
2026-01-08,1,16:00,21
2026-01-08,1,17:00,20
2026-01-08,1,18:00,35
2026-01-08,1,19:00,17
2026-01-08,2,08:30,31
2026-01-08,2,09:30,11
2026-01-08,2,10:30,32
2026-01-08,2,11:30,15
2026-01-08,2,12:30,16
2026-01-08,2,13:30,22
2026-01-08,2,14:30,7
2026-01-08,2,15:30,29
2026-01-08,2,16:30,27
2026-01-08,2,17:30,20
2026-01-08,2,18:30,28
2026-01-08,2,19:30,34
2026-01-08,3,08:00,36
2026-01-08,3,09:00,15
2026-01-08,3,10:00,16
2026-01-08,3,11:00,21
2026-01-08,3,12:00,19
2026-01-08,3,13:00,23
2026-01-08,3,14:00,0
2026-01-08,3,15:00,25
2026-01-08,3,16:00,34
2026-01-08,3,17:00,0
2026-01-08,3,18:00,24
2026-01-08,3,19:00,25
2026-01-08,3,20:00,33
2026-01-08,3,21:00,24
2026-01-09,1,08:00,23
2026-01-09,1,09:00,7
2026-01-09,1,10:00,33
2026-01-09,1,11:00,1
2026-01-09,1,12:00,1
2026-01-09,1,13:00,25
2026-01-09,1,14:00,36
2026-01-09,1,15:00,4
2026-01-09,1,16:00,26
2026-01-09,1,17:00,25
2026-01-09,1,18:00,18
2026-01-09,1,19:00,22
2026-01-09,2,08:30,2
2026-01-09,2,09:30,12
2026-01-09,2,10:30,31
2026-01-09,2,11:30,5
2026-01-09,2,12:30,17
2026-01-09,2,13:30,16
2026-01-09,2,14:30,29
2026-01-09,2,15:30,24
2026-01-09,2,16:30,15
2026-01-09,2,17:30,36
2026-01-09,2,18:30,27
2026-01-09,2,19:30,28
2026-01-09,3,08:00,17
2026-01-09,3,09:00,35
2026-01-09,3,10:00,7
2026-01-09,3,11:00,25
2026-01-09,3,12:00,20
2026-01-09,3,13:00,7
2026-01-09,3,14:00,33
2026-01-09,3,15:00,16
2026-01-09,3,16:00,19
2026-01-09,3,17:00,00
2026-01-09,3,18:00,19
2026-01-09,3,19:00,5
2026-01-09,3,20:00,4
2026-01-09,3,21:00,36
2026-01-10,1,08:00,00
2026-01-10,1,09:00,22
2026-01-10,1,10:00,9
2026-01-10,1,11:00,7
2026-01-10,1,12:00,17
2026-01-10,1,13:00,30
2026-01-10,1,14:00,1
2026-01-10,1,15:00,24
2026-01-10,1,16:00,32
2026-01-10,1,17:00,33
2026-01-10,1,18:00,35
2026-01-10,1,19:00,2
2026-01-10,2,08:30,32
2026-01-10,2,09:30,34
2026-01-10,2,10:30,23
2026-01-10,2,11:30,35
2026-01-10,2,12:30,28
2026-01-10,2,13:30,1
2026-01-10,2,14:30,25
2026-01-10,2,15:30,20
2026-01-10,2,16:30,31
2026-01-10,2,17:30,26
2026-01-10,2,18:30,13
2026-01-10,2,19:30,9
2026-01-10,3,08:00,21
2026-01-10,3,09:00,4
2026-01-10,3,10:00,24
2026-01-10,3,11:00,15
2026-01-10,3,12:00,15
2026-01-10,3,13:00,5
2026-01-10,3,14:00,21
2026-01-10,3,15:00,36
2026-01-10,3,16:00,16
2026-01-10,3,17:00,0
2026-01-10,3,18:00,3
2026-01-10,3,19:00,36
2026-01-10,3,20:00,34
2026-01-10,3,21:00,7
2026-01-11,1,08:00,15
2026-01-11,1,09:00,26
2026-01-11,1,10:00,17
2026-01-11,1,11:00,13
2026-01-11,1,12:00,23
2026-01-11,1,13:00,24
2026-01-11,1,14:00,29
2026-01-11,1,15:00,19
2026-01-11,1,16:00,33
2026-01-11,1,17:00,25
2026-01-11,1,18:00,4
2026-01-11,1,19:00,27
2026-01-11,2,08:30,13
2026-01-11,2,09:30,14
2026-01-11,2,10:30,16
2026-01-11,2,11:30,28
2026-01-11,2,12:30,12
2026-01-11,2,13:30,30
2026-01-11,2,14:30,10
2026-01-11,2,15:30,17
2026-01-11,2,16:30,25
2026-01-11,2,17:30,6
2026-01-11,2,18:30,7
2026-01-11,2,19:30,13
2026-01-11,3,08:00,21
2026-01-11,3,09:00,5
2026-01-11,3,10:00,10
2026-01-11,3,11:00,24
2026-01-11,3,12:00,25
2026-01-11,3,13:00,00
2026-01-11,3,14:00,36
2026-01-11,3,15:00,7
2026-01-11,3,16:00,12
2026-01-11,3,17:00,27
2026-01-11,3,18:00,18
2026-01-11,3,19:00,20
2026-01-11,3,20:00,1
2026-01-11,3,21:00,9
2026-01-12,1,08:00,6
2026-01-12,1,09:00,1
2026-01-12,1,10:00,18
2026-01-12,1,11:00,17
2026-01-12,1,12:00,9
2026-01-12,1,13:00,15
2026-01-12,1,14:00,7
2026-01-12,1,15:00,5
2026-01-12,1,16:00,11
2026-01-12,1,17:00,25
2026-01-12,1,18:00,29
2026-01-12,1,19:00,2
2026-01-12,2,08:30,35
2026-01-12,2,09:30,27
2026-01-12,2,10:30,24
2026-01-12,2,11:30,33
2026-01-12,2,12:30,22
2026-01-12,2,13:30,8
2026-01-12,2,14:30,4
2026-01-12,2,15:30,17
2026-01-12,2,16:30,15
2026-01-12,2,17:30,11
2026-01-12,2,18:30,28
2026-01-12,2,19:30,30
2026-01-12,3,08:00,0
2026-01-12,3,09:00,17
2026-01-12,3,10:00,7
2026-01-12,3,11:00,25
2026-01-12,3,12:00,29
2026-01-12,3,13:00,22
2026-01-12,3,14:00,8
2026-01-12,3,15:00,9
2026-01-12,3,16:00,13
2026-01-12,3,17:00,29
2026-01-12,3,18:00,0
2026-01-12,3,19:00,25
2026-01-12,3,20:00,0
2026-01-12,3,21:00,33
2026-01-13,1,08:00,35
2026-01-13,1,09:00,6
2026-01-13,1,10:00,2
2026-01-13,1,11:00,22
2026-01-13,1,12:00,25
2026-01-13,1,13:00,20
2026-01-13,1,14:00,34
2026-01-13,1,15:00,8
2026-01-13,1,16:00,18
2026-01-13,1,17:00,00
2026-01-13,1,18:00,34
2026-01-13,1,19:00,9
2026-01-13,2,08:30,8
2026-01-13,2,09:30,27
2026-01-13,2,10:30,32
2026-01-13,2,11:30,18
2026-01-13,2,12:30,24
2026-01-13,2,13:30,9
2026-01-13,2,14:30,6
2026-01-13,2,15:30,25
2026-01-13,2,16:30,13
2026-01-13,2,17:30,20
2026-01-13,2,18:30,12
2026-01-13,2,19:30,5
2026-01-13,3,08:00,19
2026-01-13,3,09:00,34
2026-01-13,3,10:00,6
2026-01-13,3,11:00,25
2026-01-13,3,12:00,12
2026-01-13,3,13:00,27
2026-01-13,3,14:00,16
2026-01-13,3,15:00,19
2026-01-13,3,16:00,36
2026-01-13,3,17:00,8
2026-01-13,3,18:00,24
2026-01-13,3,19:00,12
2026-01-13,3,20:00,33
2026-01-13,3,21:00,4
2026-01-14,1,08:00,23
2026-01-14,1,09:00,34
2026-01-14,1,10:00,32
2026-01-14,1,11:00,9
2026-01-14,1,12:00,35
2026-01-14,1,13:00,12
2026-01-14,1,14:00,17
2026-01-14,1,15:00,25
2026-01-14,1,16:00,0
2026-01-14,1,17:00,36
2026-01-14,1,18:00,33
2026-01-14,1,19:00,33
2026-01-14,2,08:30,22
2026-01-14,2,09:30,28
2026-01-14,2,10:30,15
2026-01-14,2,11:30,31
2026-01-14,2,12:30,29
2026-01-14,2,13:30,23
2026-01-14,2,14:30,18
2026-01-14,2,15:30,2
2026-01-14,2,16:30,32
2026-01-14,2,17:30,30
2026-01-14,2,18:30,25
2026-01-14,2,19:30,20
2026-01-14,3,08:00,12
2026-01-14,3,09:00,26
2026-01-14,3,10:00,36
2026-01-14,3,11:00,29
2026-01-14,3,12:00,9
2026-01-14,3,13:00,13
2026-01-14,3,14:00,10
2026-01-14,3,15:00,34
2026-01-14,3,16:00,9
2026-01-14,3,17:00,0
2026-01-14,3,18:00,5
2026-01-14,3,19:00,28
2026-01-14,3,20:00,5
2026-01-14,3,21:00,7
2026-01-15,1,08:00,8
2026-01-15,1,09:00,30
2026-01-15,1,10:00,18
2026-01-15,1,11:00,29
2026-01-15,1,12:00,30
2026-01-15,1,13:00,19
2026-01-15,1,14:00,35
2026-01-15,1,15:00,1
2026-01-15,1,16:00,9
2026-01-15,1,17:00,13
2026-01-15,1,18:00,8
2026-01-15,1,19:00,34
2026-01-15,2,08:30,26
2026-01-15,2,09:30,32
2026-01-15,2,10:30,35
2026-01-15,2,11:30,11
2026-01-15,2,12:30,20
2026-01-15,2,13:30,36
2026-01-15,2,14:30,28
2026-01-15,2,15:30,21
2026-01-15,2,16:30,18
2026-01-15,2,17:30,30
2026-01-15,2,18:30,23
2026-01-15,2,19:30,19
2026-01-15,3,08:00,1
2026-01-15,3,09:00,28
2026-01-15,3,10:00,5
2026-01-15,3,11:00,14
2026-01-15,3,12:00,12
2026-01-15,3,13:00,25
2026-01-15,3,14:00,33
2026-01-15,3,15:00,28
2026-01-15,3,16:00,36
2026-01-15,3,17:00,18
2026-01-15,3,18:00,14
2026-01-15,3,19:00,5
2026-01-15,3,20:00,7
2026-01-15,3,21:00,9
2026-01-16,1,08:00,22
2026-01-16,1,09:00,35
2026-01-16,1,10:00,32
2026-01-16,1,11:00,27
2026-01-16,1,12:00,26
2026-01-16,1,13:00,00
2026-01-16,1,14:00,20
2026-01-16,1,15:00,21
2026-01-16,1,16:00,29
2026-01-16,1,17:00,31
2026-01-16,1,18:00,11
2026-01-16,1,19:00,13
2026-01-16,2,08:30,21
2026-01-16,2,09:30,27
2026-01-16,2,10:30,23
2026-01-16,2,11:30,31
2026-01-16,2,12:30,15
2026-01-16,2,13:30,28
2026-01-16,2,14:30,24
2026-01-16,2,15:30,15
2026-01-16,2,16:30,34
2026-01-16,2,17:30,12
2026-01-16,2,18:30,4
2026-01-16,2,19:30,9
2026-01-16,3,08:00,1
2026-01-16,3,09:00,14
2026-01-16,3,10:00,33
2026-01-16,3,11:00,1
2026-01-16,3,12:00,8
2026-01-16,3,13:00,4
2026-01-16,3,14:00,11
2026-01-16,3,15:00,35
2026-01-16,3,16:00,1
2026-01-16,3,17:00,19
2026-01-16,3,18:00,29
2026-01-16,3,19:00,32
2026-01-16,3,20:00,10
2026-01-16,3,21:00,25
2026-01-17,1,08:00,34
2026-01-17,1,09:00,26
2026-01-17,1,10:00,33
2026-01-17,1,11:00,29
2026-01-17,1,12:00,15
2026-01-17,1,13:00,31
2026-01-17,1,14:00,30
2026-01-17,1,15:00,11
2026-01-17,1,16:00,6
2026-01-17,1,17:00,19
2026-01-17,1,18:00,0
2026-01-17,1,19:00,12
2026-01-17,2,08:30,11
2026-01-17,2,09:30,13
2026-01-17,2,10:30,3
2026-01-17,2,11:30,30
2026-01-17,2,12:30,6
2026-01-17,2,13:30,14
2026-01-17,2,14:30,26
2026-01-17,2,15:30,17
2026-01-17,2,16:30,22
2026-01-17,2,17:30,19
2026-01-17,2,18:30,2
2026-01-17,2,19:30,9
2026-01-17,3,08:00,9
2026-01-17,3,09:00,6
2026-01-17,3,10:00,2
2026-01-17,3,11:00,7
2026-01-17,3,12:00,2
2026-01-17,3,13:00,19
2026-01-17,3,14:00,31
2026-01-17,3,15:00,13
2026-01-17,3,16:00,5
2026-01-17,3,17:00,4
2026-01-17,3,18:00,7
2026-01-17,3,19:00,27
2026-01-17,3,20:00,19
2026-01-17,3,21:00,3
2026-01-18,1,08:00,27
2026-01-18,1,09:00,0
2026-01-18,1,10:00,9
2026-01-18,1,11:00,13
2026-01-18,1,12:00,22
2026-01-18,1,13:00,1
2026-01-18,1,14:00,33
2026-01-18,1,15:00,00
2026-01-18,1,16:00,6
2026-01-18,1,17:00,19
2026-01-18,1,18:00,25
2026-01-18,1,19:00,12
2026-01-18,2,08:30,33
2026-01-18,2,09:30,4
2026-01-18,2,10:30,6
2026-01-18,2,11:30,21
2026-01-18,2,12:30,32
2026-01-18,2,13:30,27
2026-01-18,2,14:30,12
2026-01-18,2,15:30,34
2026-01-18,2,16:30,31
2026-01-18,2,17:30,1
2026-01-18,2,18:30,36
2026-01-18,2,19:30,1
2026-01-18,3,08:00,34
2026-01-18,3,09:00,23
2026-01-18,3,10:00,36
2026-01-18,3,11:00,11
2026-01-18,3,12:00,2
2026-01-18,3,13:00,19
2026-01-18,3,14:00,17
2026-01-18,3,15:00,27
2026-01-18,3,16:00,17
2026-01-18,3,17:00,9
2026-01-18,3,18:00,31
2026-01-18,3,19:00,26
2026-01-18,3,20:00,16
2026-01-18,3,21:00,29
2026-01-19,1,08:00,6
2026-01-19,1,09:00,5
2026-01-19,1,10:00,22
2026-01-19,1,11:00,30
2026-01-19,1,12:00,34
2026-01-19,1,13:00,31
2026-01-19,1,14:00,12
2026-01-19,1,15:00,24
2026-01-19,1,16:00,3
2026-01-19,1,17:00,18
2026-01-19,1,18:00,2
2026-01-19,1,19:00,34
2026-01-19,2,08:30,3
2026-01-19,2,09:30,2
2026-01-19,2,10:30,13
2026-01-19,2,11:30,27
2026-01-19,2,12:30,7
2026-01-19,2,13:30,28
2026-01-19,2,14:30,6
2026-01-19,2,15:30,22
2026-01-19,2,16:30,32
2026-01-19,2,17:30,24
2026-01-19,2,18:30,4
2026-01-19,2,19:30,10
2026-01-19,3,08:00,34
2026-01-19,3,09:00,26
2026-01-19,3,10:00,26
2026-01-19,3,11:00,25
2026-01-19,3,12:00,1
2026-01-19,3,13:00,27
2026-01-19,3,14:00,21
2026-01-19,3,15:00,12
2026-01-19,3,16:00,00
2026-01-19,3,17:00,35
2026-01-19,3,18:00,5
2026-01-19,3,19:00,22
2026-01-19,3,20:00,16
2026-01-19,3,21:00,34
2026-01-20,1,08:00,9
2026-01-20,1,09:00,22
2026-01-20,1,10:00,33
2026-01-20,1,11:00,17
2026-01-20,1,12:00,29
2026-01-20,1,13:00,34
2026-01-20,1,14:00,5
2026-01-20,1,15:00,18
2026-01-20,1,16:00,15
2026-01-20,1,17:00,1
2026-01-20,1,18:00,21
2026-01-20,1,19:00,26
2026-01-20,2,08:30,18
2026-01-20,2,09:30,34
2026-01-20,2,10:30,24
2026-01-20,2,11:30,8
2026-01-20,2,12:30,0
2026-01-20,2,13:30,10
2026-01-20,2,14:30,33
2026-01-20,2,15:30,36
2026-01-20,2,16:30,5
2026-01-20,2,17:30,00
2026-01-20,2,18:30,30
2026-01-20,2,19:30,12
2026-01-20,3,08:00,25
2026-01-20,3,09:00,00
2026-01-20,3,10:00,8
2026-01-20,3,11:00,31
2026-01-20,3,12:00,13
2026-01-20,3,13:00,22
2026-01-20,3,14:00,25
2026-01-20,3,15:00,30
2026-01-20,3,16:00,21
2026-01-20,3,17:00,3
2026-01-20,3,18:00,25
2026-01-20,3,19:00,6
2026-01-20,3,20:00,15
2026-01-20,3,21:00,28
2026-01-21,1,08:00,6
2026-01-21,1,09:00,13
2026-01-21,1,10:00,28
2026-01-21,1,11:00,11
2026-01-21,1,12:00,28
2026-01-21,1,13:00,2
2026-01-21,1,14:00,27
2026-01-21,1,15:00,34
2026-01-21,1,16:00,23
2026-01-21,1,17:00,00
2026-01-21,1,18:00,24
2026-01-21,1,19:00,00
2026-01-21,2,08:30,11
2026-01-21,2,09:30,34
2026-01-21,2,10:30,20
2026-01-21,2,11:30,33
2026-01-21,2,12:30,21
2026-01-21,2,13:30,14
2026-01-21,2,14:30,12
2026-01-21,2,15:30,15
2026-01-21,2,16:30,5
2026-01-21,2,17:30,8
2026-01-21,2,18:30,2
2026-01-21,2,19:30,30
2026-01-21,3,08:00,3
2026-01-21,3,09:00,17
2026-01-21,3,10:00,5
2026-01-21,3,11:00,18
2026-01-21,3,12:00,13
2026-01-21,3,13:00,0
2026-01-21,3,14:00,15
2026-01-21,3,15:00,35
2026-01-21,3,16:00,5
2026-01-21,3,17:00,21
2026-01-21,3,18:00,2
2026-01-21,3,19:00,29
2026-01-21,3,20:00,17
2026-01-21,3,21:00,26
2026-01-22,1,08:00,31
2026-01-22,1,09:00,00
2026-01-22,1,10:00,12
2026-01-22,1,11:00,17
2026-01-22,1,12:00,6
2026-01-22,1,13:00,3
2026-01-22,1,14:00,5
2026-01-22,1,15:00,4
2026-01-22,1,16:00,34
2026-01-22,1,17:00,11
2026-01-22,1,18:00,32
2026-01-22,1,19:00,32
2026-01-22,2,08:30,26
2026-01-22,2,09:30,14
2026-01-22,2,10:30,9
2026-01-22,2,11:30,33
2026-01-22,2,12:30,7
2026-01-22,2,13:30,21
2026-01-22,2,14:30,6
2026-01-22,2,15:30,00
2026-01-22,2,16:30,28
2026-01-22,2,17:30,7
2026-01-22,2,18:30,31
2026-01-22,2,19:30,3
2026-01-22,3,08:00,28
2026-01-22,3,09:00,12
2026-01-22,3,10:00,00
2026-01-22,3,11:00,36
2026-01-22,3,12:00,2
2026-01-22,3,13:00,8
2026-01-22,3,14:00,28
2026-01-22,3,15:00,9
2026-01-22,3,16:00,28
2026-01-22,3,17:00,15
2026-01-22,3,18:00,33
2026-01-22,3,19:00,27
2026-01-22,3,20:00,23
2026-01-22,3,21:00,30
2026-01-23,1,08:00,0
2026-01-23,1,09:00,3
2026-01-23,1,10:00,1
2026-01-23,1,11:00,6
2026-01-23,1,12:00,8
2026-01-23,1,13:00,27
2026-01-23,1,14:00,9
2026-01-23,1,15:00,21
2026-01-23,1,16:00,21
2026-01-23,1,17:00,32
2026-01-23,1,18:00,30
2026-01-23,1,19:00,17
2026-01-23,2,08:30,17
2026-01-23,2,09:30,7
2026-01-23,2,10:30,24
2026-01-23,2,11:30,28
2026-01-23,2,12:30,34
2026-01-23,2,13:30,1
2026-01-23,2,14:30,26
2026-01-23,2,15:30,14
2026-01-23,2,16:30,32
2026-01-23,2,17:30,15
2026-01-23,2,18:30,00
2026-01-23,2,19:30,8
2026-01-23,3,08:00,22
2026-01-23,3,09:00,36
2026-01-23,3,10:00,14
2026-01-23,3,11:00,24
2026-01-23,3,12:00,33
2026-01-23,3,13:00,8
2026-01-23,3,14:00,00
2026-01-23,3,15:00,16
2026-01-23,3,16:00,20
2026-01-23,3,17:00,27
2026-01-23,3,18:00,0
2026-01-23,3,19:00,1
2026-01-23,3,20:00,9
2026-01-23,3,21:00,34
2026-01-24,1,08:00,13
2026-01-24,1,09:00,9
2026-01-24,1,10:00,11
2026-01-24,1,11:00,20
2026-01-24,1,12:00,17
2026-01-24,1,13:00,3
2026-01-24,1,14:00,26
2026-01-24,1,15:00,24
2026-01-24,1,16:00,30
2026-01-24,1,17:00,28
2026-01-24,1,18:00,8
2026-01-24,1,19:00,0
2026-01-24,2,08:30,33
2026-01-24,2,09:30,31
2026-01-24,2,10:30,26
2026-01-24,2,11:30,1
2026-01-24,2,12:30,23
2026-01-24,2,13:30,32
2026-01-24,2,14:30,3
2026-01-24,2,15:30,0
2026-01-24,2,16:30,8
2026-01-24,2,17:30,10
2026-01-24,2,18:30,25
2026-01-24,2,19:30,23
2026-01-24,3,08:00,13
2026-01-24,3,09:00,24
2026-01-24,3,10:00,14
2026-01-24,3,11:00,9
2026-01-24,3,12:00,33
2026-01-24,3,13:00,7
2026-01-24,3,14:00,1
2026-01-24,3,15:00,26
2026-01-24,3,16:00,36
2026-01-24,3,17:00,6
2026-01-24,3,18:00,20
2026-01-24,3,19:00,00
2026-01-24,3,20:00,20
2026-01-24,3,21:00,1
2026-01-25,1,08:00,33
2026-01-25,1,09:00,8
2026-01-25,1,10:00,34
2026-01-25,1,11:00,24
2026-01-25,1,12:00,21
2026-01-25,1,13:00,32
2026-01-25,1,14:00,7
2026-01-25,1,15:00,2
2026-01-25,1,16:00,23
2026-01-25,1,17:00,27
2026-01-25,1,18:00,16
2026-01-25,1,19:00,29
2026-01-25,2,08:30,12
2026-01-25,2,09:30,14
2026-01-25,2,10:30,3
2026-01-25,2,11:30,10
2026-01-25,2,12:30,00
2026-01-25,2,13:30,17
2026-01-25,2,14:30,11
2026-01-25,2,15:30,29
2026-01-25,2,16:30,15
2026-01-25,2,17:30,2
2026-01-25,2,18:30,6
2026-01-25,2,19:30,12
2026-01-25,3,08:00,7
2026-01-25,3,09:00,29
2026-01-25,3,10:00,7
2026-01-25,3,11:00,00
2026-01-25,3,12:00,13
2026-01-25,3,13:00,7
2026-01-25,3,14:00,26
2026-01-25,3,15:00,26
2026-01-25,3,16:00,27
2026-01-25,3,17:00,34
2026-01-25,3,18:00,23
2026-01-25,3,19:00,31
2026-01-25,3,20:00,32
2026-01-25,3,21:00,7
2026-01-26,1,08:00,0
2026-01-26,1,09:00,17
2026-01-26,1,10:00,5
2026-01-26,1,11:00,8
2026-01-26,1,12:00,2
2026-01-26,1,13:00,20
2026-01-26,1,14:00,3
2026-01-26,1,15:00,22
2026-01-26,1,16:00,18
2026-01-26,1,17:00,11
2026-01-26,1,18:00,3
2026-01-26,1,19:00,4
2026-01-26,2,08:30,20
2026-01-26,2,09:30,23
2026-01-26,2,10:30,28
2026-01-26,2,11:30,29
2026-01-26,2,12:30,5
2026-01-26,2,13:30,18
2026-01-26,2,14:30,11
2026-01-26,2,15:30,21
2026-01-26,2,16:30,16
2026-01-26,2,17:30,27
2026-01-26,2,18:30,25
2026-01-26,2,19:30,22
2026-01-26,3,08:00,34
2026-01-26,3,09:00,2
2026-01-26,3,10:00,13
2026-01-26,3,11:00,21
2026-01-26,3,12:00,15
2026-01-26,3,13:00,24
2026-01-26,3,14:00,27
2026-01-26,3,15:00,28
2026-01-26,3,16:00,27
2026-01-26,3,17:00,36
2026-01-26,3,18:00,36
2026-01-26,3,19:00,8
2026-01-26,3,20:00,14
2026-01-26,3,21:00,31
2026-01-27,1,08:00,8
2026-01-27,1,09:00,21
2026-01-27,1,10:00,13
2026-01-27,1,11:00,6
2026-01-27,1,12:00,5
2026-01-27,1,13:00,9
2026-01-27,1,14:00,26
2026-01-27,1,15:00,0
2026-01-27,1,16:00,29
2026-01-27,1,17:00,4
2026-01-27,1,18:00,5
2026-01-27,1,19:00,15
2026-01-27,2,08:30,19
2026-01-27,2,09:30,28
2026-01-27,2,10:30,0
2026-01-27,2,11:30,32
2026-01-27,2,12:30,18
2026-01-27,2,13:30,12
2026-01-27,2,14:30,6
2026-01-27,2,15:30,2
2026-01-27,2,16:30,14
2026-01-27,2,17:30,27
2026-01-27,2,18:30,26
2026-01-27,2,19:30,20
2026-01-27,3,08:00,16
2026-01-27,3,09:00,10
2026-01-27,3,10:00,33
2026-01-27,3,11:00,14
2026-01-27,3,12:00,2
2026-01-27,3,13:00,12
2026-01-27,3,14:00,13
2026-01-27,3,15:00,18
2026-01-27,3,16:00,27
2026-01-27,3,17:00,17
2026-01-27,3,18:00,8
2026-01-27,3,19:00,19
2026-01-27,3,20:00,00
2026-01-27,3,21:00,21
2026-01-28,1,08:00,5
2026-01-28,1,09:00,34
2026-01-28,1,10:00,6
2026-01-28,1,11:00,18
2026-01-28,1,12:00,25
2026-01-28,1,13:00,25
2026-01-28,1,14:00,9
2026-01-28,1,15:00,14
2026-01-28,1,16:00,12
2026-01-28,1,17:00,20
2026-01-28,1,18:00,27
2026-01-28,1,19:00,9
2026-01-28,2,08:30,16
2026-01-28,2,09:30,22
2026-01-28,2,10:30,21
2026-01-28,2,11:30,9
2026-01-28,2,12:30,20
2026-01-28,2,13:30,5
2026-01-28,2,14:30,8
2026-01-28,2,15:30,12
2026-01-28,2,16:30,00
2026-01-28,2,17:30,1
2026-01-28,2,18:30,25
2026-01-28,2,19:30,14
2026-01-28,3,08:00,26
2026-01-28,3,09:00,30
2026-01-28,3,10:00,36
2026-01-28,3,11:00,24
2026-01-28,3,12:00,8
2026-01-28,3,13:00,29
2026-01-28,3,14:00,32
2026-01-28,3,15:00,11
2026-01-28,3,16:00,8
2026-01-28,3,17:00,13
2026-01-28,3,18:00,15
2026-01-28,3,19:00,24
2026-01-28,3,20:00,2
2026-01-28,3,21:00,25
2026-01-29,1,08:00,32
2026-01-29,1,09:00,8
2026-01-29,1,10:00,28
2026-01-29,1,11:00,1
2026-01-29,1,12:00,33
2026-01-29,1,13:00,31
2026-01-29,1,14:00,21
2026-01-29,1,15:00,4
2026-01-29,1,16:00,22
2026-01-29,1,17:00,24
2026-01-29,1,18:00,14
2026-01-29,1,19:00,6
2026-01-29,2,08:30,19
2026-01-29,2,09:30,35
2026-01-29,2,10:30,9
2026-01-29,2,11:30,29
2026-01-29,2,12:30,3
2026-01-29,2,13:30,20
2026-01-29,2,14:30,00
2026-01-29,2,15:30,14
2026-01-29,2,16:30,25
2026-01-29,2,17:30,19
2026-01-29,2,18:30,11
2026-01-29,2,19:30,22
2026-01-29,3,08:00,16
2026-01-29,3,09:00,4
2026-01-29,3,10:00,22
2026-01-29,3,11:00,00
2026-01-29,3,12:00,7
2026-01-29,3,13:00,3
2026-01-29,3,14:00,20
2026-01-29,3,15:00,8
2026-01-29,3,16:00,5
2026-01-29,3,17:00,13
2026-01-29,3,18:00,18
2026-01-29,3,19:00,10
2026-01-29,3,20:00,11
2026-01-29,3,21:00,7
2026-01-30,1,08:00,6
2026-01-30,1,09:00,9
2026-01-30,1,10:00,2
2026-01-30,1,11:00,2
2026-01-30,1,12:00,18
2026-01-30,1,13:00,30
2026-01-30,1,14:00,19
2026-01-30,1,15:00,00
2026-01-30,1,16:00,21
2026-01-30,1,17:00,8
2026-01-30,1,18:00,18
2026-01-30,1,19:00,32
2026-01-30,2,08:30,32
2026-01-30,2,09:30,3
2026-01-30,2,10:30,31
2026-01-30,2,11:30,21
2026-01-30,2,12:30,29
2026-01-30,2,13:30,34
2026-01-30,2,14:30,18
2026-01-30,2,15:30,11
2026-01-30,2,16:30,10
2026-01-30,2,17:30,33
2026-01-30,2,18:30,20
2026-01-30,2,19:30,27
2026-01-30,3,08:00,13
2026-01-30,3,09:00,0
2026-01-30,3,10:00,0
2026-01-30,3,11:00,6
2026-01-30,3,12:00,9
2026-01-30,3,13:00,34
2026-01-30,3,14:00,25
2026-01-30,3,15:00,11
2026-01-30,3,16:00,33
2026-01-30,3,17:00,7
2026-01-30,3,18:00,21
2026-01-30,3,19:00,27
2026-01-30,3,20:00,23
2026-01-30,3,21:00,24
2026-01-31,1,08:00,3
2026-01-31,1,09:00,19
2026-01-31,1,10:00,32
2026-01-31,1,11:00,33
2026-01-31,1,12:00,22
2026-01-31,1,13:00,5
2026-01-31,1,14:00,26
2026-01-31,1,15:00,25
2026-01-31,1,16:00,8
2026-01-31,1,17:00,21
2026-01-31,1,18:00,26
2026-01-31,1,19:00,17
2026-01-31,2,08:30,22
2026-01-31,2,09:30,14
2026-01-31,2,10:30,6
2026-01-31,2,11:30,25
2026-01-31,2,12:30,2
2026-01-31,2,13:30,27
2026-01-31,2,14:30,7
2026-01-31,2,15:30,34
2026-01-31,2,16:30,23
2026-01-31,2,17:30,9
2026-01-31,2,18:30,12
2026-01-31,2,19:30,33
2026-01-31,3,08:00,6
2026-01-31,3,09:00,1
2026-01-31,3,10:00,21
2026-01-31,3,11:00,0
2026-01-31,3,12:00,22
2026-01-31,3,13:00,00
2026-01-31,3,14:00,23
2026-01-31,3,15:00,10
2026-01-31,3,16:00,17
2026-01-31,3,17:00,5
2026-01-31,3,18:00,31
2026-01-31,3,19:00,17
2026-01-31,3,20:00,26
2026-01-31,3,21:00,20
2026-02-01,1,08:00,34
2026-02-01,1,09:00,9
2026-02-01,1,10:00,24
2026-02-01,1,11:00,16
2026-02-01,1,12:00,3
2026-02-01,1,13:00,12
2026-02-01,1,14:00,29
2026-02-01,1,15:00,26
2026-02-01,1,16:00,23
2026-02-01,1,17:00,27
2026-02-01,1,18:00,18
2026-02-01,1,19:00,12
2026-02-01,2,08:30,29
2026-02-01,2,09:30,3
2026-02-01,2,10:30,5
2026-02-01,2,11:30,25
2026-02-01,2,12:30,35
2026-02-01,2,13:30,1
2026-02-01,2,14:30,27
2026-02-01,2,15:30,21
2026-02-01,2,16:30,19
2026-02-01,2,17:30,13
2026-02-01,2,18:30,34
2026-02-01,2,19:30,6
2026-02-01,3,08:00,0
2026-02-01,3,09:00,26
2026-02-01,3,10:00,00
2026-02-01,3,11:00,8
2026-02-01,3,12:00,12
2026-02-01,3,13:00,20
2026-02-01,3,14:00,18
2026-02-01,3,15:00,23
2026-02-01,3,16:00,14
2026-02-01,3,17:00,11
2026-02-01,3,18:00,10
2026-02-01,3,19:00,16
2026-02-01,3,20:00,13
2026-02-01,3,21:00,0
2026-02-02,1,08:00,28
2026-02-02,1,09:00,25
2026-02-02,1,10:00,12
2026-02-02,1,11:00,5
2026-02-02,1,12:00,9
2026-02-02,1,13:00,30
2026-02-02,1,14:00,26
2026-02-02,1,15:00,33
2026-02-02,1,16:00,22
2026-02-02,1,17:00,9
2026-02-02,1,18:00,20
2026-02-02,1,19:00,13
2026-02-02,2,08:30,00
2026-02-02,2,09:30,23
2026-02-02,2,10:30,9
2026-02-02,2,11:30,27
2026-02-02,2,12:30,36
2026-02-02,2,13:30,28
2026-02-02,2,14:30,5
2026-02-02,2,15:30,31
2026-02-02,2,16:30,25
2026-02-02,2,17:30,16
2026-02-02,2,18:30,6
2026-02-02,2,19:30,4
2026-02-02,3,08:00,21
2026-02-02,3,09:00,11
2026-02-02,3,10:00,6
2026-02-02,3,11:00,22
2026-02-02,3,12:00,34
2026-02-02,3,13:00,18
2026-02-02,3,14:00,13
2026-02-02,3,15:00,3
2026-02-02,3,16:00,0
2026-02-02,3,17:00,2
2026-02-02,3,18:00,30
2026-02-02,3,19:00,14
2026-02-02,3,20:00,25
2026-02-02,3,21:00,33
2026-02-03,1,08:00,22
2026-02-03,1,09:00,29
2026-02-03,1,10:00,32
2026-02-03,1,11:00,23
2026-02-03,1,12:00,19
2026-02-03,1,13:00,3
2026-02-03,1,14:00,27
2026-02-03,1,15:00,16
2026-02-03,1,16:00,15
2026-02-03,1,17:00,33
2026-02-03,1,18:00,18
2026-02-03,1,19:00,30
2026-02-03,2,08:30,26
2026-02-03,2,09:30,4
2026-02-03,2,10:30,18
2026-02-03,2,11:30,36
2026-02-03,2,12:30,32
2026-02-03,2,13:30,12
2026-02-03,2,14:30,25
2026-02-03,2,15:30,17
2026-02-03,2,16:30,16
2026-02-03,2,17:30,29
2026-02-03,2,18:30,28
2026-02-03,2,19:30,23
2026-02-03,3,08:00,15
2026-02-03,3,09:00,11
2026-02-03,3,10:00,18
2026-02-03,3,11:00,14
2026-02-03,3,12:00,18
2026-02-03,3,13:00,11
2026-02-03,3,14:00,15
2026-02-03,3,15:00,34
2026-02-03,3,16:00,8
2026-02-03,3,17:00,5
2026-02-03,3,18:00,20
2026-02-03,3,19:00,2
2026-02-03,3,20:00,13
2026-02-03,3,21:00,12
2026-02-04,1,08:00,32
2026-02-04,1,09:00,22
2026-02-04,1,10:00,6
2026-02-04,1,11:00,00
2026-02-04,1,12:00,10
2026-02-04,1,13:00,29
2026-02-04,1,14:00,12
2026-02-04,1,15:00,19
2026-02-04,1,16:00,28
2026-02-04,1,17:00,31
2026-02-04,1,18:00,20
2026-02-04,1,19:00,22
2026-02-04,2,08:30,30
2026-02-04,2,09:30,15
2026-02-04,2,10:30,31
2026-02-04,2,11:30,3
2026-02-04,2,12:30,12
2026-02-04,2,13:30,7
2026-02-04,2,14:30,6
2026-02-04,2,15:30,3
2026-02-04,2,16:30,18
2026-02-04,2,17:30,28
2026-02-04,2,18:30,12
2026-02-04,2,19:30,0
2026-02-04,3,08:00,12
2026-02-04,3,09:00,35
2026-02-04,3,10:00,13
2026-02-04,3,11:00,21
2026-02-04,3,12:00,27
2026-02-04,3,13:00,2
2026-02-04,3,14:00,9
2026-02-04,3,15:00,21
2026-02-04,3,16:00,5
2026-02-04,3,17:00,34
2026-02-04,3,18:00,25
2026-02-04,3,19:00,20
2026-02-04,3,20:00,19
2026-02-04,3,21:00,28
2026-02-05,1,08:00,29
2026-02-05,1,09:00,0
2026-02-05,1,10:00,19
2026-02-05,1,11:00,17
2026-02-05,1,12:00,2
2026-02-05,1,13:00,32
2026-02-05,1,14:00,24
2026-02-05,1,15:00,28
2026-02-05,1,16:00,5
2026-02-05,1,17:00,12
2026-02-05,1,18:00,1
2026-02-05,1,19:00,31
2026-02-05,2,08:30,19
2026-02-05,2,09:30,26
2026-02-05,2,10:30,23
2026-02-05,2,11:30,20
2026-02-05,2,12:30,31
2026-02-05,2,13:30,35
2026-02-05,2,14:30,15
2026-02-05,2,15:30,21
2026-02-05,2,16:30,10
2026-02-05,2,17:30,32
2026-02-05,2,18:30,30
2026-02-05,2,19:30,15
2026-02-05,3,08:00,17
2026-02-05,3,09:00,8
2026-02-05,3,10:00,19
2026-02-05,3,11:00,20
2026-02-05,3,12:00,28
2026-02-05,3,13:00,3
2026-02-05,3,14:00,3
2026-02-05,3,15:00,7
2026-02-05,3,16:00,8
2026-02-05,3,17:00,28
2026-02-05,3,18:00,19
2026-02-05,3,19:00,7
2026-02-05,3,20:00,21
2026-02-05,3,21:00,21
2026-02-06,1,08:00,1
2026-02-06,1,09:00,00
2026-02-06,1,10:00,0
2026-02-06,1,11:00,25
2026-02-06,1,12:00,23
2026-02-06,1,13:00,25
2026-02-06,1,14:00,8
2026-02-06,1,15:00,28
2026-02-06,1,16:00,14
2026-02-06,1,17:00,5
2026-02-06,1,18:00,0
2026-02-06,1,19:00,36
2026-02-06,2,08:30,11
2026-02-06,2,09:30,15
2026-02-06,2,10:30,2
2026-02-06,2,11:30,29
2026-02-06,2,12:30,16
2026-02-06,2,13:30,22
2026-02-06,2,14:30,25
2026-02-06,2,15:30,1
2026-02-06,2,16:30,4
2026-02-06,2,17:30,13
2026-02-06,2,18:30,14
2026-02-06,2,19:30,23
2026-02-06,3,08:00,5
2026-02-06,3,09:00,20
2026-02-06,3,10:00,7
2026-02-06,3,11:00,7
2026-02-06,3,12:00,2
2026-02-06,3,13:00,30
2026-02-06,3,14:00,11
2026-02-06,3,15:00,5
2026-02-06,3,16:00,31
2026-02-06,3,17:00,29
2026-02-06,3,18:00,33
2026-02-06,3,19:00,3
2026-02-06,3,20:00,19
2026-02-06,3,21:00,11
2026-02-07,1,08:00,22
2026-02-07,1,09:00,5
2026-02-07,1,10:00,31
2026-02-07,1,11:00,17
2026-02-07,1,12:00,8
2026-02-07,1,13:00,0
2026-02-07,1,14:00,16
2026-02-07,1,15:00,25
2026-02-07,1,16:00,30
2026-02-07,1,17:00,31
2026-02-07,1,18:00,24
2026-02-07,1,19:00,6
2026-02-07,2,08:30,28
2026-02-07,2,09:30,14
2026-02-07,2,10:30,10
2026-02-07,2,11:30,27
2026-02-07,2,12:30,22
2026-02-07,2,13:30,19
2026-02-07,2,14:30,31
2026-02-07,2,15:30,35
2026-02-07,2,16:30,25
2026-02-07,2,17:30,0
2026-02-07,2,18:30,13
2026-02-07,2,19:30,16
2026-02-07,3,08:00,23
2026-02-07,3,09:00,11
2026-02-07,3,10:00,21
2026-02-07,3,11:00,17
2026-02-07,3,12:00,22
2026-02-07,3,13:00,21
2026-02-07,3,14:00,33
2026-02-07,3,15:00,20
2026-02-07,3,16:00,15
2026-02-07,3,17:00,26
2026-02-07,3,18:00,12
2026-02-07,3,19:00,27
2026-02-07,3,20:00,2
2026-02-07,3,21:00,31
2026-02-08,1,08:00,29
2026-02-08,1,09:00,24
2026-02-08,1,10:00,31
2026-02-08,1,11:00,35
2026-02-08,1,12:00,0
2026-02-08,1,13:00,28
2026-02-08,1,14:00,21
2026-02-08,1,15:00,13
2026-02-08,1,16:00,30
2026-02-08,1,17:00,00
2026-02-08,1,18:00,25
2026-02-08,1,19:00,23
2026-02-08,2,08:30,11
2026-02-08,2,09:30,5
2026-02-08,2,10:30,00
2026-02-08,2,11:30,27
2026-02-08,2,12:30,20
2026-02-08,2,13:30,33
2026-02-08,2,14:30,15
2026-02-08,2,15:30,16
2026-02-08,2,16:30,23
2026-02-08,2,17:30,36
2026-02-08,2,18:30,4
2026-02-08,2,19:30,30
2026-02-08,3,08:00,17
2026-02-08,3,09:00,27
2026-02-08,3,10:00,0
2026-02-08,3,11:00,32
2026-02-08,3,12:00,33
2026-02-08,3,13:00,28
2026-02-08,3,14:00,16
2026-02-08,3,15:00,36
2026-02-08,3,16:00,25
2026-02-08,3,17:00,34
2026-02-08,3,18:00,33
2026-02-08,3,19:00,21
2026-02-08,3,20:00,1
2026-02-08,3,21:00,34
2026-02-09,1,08:00,7
2026-02-09,1,09:00,33
2026-02-09,1,10:00,4
2026-02-09,1,11:00,27
2026-02-09,1,12:00,29
2026-02-09,1,13:00,25
2026-02-09,1,14:00,6
2026-02-09,1,15:00,28
2026-02-09,1,16:00,15
2026-02-09,1,17:00,0
2026-02-09,1,18:00,29
2026-02-09,1,19:00,23
2026-02-09,2,08:30,22
2026-02-09,2,09:30,5
2026-02-09,2,10:30,18
2026-02-09,2,11:30,31
2026-02-09,2,12:30,16
2026-02-09,2,13:30,14
2026-02-09,2,14:30,20
2026-02-09,2,15:30,0
2026-02-09,2,16:30,4
2026-02-09,2,17:30,25
2026-02-09,2,18:30,7
2026-02-09,2,19:30,13
2026-02-09,3,08:00,4
2026-02-09,3,09:00,34
2026-02-09,3,10:00,13
2026-02-09,3,11:00,3
2026-02-09,3,12:00,18
2026-02-09,3,13:00,31
2026-02-09,3,14:00,11
2026-02-09,3,15:00,35
2026-02-09,3,16:00,3
2026-02-09,3,17:00,9
2026-02-09,3,18:00,14
2026-02-09,3,19:00,25
2026-02-09,3,20:00,21
2026-02-09,3,21:00,30
2026-02-10,1,08:00,0
2026-02-10,1,09:00,24
2026-02-10,1,10:00,32
2026-02-10,1,11:00,4
2026-02-10,1,12:00,3
2026-02-10,1,13:00,27
2026-02-10,1,14:00,2
2026-02-10,1,15:00,1
2026-02-10,1,16:00,11
2026-02-10,1,17:00,4
2026-02-10,1,18:00,16
2026-02-10,1,19:00,14
2026-02-10,2,08:30,23
2026-02-10,2,09:30,2
2026-02-10,2,10:30,27
2026-02-10,2,11:30,18
2026-02-10,2,12:30,28
2026-02-10,2,13:30,6
2026-02-10,2,14:30,35
2026-02-10,2,15:30,3
2026-02-10,2,16:30,24
2026-02-10,2,17:30,11
2026-02-10,2,18:30,15
2026-02-10,2,19:30,17
2026-02-10,3,08:00,31
2026-02-10,3,09:00,5
2026-02-10,3,10:00,36
2026-02-10,3,11:00,9
2026-02-10,3,12:00,32
2026-02-10,3,13:00,15
2026-02-10,3,14:00,12
2026-02-10,3,15:00,33
2026-02-10,3,16:00,2
2026-02-10,3,17:00,21
2026-02-10,3,18:00,13
2026-02-10,3,19:00,15
2026-02-10,3,20:00,33
2026-02-10,3,21:00,00
2026-02-11,1,08:00,32
2026-02-11,1,09:00,26
2026-02-11,1,10:00,22
2026-02-11,1,11:00,17
2026-02-11,1,12:00,31
2026-02-11,1,13:00,6
2026-02-11,1,14:00,15
2026-02-11,1,15:00,5
2026-02-11,1,16:00,19
2026-02-11,1,17:00,35
2026-02-11,1,18:00,15
2026-02-11,1,19:00,21
2026-02-11,2,08:30,28
2026-02-11,2,09:30,24
2026-02-11,2,10:30,10
2026-02-11,2,11:30,29
2026-02-11,2,12:30,15
2026-02-11,2,13:30,7
2026-02-11,2,14:30,3
2026-02-11,2,15:30,17
2026-02-11,2,16:30,6
2026-02-11,2,17:30,33
2026-02-11,2,18:30,00
2026-02-11,2,19:30,17
2026-02-11,3,08:00,4
2026-02-11,3,09:00,33
2026-02-11,3,10:00,13
2026-02-11,3,11:00,32
2026-02-11,3,12:00,8
2026-02-11,3,13:00,25
2026-02-11,3,14:00,35
2026-02-11,3,15:00,2
2026-02-11,3,16:00,26
2026-02-11,3,17:00,24
2026-02-11,3,18:00,13
2026-02-11,3,19:00,17
2026-02-11,3,20:00,22
2026-02-11,3,21:00,11
2026-02-12,1,08:00,26
2026-02-12,1,09:00,28
2026-02-12,1,10:00,32
2026-02-12,1,11:00,18
2026-02-12,1,12:00,19
2026-02-12,1,13:00,16
2026-02-12,1,14:00,27
2026-02-12,1,15:00,25
2026-02-12,1,16:00,35
2026-02-12,1,17:00,28
2026-02-12,1,18:00,31
2026-02-12,1,19:00,0
2026-02-12,2,08:30,18
2026-02-12,2,09:30,21
2026-02-12,2,10:30,26
2026-02-12,2,11:30,17
2026-02-12,2,12:30,11
2026-02-12,2,13:30,25
2026-02-12,2,14:30,0
2026-02-12,2,15:30,24
2026-02-12,2,16:30,12
2026-02-12,2,17:30,14
2026-02-12,2,18:30,30
2026-02-12,2,19:30,19
2026-02-12,3,08:00,30
2026-02-12,3,09:00,36
2026-02-12,3,10:00,15
2026-02-12,3,11:00,27
2026-02-12,3,12:00,9
2026-02-12,3,13:00,34
2026-02-12,3,14:00,24
2026-02-12,3,15:00,26
2026-02-12,3,16:00,24
2026-02-12,3,17:00,1
2026-02-12,3,18:00,12
2026-02-12,3,19:00,23
2026-02-12,3,20:00,23
2026-02-12,3,21:00,10
2026-02-13,1,08:00,19
2026-02-13,1,09:00,29
2026-02-13,1,10:00,15
2026-02-13,1,11:00,18
2026-02-13,1,12:00,21
2026-02-13,1,13:00,36
2026-02-13,1,14:00,27
2026-02-13,1,15:00,1
2026-02-13,1,16:00,9
2026-02-13,1,17:00,22
2026-02-13,1,18:00,1
2026-02-13,1,19:00,29
2026-02-13,2,08:30,7
2026-02-13,2,09:30,23
2026-02-13,2,10:30,6
2026-02-13,2,11:30,0
2026-02-13,2,12:30,29
2026-02-13,2,13:30,2
2026-02-13,2,14:30,26
2026-02-13,2,15:30,00
2026-02-13,2,16:30,3
2026-02-13,2,17:30,31
2026-02-13,2,18:30,27
2026-02-13,2,19:30,33
2026-02-13,3,08:00,34
2026-02-13,3,09:00,19
2026-02-13,3,10:00,2
2026-02-13,3,11:00,14
2026-02-13,3,12:00,26
2026-02-13,3,13:00,22
2026-02-13,3,14:00,19
2026-02-13,3,15:00,30
2026-02-13,3,16:00,11
2026-02-13,3,17:00,9
2026-02-13,3,18:00,5
2026-02-13,3,19:00,11
2026-02-13,3,20:00,8
2026-02-13,3,21:00,6
2026-02-14,1,08:00,35
2026-02-14,1,09:00,21
2026-02-14,1,10:00,16
2026-02-14,1,11:00,30
2026-02-14,1,12:00,0
2026-02-14,1,13:00,5
2026-02-14,1,14:00,28
2026-02-14,1,15:00,2
2026-02-14,1,16:00,29
2026-02-14,1,17:00,7
2026-02-14,1,18:00,36
2026-02-14,1,19:00,32
2026-02-14,2,08:30,20
2026-02-14,2,09:30,24
2026-02-14,2,10:30,35
2026-02-14,2,11:30,18
2026-02-14,2,12:30,32
2026-02-14,2,13:30,25
2026-02-14,2,14:30,21
2026-02-14,2,15:30,36
2026-02-14,2,16:30,30
2026-02-14,2,17:30,29
2026-02-14,2,18:30,20
2026-02-14,2,19:30,3
2026-02-14,3,08:00,12
2026-02-14,3,09:00,32
2026-02-14,3,10:00,32
2026-02-14,3,11:00,9
2026-02-14,3,12:00,12
2026-02-14,3,13:00,9
2026-02-14,3,14:00,13
2026-02-14,3,15:00,18
2026-02-14,3,16:00,14
2026-02-14,3,17:00,7
2026-02-14,3,18:00,31
2026-02-14,3,19:00,6
2026-02-14,3,20:00,24
2026-02-14,3,21:00,00
2026-02-15,1,08:00,28
2026-02-15,1,09:00,8
2026-02-15,1,10:00,30
2026-02-15,1,11:00,27
2026-02-15,1,12:00,1
2026-02-15,1,13:00,32
2026-02-15,1,14:00,7
2026-02-15,1,15:00,00
2026-02-15,1,16:00,17
2026-02-15,1,17:00,24
2026-02-15,1,18:00,2
2026-02-15,1,19:00,19
2026-02-15,2,08:30,26
2026-02-15,2,09:30,16
2026-02-15,2,10:30,21
2026-02-15,2,11:30,25
2026-02-15,2,12:30,12
2026-02-15,2,13:30,10
2026-02-15,2,14:30,1
2026-02-15,2,15:30,4
2026-02-15,2,16:30,28
2026-02-15,2,17:30,4
2026-02-15,2,18:30,23
2026-02-15,2,19:30,2
2026-02-15,3,08:00,36
2026-02-15,3,09:00,22
2026-02-15,3,10:00,15
2026-02-15,3,11:00,17
2026-02-15,3,12:00,11
2026-02-15,3,13:00,21
2026-02-15,3,14:00,14
2026-02-15,3,15:00,27
2026-02-15,3,16:00,26
2026-02-15,3,17:00,30
2026-02-15,3,18:00,13
2026-02-15,3,19:00,0
2026-02-15,3,20:00,2
2026-02-15,3,21:00,12
2026-02-16,1,08:00,30
2026-02-16,1,09:00,23
2026-02-16,1,10:00,21
2026-02-16,1,11:00,2
2026-02-16,1,12:00,36
2026-02-16,1,13:00,16
2026-02-16,1,14:00,35
2026-02-16,1,15:00,20
2026-02-16,1,16:00,11
2026-02-16,1,17:00,1
2026-02-16,1,18:00,5
2026-02-16,1,19:00,00
2026-02-16,2,08:30,35
2026-02-16,2,09:30,9
2026-02-16,2,10:30,1
2026-02-16,2,11:30,18
2026-02-16,2,12:30,3
2026-02-16,2,13:30,19
2026-02-16,2,14:30,36
2026-02-16,2,15:30,26
2026-02-16,2,16:30,21
2026-02-16,2,17:30,11
2026-02-16,2,18:30,2
2026-02-16,2,19:30,9
2026-02-16,3,08:00,9
2026-02-16,3,09:00,4
2026-02-16,3,10:00,11
2026-02-16,3,11:00,15
2026-02-16,3,12:00,13
2026-02-16,3,13:00,14
2026-02-16,3,14:00,7
2026-02-16,3,15:00,26
2026-02-16,3,16:00,27
2026-02-16,3,17:00,2
2026-02-16,3,18:00,28
2026-02-16,3,19:00,20
2026-02-16,3,20:00,16
2026-02-16,3,21:00,20
2026-02-17,1,08:00,6
2026-02-17,1,09:00,32
2026-02-17,1,10:00,19
2026-02-17,1,11:00,8
2026-02-17,1,12:00,28
2026-02-17,1,13:00,23
2026-02-17,1,14:00,21
2026-02-17,1,15:00,26
2026-02-17,1,16:00,7
2026-02-17,1,17:00,34
2026-02-17,1,18:00,13
2026-02-17,1,19:00,8
2026-02-17,2,08:30,18
2026-02-17,2,09:30,30
2026-02-17,2,10:30,4
2026-02-17,2,11:30,23
2026-02-17,2,12:30,34
2026-02-17,2,13:30,9
2026-02-17,2,14:30,33
2026-02-17,2,15:30,8
2026-02-17,2,16:30,26
2026-02-17,2,17:30,34
2026-02-17,2,18:30,24
2026-02-17,2,19:30,2
2026-02-17,3,08:00,1
2026-02-17,3,09:00,0
2026-02-17,3,10:00,1
2026-02-17,3,11:00,6
2026-02-17,3,12:00,27
2026-02-17,3,13:00,11
2026-02-17,3,14:00,12
2026-02-17,3,15:00,6
2026-02-17,3,16:00,33
2026-02-17,3,17:00,17
2026-02-17,3,18:00,6
2026-02-17,3,19:00,25
2026-02-17,3,20:00,10
2026-02-17,3,21:00,19
2026-02-18,1,08:00,19
2026-02-18,1,09:00,36
2026-02-18,1,10:00,1
2026-02-18,1,11:00,24
2026-02-18,1,12:00,16
2026-02-18,1,13:00,26
2026-02-18,1,14:00,11
2026-02-18,1,15:00,18
2026-02-18,1,16:00,17
2026-02-18,1,17:00,33
2026-02-18,1,18:00,17
2026-02-18,1,19:00,21
2026-02-18,2,08:30,3
2026-02-18,2,09:30,20
2026-02-18,2,10:30,0
2026-02-18,2,11:30,26
2026-02-18,2,12:30,10
2026-02-18,2,13:30,36
2026-02-18,2,14:30,32
2026-02-18,2,15:30,16
2026-02-18,2,16:30,34
2026-02-18,2,17:30,30
2026-02-18,2,18:30,21
2026-02-18,2,19:30,19
2026-02-18,3,08:00,25
2026-02-18,3,09:00,14
2026-02-18,3,10:00,7
2026-02-18,3,11:00,36
2026-02-18,3,12:00,27
2026-02-18,3,13:00,6
2026-02-18,3,14:00,18
2026-02-18,3,15:00,11
2026-02-18,3,16:00,16
2026-02-18,3,17:00,29
2026-02-18,3,18:00,8
2026-02-18,3,19:00,13
2026-02-18,3,20:00,25
2026-02-18,3,21:00,29
2026-02-19,1,08:00,00
2026-02-19,1,09:00,17
2026-02-19,1,10:00,14
2026-02-19,1,11:00,36
2026-02-19,1,12:00,14
2026-02-19,1,13:00,32
2026-02-19,1,14:00,35
2026-02-19,1,15:00,27
2026-02-19,1,16:00,26
2026-02-19,1,17:00,25
2026-02-19,1,18:00,35
2026-02-19,1,19:00,2
2026-02-19,2,08:30,16
2026-02-19,2,09:30,18
2026-02-19,2,10:30,7
2026-02-19,2,11:30,1
2026-02-19,2,12:30,30
2026-02-19,2,13:30,8
2026-02-19,2,14:30,24
2026-02-19,2,15:30,36
2026-02-19,2,16:30,31
2026-02-19,2,17:30,21
2026-02-19,2,18:30,25
2026-02-19,2,19:30,19
2026-02-19,3,08:00,10
2026-02-19,3,09:00,4
2026-02-19,3,10:00,10
2026-02-19,3,11:00,20
2026-02-19,3,12:00,24
2026-02-19,3,13:00,19
2026-02-19,3,14:00,11
2026-02-19,3,15:00,5
2026-02-19,3,16:00,12
2026-02-19,3,17:00,2
2026-02-19,3,18:00,27
2026-02-19,3,19:00,8
2026-02-19,3,20:00,31
2026-02-19,3,21:00,22
2026-02-20,1,08:00,31
2026-02-20,1,09:00,25
2026-02-20,1,10:00,19
2026-02-20,1,11:00,23
2026-02-20,1,12:00,17
2026-02-20,1,13:00,31
2026-02-20,1,14:00,30
2026-02-20,1,15:00,14
2026-02-20,1,16:00,29
2026-02-20,1,17:00,33
2026-02-20,1,18:00,20
2026-02-20,1,19:00,14
2026-02-20,2,08:30,00
2026-02-20,2,09:30,1
2026-02-20,2,10:30,10
2026-02-20,2,11:30,7
2026-02-20,2,12:30,9
2026-02-20,2,13:30,33
2026-02-20,2,14:30,6
2026-02-20,2,15:30,4
2026-02-20,2,16:30,7
2026-02-20,2,17:30,21
2026-02-20,2,18:30,18
2026-02-20,2,19:30,13
2026-02-20,3,08:00,23
2026-02-20,3,09:00,32
2026-02-20,3,10:00,34
2026-02-20,3,11:00,18
2026-02-20,3,12:00,2
2026-02-20,3,13:00,23
2026-02-20,3,14:00,17
2026-02-20,3,15:00,30
2026-02-20,3,16:00,29
2026-02-20,3,17:00,13
2026-02-20,3,18:00,33
2026-02-20,3,19:00,15
2026-02-20,3,20:00,15
2026-02-20,3,21:00,36
2026-02-21,1,08:00,30
2026-02-21,1,09:00,1
2026-02-21,1,10:00,26
2026-02-21,1,11:00,0
2026-02-21,1,12:00,3
2026-02-21,1,13:00,19
2026-02-21,1,14:00,17
2026-02-21,1,15:00,5
2026-02-21,1,16:00,25
2026-02-21,1,17:00,22
2026-02-21,1,18:00,4
2026-02-21,1,19:00,23
2026-02-21,2,08:30,19
2026-02-21,2,09:30,9
2026-02-21,2,10:30,14
2026-02-21,2,11:30,34
2026-02-21,2,12:30,23
2026-02-21,2,13:30,3
2026-02-21,2,14:30,22
2026-02-21,2,15:30,36
2026-02-21,2,16:30,5
2026-02-21,2,17:30,20
2026-02-21,2,18:30,6
2026-02-21,2,19:30,18
2026-02-21,3,08:00,35
2026-02-21,3,09:00,31
2026-02-21,3,10:00,29
2026-02-21,3,11:00,28
2026-02-21,3,12:00,31
2026-02-21,3,13:00,1
2026-02-21,3,14:00,36
2026-02-21,3,15:00,11
2026-02-21,3,16:00,32
2026-02-21,3,17:00,22
2026-02-21,3,18:00,19
2026-02-21,3,19:00,12
2026-02-21,3,20:00,3
2026-02-21,3,21:00,5
2026-02-22,1,08:00,17
2026-02-22,1,09:00,29
2026-02-22,1,10:00,26
2026-02-22,1,11:00,17
2026-02-22,1,12:00,16
2026-02-22,1,13:00,27
2026-02-22,1,14:00,4
2026-02-22,1,15:00,2
2026-02-22,1,16:00,36
2026-02-22,1,17:00,3
2026-02-22,1,18:00,13
2026-02-22,1,19:00,19
2026-02-22,2,08:30,6
2026-02-22,2,09:30,00
2026-02-22,2,10:30,25
2026-02-22,2,11:30,11
2026-02-22,2,12:30,18
2026-02-22,2,13:30,9
2026-02-22,2,14:30,13
2026-02-22,2,15:30,3
2026-02-22,2,16:30,23
2026-02-22,2,17:30,10
2026-02-22,2,18:30,2
2026-02-22,2,19:30,13
2026-02-22,3,08:00,25
2026-02-22,3,09:00,11
2026-02-22,3,10:00,35
2026-02-22,3,11:00,35
2026-02-22,3,12:00,18
2026-02-22,3,13:00,21
2026-02-22,3,14:00,1
2026-02-22,3,15:00,32
2026-02-22,3,16:00,0
2026-02-22,3,17:00,10
2026-02-22,3,18:00,35
2026-02-22,3,19:00,36
2026-02-22,3,20:00,31
2026-02-22,3,21:00,34
2026-02-23,1,08:00,19
2026-02-23,1,09:00,35
2026-02-23,1,10:00,11
2026-02-23,1,11:00,17
2026-02-23,1,12:00,36
2026-02-23,1,13:00,22
2026-02-23,1,14:00,27
2026-02-23,1,15:00,25
2026-02-23,1,16:00,20
2026-02-23,1,17:00,7
2026-02-23,1,18:00,2
2026-02-23,1,19:00,1
2026-02-23,2,08:30,36
2026-02-23,2,09:30,20
2026-02-23,2,10:30,27
2026-02-23,2,11:30,13
2026-02-23,2,12:30,35
2026-02-23,2,13:30,34
2026-02-23,2,14:30,29
2026-02-23,2,15:30,12
2026-02-23,2,16:30,10
2026-02-23,2,17:30,19
2026-02-23,2,18:30,7
2026-02-23,2,19:30,20
2026-02-23,3,08:00,34
2026-02-23,3,09:00,16
2026-02-23,3,10:00,9
2026-02-23,3,11:00,25
2026-02-23,3,12:00,5
2026-02-23,3,13:00,20
2026-02-23,3,14:00,9
2026-02-23,3,15:00,25
2026-02-23,3,16:00,4
2026-02-23,3,17:00,00
2026-02-23,3,18:00,21
2026-02-23,3,19:00,34
2026-02-23,3,20:00,20
2026-02-23,3,21:00,16
2026-02-24,1,08:00,18
2026-02-24,1,09:00,11
2026-02-24,1,10:00,31
2026-02-24,1,11:00,1
2026-02-24,1,12:00,25
2026-02-24,1,13:00,14
2026-02-24,1,14:00,2
2026-02-24,1,15:00,9
2026-02-24,1,16:00,23
2026-02-24,1,17:00,31
2026-02-24,1,18:00,17
2026-02-24,1,19:00,20
2026-02-24,2,08:30,5
2026-02-24,2,09:30,29
2026-02-24,2,10:30,14
2026-02-24,2,11:30,0
2026-02-24,2,12:30,12
2026-02-24,2,13:30,19
2026-02-24,2,14:30,11
2026-02-24,2,15:30,28
2026-02-24,2,16:30,21
2026-02-24,2,17:30,00
2026-02-24,2,18:30,17
2026-02-24,2,19:30,7
2026-02-24,3,08:00,14
2026-02-24,3,09:00,16
2026-02-24,3,10:00,31
2026-02-24,3,11:00,28
2026-02-24,3,12:00,19
2026-02-24,3,13:00,22
2026-02-24,3,14:00,5
2026-02-24,3,15:00,16
2026-02-24,3,16:00,24
2026-02-24,3,17:00,8
2026-02-24,3,18:00,3
2026-02-24,3,19:00,32
2026-02-24,3,20:00,19
2026-02-24,3,21:00,7
2026-02-25,1,08:00,9
2026-02-25,1,09:00,5
2026-02-25,1,10:00,4
2026-02-25,1,11:00,31
2026-02-25,1,12:00,0
2026-02-25,1,13:00,19
2026-02-25,1,14:00,7
2026-02-25,1,15:00,00
2026-02-25,1,16:00,15
2026-02-25,1,17:00,36
2026-02-25,1,18:00,4
2026-02-25,1,19:00,10
2026-02-25,2,08:30,23
2026-02-25,2,09:30,28
2026-02-25,2,10:30,0
2026-02-25,2,11:30,9
2026-02-25,2,12:30,34
2026-02-25,2,13:30,33
2026-02-25,2,14:30,14
2026-02-25,2,15:30,12
2026-02-25,2,16:30,1
2026-02-25,2,17:30,7
2026-02-25,2,18:30,21
2026-02-25,2,19:30,30
2026-02-25,3,08:00,15
2026-02-25,3,09:00,10
2026-02-25,3,10:00,32
2026-02-25,3,11:00,18
2026-02-25,3,12:00,14
2026-02-25,3,13:00,33
2026-02-25,3,14:00,14
2026-02-25,3,15:00,6
2026-02-25,3,16:00,36
2026-02-25,3,17:00,23
2026-02-25,3,18:00,10
2026-02-25,3,19:00,7
2026-02-25,3,20:00,0
2026-02-25,3,21:00,32
2026-02-26,1,08:00,31
2026-02-26,1,09:00,16
2026-02-26,1,10:00,3
2026-02-26,1,11:00,00
2026-02-26,1,12:00,8
2026-02-26,1,13:00,22
2026-02-26,1,14:00,7
2026-02-26,1,15:00,21
2026-02-26,1,16:00,36
2026-02-26,1,17:00,18
2026-02-26,1,18:00,25
2026-02-26,1,19:00,36
2026-02-26,2,08:30,00
2026-02-26,2,09:30,19
2026-02-26,2,10:30,20
2026-02-26,2,11:30,11
2026-02-26,2,12:30,6
2026-02-26,2,13:30,26
2026-02-26,2,14:30,16
2026-02-26,2,15:30,30
2026-02-26,2,16:30,17
2026-02-26,2,17:30,16
2026-02-26,2,18:30,34
2026-02-26,2,19:30,10
2026-02-26,3,08:00,26
2026-02-26,3,09:00,7
2026-02-26,3,10:00,32
2026-02-26,3,11:00,6
2026-02-26,3,12:00,19
2026-02-26,3,13:00,30
2026-02-26,3,14:00,1
2026-02-26,3,15:00,12
2026-02-26,3,16:00,16
2026-02-26,3,17:00,3
2026-02-26,3,18:00,13
2026-02-26,3,19:00,21
2026-02-26,3,20:00,34
2026-02-26,3,21:00,16
2026-02-27,1,08:00,9
2026-02-27,1,09:00,1
2026-02-27,1,10:00,15
2026-02-27,1,11:00,3
2026-02-27,1,12:00,14
2026-02-27,1,13:00,15
2026-02-27,1,14:00,2
2026-02-27,1,15:00,23
2026-02-27,1,16:00,13
2026-02-27,1,17:00,00
2026-02-27,1,18:00,00
2026-02-27,1,19:00,7
2026-02-27,2,08:30,14
2026-02-27,2,09:30,28
2026-02-27,2,10:30,20
2026-02-27,2,11:30,21
2026-02-27,2,12:30,12
2026-02-27,2,13:30,10
2026-02-27,2,14:30,15
2026-02-27,2,15:30,16
2026-02-27,2,16:30,17
2026-02-27,2,17:30,6
2026-02-27,2,18:30,35
2026-02-27,2,19:30,13
2026-02-27,3,08:00,3
2026-02-27,3,09:00,25
2026-02-27,3,10:00,33
2026-02-27,3,11:00,34
2026-02-27,3,12:00,35
2026-02-27,3,13:00,25
2026-02-27,3,14:00,4
2026-02-27,3,15:00,7
2026-02-27,3,16:00,1
2026-02-27,3,17:00,16
2026-02-27,3,18:00,3
2026-02-27,3,19:00,2
2026-02-27,3,20:00,35
2026-02-27,3,21:00,18
2026-02-28,1,08:00,11
2026-02-28,1,09:00,17
2026-02-28,1,10:00,1
2026-02-28,1,11:00,35
2026-02-28,1,12:00,7
2026-02-28,1,13:00,18
2026-02-28,1,14:00,00
2026-02-28,1,15:00,16
2026-02-28,1,16:00,13
2026-02-28,1,17:00,35
2026-02-28,1,18:00,21
2026-02-28,1,19:00,22
2026-02-28,2,08:30,30
2026-02-28,2,09:30,14
2026-02-28,2,10:30,3
2026-02-28,2,11:30,7
2026-02-28,2,12:30,25
2026-02-28,2,13:30,19
2026-02-28,2,14:30,12
2026-02-28,2,15:30,00
2026-02-28,2,16:30,26
2026-02-28,2,17:30,23
2026-02-28,2,18:30,16
2026-02-28,2,19:30,29
2026-02-28,3,08:00,00
2026-02-28,3,09:00,15
2026-02-28,3,10:00,36
2026-02-28,3,11:00,29
2026-02-28,3,12:00,22
2026-02-28,3,13:00,10
2026-02-28,3,14:00,36
2026-02-28,3,15:00,25
2026-02-28,3,16:00,19
2026-02-28,3,17:00,14
2026-02-28,3,18:00,30
2026-02-28,3,19:00,22
2026-02-28,3,20:00,34
2026-02-28,3,21:00,16
2026-03-01,1,08:00,30
2026-03-01,1,09:00,35
2026-03-01,1,10:00,19
2026-03-01,1,11:00,18
2026-03-01,1,12:00,16
2026-03-01,1,13:00,2
2026-03-01,1,14:00,15
2026-03-01,1,15:00,24
2026-03-01,1,16:00,5
2026-03-01,1,17:00,12
2026-03-01,1,18:00,24
2026-03-01,1,19:00,4
2026-03-01,2,08:30,13
2026-03-01,2,09:30,21
2026-03-01,2,10:30,15
2026-03-01,2,11:30,6
2026-03-01,2,12:30,8
2026-03-01,2,13:30,12
2026-03-01,2,14:30,20
2026-03-01,2,15:30,26
2026-03-01,2,16:30,15
2026-03-01,2,17:30,17
2026-03-01,2,18:30,8
2026-03-01,2,19:30,25
2026-03-01,3,08:00,33
2026-03-01,3,09:00,26
2026-03-01,3,10:00,34
2026-03-01,3,11:00,26
2026-03-01,3,12:00,36
2026-03-01,3,13:00,21
2026-03-01,3,14:00,0
2026-03-01,3,15:00,33
2026-03-01,3,16:00,36
2026-03-01,3,17:00,14
2026-03-01,3,18:00,16
2026-03-01,3,19:00,28
2026-03-01,3,20:00,33
2026-03-01,3,21:00,34
2026-03-02,1,08:00,4
2026-03-02,1,09:00,13
2026-03-02,1,10:00,11
2026-03-02,1,11:00,25
2026-03-02,1,12:00,30
2026-03-02,1,13:00,32
2026-03-02,1,14:00,16
2026-03-02,1,15:00,36
2026-03-02,1,16:00,1
2026-03-02,1,17:00,14
2026-03-02,1,18:00,00
2026-03-02,1,19:00,21
2026-03-02,2,08:30,14
2026-03-02,2,09:30,34
2026-03-02,2,10:30,29
2026-03-02,2,11:30,18
2026-03-02,2,12:30,11
2026-03-02,2,13:30,2
2026-03-02,2,14:30,4
2026-03-02,2,15:30,32
2026-03-02,2,16:30,10
2026-03-02,2,17:30,0
2026-03-02,2,18:30,20
2026-03-02,2,19:30,32
2026-03-02,3,08:00,28
2026-03-02,3,09:00,14
2026-03-02,3,10:00,23
2026-03-02,3,11:00,1
2026-03-02,3,12:00,14
2026-03-02,3,13:00,26
2026-03-02,3,14:00,8
2026-03-02,3,15:00,17
2026-03-02,3,16:00,4
2026-03-02,3,17:00,1
2026-03-02,3,18:00,13
2026-03-02,3,19:00,12
2026-03-02,3,20:00,33
2026-03-02,3,21:00,25
2026-03-03,1,08:00,29
2026-03-03,1,09:00,18
2026-03-03,1,10:00,2
2026-03-03,1,11:00,31
2026-03-03,1,12:00,00
2026-03-03,1,13:00,5
2026-03-03,1,14:00,32
2026-03-03,1,15:00,20
2026-03-03,1,16:00,15
2026-03-03,1,17:00,36
2026-03-03,1,18:00,11
2026-03-03,1,19:00,5
2026-03-03,2,08:30,16
2026-03-03,2,09:30,4
2026-03-03,2,10:30,17
2026-03-03,2,11:30,24
2026-03-03,2,12:30,27
2026-03-03,2,13:30,31
2026-03-03,2,14:30,28
2026-03-03,2,15:30,11
2026-03-03,2,16:30,13
2026-03-03,2,17:30,32
2026-03-03,2,18:30,1
2026-03-03,2,19:30,30
2026-03-03,3,08:00,00
2026-03-03,3,09:00,10
2026-03-03,3,10:00,30
2026-03-03,3,11:00,31
2026-03-03,3,12:00,25
2026-03-03,3,13:00,12
2026-03-03,3,14:00,3
2026-03-03,3,15:00,22
2026-03-03,3,16:00,16
2026-03-03,3,17:00,21
2026-03-03,3,18:00,16
2026-03-03,3,19:00,0
2026-03-03,3,20:00,13
2026-03-03,3,21:00,22
2026-03-04,1,08:00,32
2026-03-04,1,09:00,23
2026-03-04,1,10:00,3
2026-03-04,1,11:00,35
2026-03-04,1,12:00,3
2026-03-04,1,13:00,1
2026-03-04,1,14:00,27
2026-03-04,1,15:00,26
2026-03-04,1,16:00,5
2026-03-04,1,17:00,20
2026-03-04,1,18:00,11
2026-03-04,1,19:00,26
2026-03-04,2,08:30,33
2026-03-04,2,09:30,30
2026-03-04,2,10:30,4
2026-03-04,2,11:30,00
2026-03-04,2,12:30,23
2026-03-04,2,13:30,20
2026-03-04,2,14:30,13
2026-03-04,2,15:30,21
2026-03-04,2,16:30,1
2026-03-04,2,17:30,34
2026-03-04,2,18:30,25
2026-03-04,2,19:30,29
2026-03-04,3,08:00,1
2026-03-04,3,09:00,1
2026-03-04,3,10:00,17
2026-03-04,3,11:00,7
2026-03-04,3,12:00,15
2026-03-04,3,13:00,7
2026-03-04,3,14:00,10
2026-03-04,3,15:00,27
2026-03-04,3,16:00,16
2026-03-04,3,17:00,29
2026-03-04,3,18:00,19
2026-03-04,3,19:00,12
2026-03-04,3,20:00,12
2026-03-04,3,21:00,10
2026-03-05,1,08:00,36
2026-03-05,1,09:00,22
2026-03-05,1,10:00,15
2026-03-05,1,11:00,19
2026-03-05,1,12:00,13
2026-03-05,1,13:00,21
2026-03-05,1,14:00,14
2026-03-05,1,15:00,10
2026-03-05,1,16:00,34
2026-03-05,1,17:00,11
2026-03-05,1,18:00,11
2026-03-05,1,19:00,3
2026-03-05,2,08:30,13
2026-03-05,2,09:30,11
2026-03-05,2,10:30,12
2026-03-05,2,11:30,3
2026-03-05,2,12:30,26
2026-03-05,2,13:30,18
2026-03-05,2,14:30,17
2026-03-05,2,15:30,34
2026-03-05,2,16:30,27
2026-03-05,2,17:30,10
2026-03-05,2,18:30,24
2026-03-05,2,19:30,26
2026-03-05,3,08:00,23
2026-03-05,3,09:00,36
2026-03-05,3,10:00,1
2026-03-05,3,11:00,23
2026-03-05,3,12:00,27
2026-03-05,3,13:00,20
2026-03-05,3,14:00,27
2026-03-05,3,15:00,24
2026-03-05,3,16:00,29
2026-03-05,3,17:00,1
2026-03-05,3,18:00,36
2026-03-05,3,19:00,13
2026-03-05,3,20:00,15
2026-03-05,3,21:00,34
2026-03-06,1,08:00,1
2026-03-06,1,09:00,31
2026-03-06,1,10:00,21
2026-03-06,1,11:00,9
2026-03-06,1,12:00,30
2026-03-06,1,13:00,27
2026-03-06,1,14:00,24
2026-03-06,1,15:00,11
2026-03-06,1,16:00,16
2026-03-06,1,17:00,22
2026-03-06,1,18:00,0
2026-03-06,1,19:00,22
2026-03-06,2,08:30,36
2026-03-06,2,09:30,35
2026-03-06,2,10:30,13
2026-03-06,2,11:30,18
2026-03-06,2,12:30,0
2026-03-06,2,13:30,27
2026-03-06,2,14:30,7
2026-03-06,2,15:30,00
2026-03-06,2,16:30,29
2026-03-06,2,17:30,4
2026-03-06,2,18:30,28
2026-03-06,2,19:30,7
2026-03-06,3,08:00,2
2026-03-06,3,09:00,7
2026-03-06,3,10:00,26
2026-03-06,3,11:00,31
2026-03-06,3,12:00,11
2026-03-06,3,13:00,4
2026-03-06,3,14:00,24
2026-03-06,3,15:00,19
2026-03-06,3,16:00,11
2026-03-06,3,17:00,00
2026-03-06,3,18:00,18
2026-03-06,3,19:00,1
2026-03-06,3,20:00,36
2026-03-06,3,21:00,33
2026-03-07,1,08:00,32
2026-03-07,1,09:00,22
2026-03-07,1,10:00,31
2026-03-07,1,11:00,36
2026-03-07,1,12:00,29
2026-03-07,1,13:00,14
2026-03-07,1,14:00,3
2026-03-07,1,15:00,32
2026-03-07,1,16:00,34
2026-03-07,1,17:00,25
2026-03-07,1,18:00,0
2026-03-07,1,19:00,26
2026-03-07,2,08:30,34
2026-03-07,2,09:30,14
2026-03-07,2,10:30,20
2026-03-07,2,11:30,30
2026-03-07,2,12:30,17
2026-03-07,2,13:30,13
2026-03-07,2,14:30,6
2026-03-07,2,15:30,36
2026-03-07,2,16:30,15
2026-03-07,2,17:30,33
2026-03-07,2,18:30,28
2026-03-07,2,19:30,22
2026-03-07,3,08:00,7
2026-03-07,3,09:00,13
2026-03-07,3,10:00,26
2026-03-07,3,11:00,11
2026-03-07,3,12:00,12
2026-03-07,3,13:00,32
2026-03-07,3,14:00,13
2026-03-07,3,15:00,15
2026-03-07,3,16:00,25
2026-03-07,3,17:00,1
2026-03-07,3,18:00,35
2026-03-07,3,19:00,27
2026-03-07,3,20:00,28
2026-03-07,3,21:00,34
2026-03-08,1,08:00,31
2026-03-08,1,09:00,9
2026-03-08,1,10:00,23
2026-03-08,1,11:00,34
2026-03-08,1,12:00,13
2026-03-08,1,13:00,0
2026-03-08,1,14:00,5
2026-03-08,1,15:00,14
2026-03-08,1,16:00,30
2026-03-08,1,17:00,36
2026-03-08,1,18:00,20
2026-03-08,1,19:00,16
2026-03-08,2,08:30,16
2026-03-08,2,09:30,10
2026-03-08,2,10:30,9
2026-03-08,2,11:30,12
2026-03-08,2,12:30,3
2026-03-08,2,13:30,6
2026-03-08,2,14:30,29
2026-03-08,2,15:30,27
2026-03-08,2,16:30,2
2026-03-08,2,17:30,14
2026-03-08,2,18:30,31
2026-03-08,2,19:30,3
2026-03-08,3,08:00,10
2026-03-08,3,09:00,23
2026-03-08,3,10:00,23
2026-03-08,3,11:00,27
2026-03-08,3,12:00,35
2026-03-08,3,13:00,27
2026-03-08,3,14:00,3
2026-03-08,3,15:00,18
2026-03-08,3,16:00,29
2026-03-08,3,17:00,33
2026-03-08,3,18:00,0
2026-03-08,3,19:00,10
2026-03-08,3,20:00,6
2026-03-08,3,21:00,9
2026-03-09,1,08:00,3
2026-03-09,1,09:00,00
2026-03-09,1,10:00,34
2026-03-09,1,11:00,11
2026-03-09,1,12:00,19
2026-03-09,1,13:00,14
2026-03-09,1,14:00,22
2026-03-09,1,15:00,9
2026-03-09,1,16:00,25
2026-03-09,1,17:00,29
2026-03-09,1,18:00,22
2026-03-09,1,19:00,17
2026-03-09,2,08:30,32
2026-03-09,2,09:30,15
2026-03-09,2,10:30,19
2026-03-09,2,11:30,17
2026-03-09,2,12:30,33
2026-03-09,2,13:30,34
2026-03-09,2,14:30,5
2026-03-09,2,15:30,13
2026-03-09,2,16:30,7
2026-03-09,2,17:30,26
2026-03-09,2,18:30,36
2026-03-09,2,19:30,21
2026-03-09,3,08:00,25
2026-03-09,3,09:00,25
2026-03-09,3,10:00,2
2026-03-09,3,11:00,8
2026-03-09,3,12:00,24
2026-03-09,3,13:00,35
2026-03-09,3,14:00,11
2026-03-09,3,15:00,16
2026-03-09,3,16:00,6
2026-03-09,3,17:00,2
2026-03-09,3,18:00,22
2026-03-09,3,19:00,34
2026-03-09,3,20:00,25
2026-03-09,3,21:00,27
2026-03-10,1,08:00,22
2026-03-10,1,09:00,24
2026-03-10,1,10:00,2
2026-03-10,1,11:00,36
2026-03-10,1,12:00,16
2026-03-10,1,13:00,33
2026-03-10,1,14:00,15
2026-03-10,1,15:00,31
2026-03-10,1,16:00,5
2026-03-10,1,17:00,16
2026-03-10,1,18:00,23
2026-03-10,1,19:00,0
2026-03-10,2,08:30,19
2026-03-10,2,09:30,31
2026-03-10,2,10:30,32
2026-03-10,2,11:30,29
2026-03-10,2,12:30,28
2026-03-10,2,13:30,4
2026-03-10,2,14:30,26
2026-03-10,2,15:30,22
2026-03-10,2,16:30,33
2026-03-10,2,17:30,20
2026-03-10,2,18:30,34
2026-03-10,2,19:30,22
2026-03-10,3,08:00,34
2026-03-10,3,09:00,0
2026-03-10,3,10:00,1
2026-03-10,3,11:00,30
2026-03-10,3,12:00,6
2026-03-10,3,13:00,0
2026-03-10,3,14:00,27
2026-03-10,3,15:00,2
2026-03-10,3,16:00,8
2026-03-10,3,17:00,17
2026-03-10,3,18:00,30
2026-03-10,3,19:00,26
2026-03-10,3,20:00,14
2026-03-10,3,21:00,16
2026-03-11,1,08:00,10
2026-03-11,1,09:00,35
2026-03-11,1,10:00,4
2026-03-11,1,11:00,24
2026-03-11,1,12:00,26
2026-03-11,1,13:00,36
2026-03-11,1,14:00,15
2026-03-11,1,15:00,1
2026-03-11,1,16:00,22
2026-03-11,1,17:00,8
2026-03-11,1,18:00,15
2026-03-11,1,19:00,16
2026-03-11,2,08:30,21
2026-03-11,2,09:30,28
2026-03-11,2,10:30,6
2026-03-11,2,11:30,17
2026-03-11,2,12:30,12
2026-03-11,2,13:30,7
2026-03-11,2,14:30,32
2026-03-11,2,15:30,12
2026-03-11,2,16:30,34
2026-03-11,2,17:30,11
2026-03-11,2,18:30,1
2026-03-11,2,19:30,33
2026-03-11,3,08:00,35
2026-03-11,3,09:00,8
2026-03-11,3,10:00,0
2026-03-11,3,11:00,23
2026-03-11,3,12:00,12
2026-03-11,3,13:00,1
2026-03-11,3,14:00,26
2026-03-11,3,15:00,13
2026-03-11,3,16:00,6
2026-03-11,3,17:00,6
2026-03-11,3,18:00,13
2026-03-11,3,19:00,35
2026-03-11,3,20:00,7
2026-03-11,3,21:00,14
2026-03-12,1,08:00,1
2026-03-12,1,09:00,24
2026-03-12,1,10:00,18
2026-03-12,1,11:00,20
2026-03-12,1,12:00,26
2026-03-12,1,13:00,18
2026-03-12,1,14:00,19
2026-03-12,1,15:00,35
2026-03-12,1,16:00,13
2026-03-12,1,17:00,7
2026-03-12,1,18:00,0
2026-03-12,1,19:00,1
2026-03-12,2,08:30,6
2026-03-12,2,09:30,25
2026-03-12,2,10:30,28
2026-03-12,2,11:30,15
2026-03-12,2,12:30,29
2026-03-12,2,13:30,35
2026-03-12,2,14:30,0
2026-03-12,2,15:30,34
2026-03-12,2,16:30,26
2026-03-12,2,17:30,19
2026-03-12,2,18:30,11
2026-03-12,2,19:30,32
2026-03-12,3,08:00,20
2026-03-12,3,09:00,23
2026-03-12,3,10:00,29
2026-03-12,3,11:00,18
2026-03-12,3,12:00,32
2026-03-12,3,13:00,35
2026-03-12,3,14:00,00
2026-03-12,3,15:00,10
2026-03-12,3,16:00,32
2026-03-12,3,17:00,35
2026-03-12,3,18:00,8
2026-03-12,3,19:00,5
2026-03-12,3,20:00,20
2026-03-12,3,21:00,2
2026-03-13,1,08:00,18
2026-03-13,1,09:00,22
2026-03-13,1,10:00,25
2026-03-13,1,11:00,0
2026-03-13,1,12:00,9
2026-03-13,1,13:00,31
2026-03-13,1,14:00,8
2026-03-13,1,15:00,33
2026-03-13,1,16:00,4
2026-03-13,1,17:00,33
2026-03-13,1,18:00,00
2026-03-13,1,19:00,26
2026-03-13,2,08:30,24
2026-03-13,2,09:30,29
2026-03-13,2,10:30,26
2026-03-13,2,11:30,12
2026-03-13,2,12:30,36
2026-03-13,2,13:30,3
2026-03-13,2,14:30,22
2026-03-13,2,15:30,18
2026-03-13,2,16:30,18
2026-03-13,2,17:30,21
2026-03-13,2,18:30,1
2026-03-13,2,19:30,32
2026-03-13,3,08:00,28
2026-03-13,3,09:00,18
2026-03-13,3,10:00,27
2026-03-13,3,11:00,24
2026-03-13,3,12:00,26
2026-03-13,3,13:00,24
2026-03-13,3,14:00,24
2026-03-13,3,15:00,9
2026-03-13,3,16:00,26
2026-03-13,3,17:00,18
2026-03-13,3,18:00,22
2026-03-13,3,19:00,35
2026-03-13,3,20:00,6
2026-03-13,3,21:00,31
2026-03-14,1,08:00,19
2026-03-14,1,09:00,13
2026-03-14,1,10:00,00
2026-03-14,1,11:00,9
2026-03-14,1,12:00,11
2026-03-14,1,13:00,32
2026-03-14,1,14:00,20
2026-03-14,1,15:00,34
2026-03-14,1,16:00,8
2026-03-14,1,17:00,1
2026-03-14,1,18:00,11
2026-03-14,1,19:00,33
2026-03-14,2,08:30,21
2026-03-14,2,09:30,12
2026-03-14,2,10:30,29
2026-03-14,2,11:30,25
2026-03-14,2,12:30,35
2026-03-14,2,13:30,13
2026-03-14,2,14:30,4
2026-03-14,2,15:30,10
2026-03-14,2,16:30,30
2026-03-14,2,17:30,9
2026-03-14,2,18:30,18
2026-03-14,2,19:30,11
2026-03-14,3,08:00,0
2026-03-14,3,09:00,19
2026-03-14,3,10:00,35
2026-03-14,3,11:00,18
2026-03-14,3,12:00,6
2026-03-14,3,13:00,26
2026-03-14,3,14:00,23
2026-03-14,3,15:00,17
2026-03-14,3,16:00,36
2026-03-14,3,17:00,34
2026-03-14,3,18:00,19
2026-03-14,3,19:00,18
2026-03-14,3,20:00,00
2026-03-14,3,21:00,2
2026-03-15,1,08:00,1
2026-03-15,1,09:00,30
2026-03-15,1,10:00,9
2026-03-15,1,11:00,5
2026-03-15,1,12:00,24
2026-03-15,1,13:00,7
2026-03-15,1,14:00,33
2026-03-15,1,15:00,13
2026-03-15,1,16:00,25
2026-03-15,1,17:00,9
2026-03-15,1,18:00,4
2026-03-15,1,19:00,34
2026-03-15,2,08:30,0
2026-03-15,2,09:30,31
2026-03-15,2,10:30,34
2026-03-15,2,11:30,22
2026-03-15,2,12:30,6
2026-03-15,2,13:30,23
2026-03-15,2,14:30,24
2026-03-15,2,15:30,10
2026-03-15,2,16:30,00
2026-03-15,2,17:30,33
2026-03-15,2,18:30,32
2026-03-15,2,19:30,24
2026-03-15,3,08:00,12
2026-03-15,3,09:00,10
2026-03-15,3,10:00,22
2026-03-15,3,11:00,5
2026-03-15,3,12:00,8
2026-03-15,3,13:00,9
2026-03-15,3,14:00,9
2026-03-15,3,15:00,19
2026-03-15,3,16:00,14
2026-03-15,3,17:00,20
2026-03-15,3,18:00,22
2026-03-15,3,19:00,14
2026-03-15,3,20:00,3
2026-03-15,3,21:00,0
2026-03-16,1,08:00,29
2026-03-16,1,09:00,31
2026-03-16,1,10:00,20
2026-03-16,1,11:00,3
2026-03-16,1,12:00,18
2026-03-16,1,13:00,35
2026-03-16,1,14:00,36
2026-03-16,1,15:00,25
2026-03-16,1,16:00,31
2026-03-16,1,17:00,23
2026-03-16,1,18:00,4
2026-03-16,1,19:00,5
2026-03-16,2,08:30,4
2026-03-16,2,09:30,15
2026-03-16,2,10:30,35
2026-03-16,2,11:30,20
2026-03-16,2,12:30,00
2026-03-16,2,13:30,1
2026-03-16,2,14:30,24
2026-03-16,2,15:30,12
2026-03-16,2,16:30,16
2026-03-16,2,17:30,11
2026-03-16,2,18:30,18
2026-03-16,2,19:30,0
2026-03-16,3,08:00,30
2026-03-16,3,09:00,22
2026-03-16,3,10:00,7
2026-03-16,3,11:00,25
2026-03-16,3,12:00,5
2026-03-16,3,13:00,15
2026-03-16,3,14:00,27
2026-03-16,3,15:00,35
2026-03-16,3,16:00,12
2026-03-16,3,17:00,0
2026-03-16,3,18:00,3
2026-03-16,3,19:00,2
2026-03-16,3,20:00,0
2026-03-16,3,21:00,18
2026-03-17,1,08:00,33
2026-03-17,1,09:00,25
2026-03-17,1,10:00,1
2026-03-17,1,11:00,29
2026-03-17,1,12:00,9
2026-03-17,1,13:00,16
2026-03-17,1,14:00,2
2026-03-17,1,15:00,23
2026-03-17,1,16:00,26
2026-03-17,1,17:00,11
2026-03-17,1,18:00,6
2026-03-17,1,19:00,20
2026-03-17,2,08:30,31
2026-03-17,2,09:30,16
2026-03-17,2,10:30,8
2026-03-17,2,11:30,20
2026-03-17,2,12:30,23
2026-03-17,2,13:30,35
2026-03-17,2,14:30,6
2026-03-17,2,15:30,4
2026-03-17,2,16:30,3
2026-03-17,2,17:30,1
2026-03-17,2,18:30,22
2026-03-17,2,19:30,23
2026-03-17,3,08:00,7
2026-03-17,3,09:00,34
2026-03-17,3,10:00,30
2026-03-17,3,11:00,19
2026-03-17,3,12:00,0
2026-03-17,3,13:00,1
2026-03-17,3,14:00,22
2026-03-17,3,15:00,33
2026-03-17,3,16:00,17
2026-03-17,3,17:00,3
2026-03-17,3,18:00,36
2026-03-17,3,19:00,32
2026-03-17,3,20:00,0
2026-03-17,3,21:00,10
2026-03-18,1,08:00,8
2026-03-18,1,09:00,26
2026-03-18,1,10:00,23
2026-03-18,1,11:00,7
2026-03-18,1,12:00,5
2026-03-18,1,13:00,10
2026-03-18,1,14:00,28
2026-03-18,1,15:00,3
2026-03-18,1,16:00,16
2026-03-18,1,17:00,18
2026-03-18,1,18:00,16
2026-03-18,1,19:00,28
2026-03-18,2,08:30,4
2026-03-18,2,09:30,30
2026-03-18,2,10:30,20
2026-03-18,2,11:30,12
2026-03-18,2,12:30,31
2026-03-18,2,13:30,3
2026-03-18,2,14:30,14
2026-03-18,2,15:30,36
2026-03-18,2,16:30,6
2026-03-18,2,17:30,22
2026-03-18,2,18:30,17
2026-03-18,2,19:30,25
2026-03-18,3,08:00,22
2026-03-18,3,09:00,33
2026-03-18,3,10:00,24
2026-03-18,3,11:00,36
2026-03-18,3,12:00,23
2026-03-18,3,13:00,30
2026-03-18,3,14:00,3
2026-03-18,3,15:00,29
2026-03-18,3,16:00,28
2026-03-18,3,17:00,11
2026-03-18,3,18:00,27
2026-03-18,3,19:00,24
2026-03-18,3,20:00,0
2026-03-18,3,21:00,25
2026-03-19,1,08:00,24
2026-03-19,1,09:00,3
2026-03-19,1,10:00,5
2026-03-19,1,11:00,21
2026-03-19,1,12:00,34
2026-03-19,1,13:00,23
2026-03-19,1,14:00,2
2026-03-19,1,15:00,8
2026-03-19,1,16:00,14
2026-03-19,1,17:00,34
2026-03-19,1,18:00,26
2026-03-19,1,19:00,9
2026-03-19,2,08:30,6
2026-03-19,2,09:30,00
2026-03-19,2,10:30,10
2026-03-19,2,11:30,4
2026-03-19,2,12:30,11
2026-03-19,2,13:30,25
2026-03-19,2,14:30,18
2026-03-19,2,15:30,15
2026-03-19,2,16:30,26
2026-03-19,2,17:30,23
2026-03-19,2,18:30,31
2026-03-19,2,19:30,5
2026-03-19,3,08:00,1
2026-03-19,3,09:00,8
2026-03-19,3,10:00,10
2026-03-19,3,11:00,35
2026-03-19,3,12:00,9
2026-03-19,3,13:00,7
2026-03-19,3,14:00,33
2026-03-19,3,15:00,00
2026-03-19,3,16:00,4
2026-03-19,3,17:00,21
2026-03-19,3,18:00,7
2026-03-19,3,19:00,15
2026-03-19,3,20:00,2
2026-03-19,3,21:00,25
2026-03-20,1,08:00,23
2026-03-20,1,09:00,13
2026-03-20,1,10:00,14
2026-03-20,1,11:00,5
2026-03-20,1,12:00,27
2026-03-20,1,13:00,27
2026-03-20,1,14:00,12
2026-03-20,1,15:00,25
2026-03-20,1,16:00,33
2026-03-20,1,17:00,24
2026-03-20,1,18:00,20
2026-03-20,1,19:00,25
2026-03-20,2,08:30,17
2026-03-20,2,09:30,15
2026-03-20,2,10:30,21
2026-03-20,2,11:30,23
2026-03-20,2,12:30,35
2026-03-20,2,13:30,26
2026-03-20,2,14:30,28
2026-03-20,2,15:30,00
2026-03-20,2,16:30,4
2026-03-20,2,17:30,9
2026-03-20,2,18:30,8
2026-03-20,2,19:30,1
2026-03-20,3,08:00,16
2026-03-20,3,09:00,24
2026-03-20,3,10:00,5
2026-03-20,3,11:00,0
2026-03-20,3,12:00,9
2026-03-20,3,13:00,30
2026-03-20,3,14:00,27
2026-03-20,3,15:00,6
2026-03-20,3,16:00,6
2026-03-20,3,17:00,11
2026-03-20,3,18:00,10
2026-03-20,3,19:00,23
2026-03-20,3,20:00,35
2026-03-20,3,21:00,7
2026-03-21,1,08:00,2
2026-03-21,1,09:00,18
2026-03-21,1,10:00,24
2026-03-21,1,11:00,1
2026-03-21,1,12:00,8
2026-03-21,1,13:00,0
2026-03-21,1,14:00,3
2026-03-21,1,15:00,9
2026-03-21,1,16:00,10
2026-03-21,1,17:00,7
2026-03-21,1,18:00,29
2026-03-21,1,19:00,32
2026-03-21,2,08:30,21
2026-03-21,2,09:30,13
2026-03-21,2,10:30,29
2026-03-21,2,11:30,23
2026-03-21,2,12:30,34
2026-03-21,2,13:30,33
2026-03-21,2,14:30,10
2026-03-21,2,15:30,1
2026-03-21,2,16:30,24
2026-03-21,2,17:30,26
2026-03-21,2,18:30,31
2026-03-21,2,19:30,6
2026-03-21,3,08:00,20
2026-03-21,3,09:00,21
2026-03-21,3,10:00,9
2026-03-21,3,11:00,19
2026-03-21,3,12:00,4
2026-03-21,3,13:00,5
2026-03-21,3,14:00,34
2026-03-21,3,15:00,33
2026-03-21,3,16:00,3
2026-03-21,3,17:00,33
2026-03-21,3,18:00,0
2026-03-21,3,19:00,22
2026-03-21,3,20:00,16
2026-03-21,3,21:00,12
2026-03-22,1,08:00,24
2026-03-22,1,09:00,20
2026-03-22,1,10:00,35
2026-03-22,1,11:00,27
2026-03-22,1,12:00,14
2026-03-22,1,13:00,35
2026-03-22,1,14:00,11
2026-03-22,1,15:00,30
2026-03-22,1,16:00,10
2026-03-22,1,17:00,3
2026-03-22,1,18:00,7
2026-03-22,1,19:00,28
2026-03-22,2,08:30,14
2026-03-22,2,09:30,26
2026-03-22,2,10:30,31
2026-03-22,2,11:30,9
2026-03-22,2,12:30,18
2026-03-22,2,13:30,21
2026-03-22,2,14:30,1
2026-03-22,2,15:30,29
2026-03-22,2,16:30,32
2026-03-22,2,17:30,17
2026-03-22,2,18:30,00
2026-03-22,2,19:30,17
2026-03-22,3,08:00,2
2026-03-22,3,09:00,5
2026-03-22,3,10:00,24
2026-03-22,3,11:00,35
2026-03-22,3,12:00,36
2026-03-22,3,13:00,5
2026-03-22,3,14:00,3
2026-03-22,3,15:00,5
2026-03-22,3,16:00,00
2026-03-22,3,17:00,23
2026-03-22,3,18:00,15
2026-03-22,3,19:00,5
2026-03-22,3,20:00,33
2026-03-22,3,21:00,9
2026-03-23,1,08:00,1
2026-03-23,1,09:00,17
2026-03-23,1,10:00,30
2026-03-23,1,11:00,0
2026-03-23,1,12:00,7
2026-03-23,1,13:00,2
2026-03-23,1,14:00,13
2026-03-23,1,15:00,1
2026-03-23,1,16:00,9
2026-03-23,1,17:00,27
2026-03-23,1,18:00,25
2026-03-23,1,19:00,12
2026-03-23,2,08:30,30
2026-03-23,2,09:30,12
2026-03-23,2,10:30,4
2026-03-23,2,11:30,9
2026-03-23,2,12:30,24
2026-03-23,2,13:30,21
2026-03-23,2,14:30,20
2026-03-23,2,15:30,0
2026-03-23,2,16:30,5
2026-03-23,2,17:30,13
2026-03-23,2,18:30,00
2026-03-23,2,19:30,15
2026-03-23,3,08:00,29
2026-03-23,3,09:00,17
2026-03-23,3,10:00,8
2026-03-23,3,11:00,34
2026-03-23,3,12:00,7
2026-03-23,3,13:00,13
2026-03-23,3,14:00,28
2026-03-23,3,15:00,29
2026-03-23,3,16:00,7
2026-03-23,3,17:00,18
2026-03-23,3,18:00,34
2026-03-23,3,19:00,35
2026-03-23,3,20:00,8
2026-03-23,3,21:00,28
2026-03-24,1,08:00,16
2026-03-24,1,09:00,12
2026-03-24,1,10:00,0
2026-03-24,1,11:00,35
2026-03-24,1,12:00,1
2026-03-24,1,13:00,4
2026-03-24,1,14:00,34
2026-03-24,1,15:00,18
2026-03-24,1,16:00,11
2026-03-24,1,17:00,9
2026-03-24,1,18:00,14
2026-03-24,1,19:00,11
2026-03-24,2,08:30,4
2026-03-24,2,09:30,5
2026-03-24,2,10:30,31
2026-03-24,2,11:30,21
2026-03-24,2,12:30,32
2026-03-24,2,13:30,28
2026-03-24,2,14:30,9
2026-03-24,2,15:30,35
2026-03-24,2,16:30,29
2026-03-24,2,17:30,1
2026-03-24,2,18:30,20
2026-03-24,2,19:30,36
2026-03-24,3,08:00,25
2026-03-24,3,09:00,24
2026-03-24,3,10:00,5
2026-03-24,3,11:00,29
2026-03-24,3,12:00,14
2026-03-24,3,13:00,34
2026-03-24,3,14:00,6
2026-03-24,3,15:00,18
2026-03-24,3,16:00,23
2026-03-24,3,17:00,33
2026-03-24,3,18:00,8
2026-03-24,3,19:00,25
2026-03-24,3,20:00,28
2026-03-24,3,21:00,1
2026-03-25,1,08:00,30
2026-03-25,1,09:00,9
2026-03-25,1,10:00,15
2026-03-25,1,11:00,23
2026-03-25,1,12:00,22
2026-03-25,1,13:00,21
2026-03-25,1,14:00,14
2026-03-25,1,15:00,25
2026-03-25,1,16:00,6
2026-03-25,1,17:00,32
2026-03-25,1,18:00,30
2026-03-25,1,19:00,26
2026-03-25,2,08:30,0
2026-03-25,2,09:30,11
2026-03-25,2,10:30,21
2026-03-25,2,11:30,16
2026-03-25,2,12:30,14
2026-03-25,2,13:30,13
2026-03-25,2,14:30,24
2026-03-25,2,15:30,27
2026-03-25,2,16:30,14
2026-03-25,2,17:30,23
2026-03-25,2,18:30,10
2026-03-25,2,19:30,6
2026-03-25,3,08:00,26
2026-03-25,3,09:00,20
2026-03-25,3,10:00,23
2026-03-25,3,11:00,5
2026-03-25,3,12:00,13
2026-03-25,3,13:00,17
2026-03-25,3,14:00,20
2026-03-25,3,15:00,20
2026-03-25,3,16:00,26
2026-03-25,3,17:00,34
2026-03-25,3,18:00,20
2026-03-25,3,19:00,34
2026-03-25,3,20:00,24
2026-03-25,3,21:00,25
2026-03-26,1,08:00,26
2026-03-26,1,09:00,14
2026-03-26,1,10:00,28
2026-03-26,1,11:00,16
2026-03-26,1,12:00,7
2026-03-26,1,13:00,25
2026-03-26,1,14:00,17
2026-03-26,1,15:00,24
2026-03-26,1,16:00,10
2026-03-26,1,17:00,8
2026-03-26,1,18:00,31
2026-03-26,1,19:00,14
2026-03-26,2,08:30,32
2026-03-26,2,09:30,5
2026-03-26,2,10:30,15
2026-03-26,2,11:30,3
2026-03-26,2,12:30,36
2026-03-26,2,13:30,11
2026-03-26,2,14:30,22
2026-03-26,2,15:30,2
2026-03-26,2,16:30,14
2026-03-26,2,17:30,30
2026-03-26,2,18:30,6
2026-03-26,2,19:30,17
2026-03-26,3,08:00,26
2026-03-26,3,09:00,16
2026-03-26,3,10:00,4
2026-03-26,3,11:00,14
2026-03-26,3,12:00,0
2026-03-26,3,13:00,3
2026-03-26,3,14:00,34
2026-03-26,3,15:00,22
2026-03-26,3,16:00,00
2026-03-26,3,17:00,2
2026-03-26,3,18:00,1
2026-03-26,3,19:00,25
2026-03-26,3,20:00,6
2026-03-26,3,21:00,2
2026-03-27,1,08:00,34
2026-03-27,1,09:00,16
2026-03-27,1,10:00,30
2026-03-27,1,11:00,00
2026-03-27,1,12:00,34
2026-03-27,1,13:00,1
2026-03-27,1,14:00,5
2026-03-27,1,15:00,20
2026-03-27,1,16:00,6
2026-03-27,1,17:00,35
2026-03-27,1,18:00,35
2026-03-27,1,19:00,21
2026-03-27,2,08:30,00
2026-03-27,2,09:30,12
2026-03-27,2,10:30,17
2026-03-27,2,11:30,18
2026-03-27,2,12:30,29
2026-03-27,2,13:30,0
2026-03-27,2,14:30,25
2026-03-27,2,15:30,30
2026-03-27,2,16:30,15
2026-03-27,2,17:30,11
2026-03-27,2,18:30,4
2026-03-27,2,19:30,24
2026-03-27,3,08:00,3
2026-03-27,3,09:00,11
2026-03-27,3,10:00,14
2026-03-27,3,11:00,31
2026-03-27,3,12:00,1
2026-03-27,3,13:00,27
2026-03-27,3,14:00,0
2026-03-27,3,15:00,11
2026-03-27,3,16:00,32
2026-03-27,3,17:00,19
2026-03-27,3,18:00,29
2026-03-27,3,19:00,00
2026-03-27,3,20:00,27
2026-03-27,3,21:00,16
2026-03-28,1,08:00,30
2026-03-28,1,09:00,5
2026-03-28,1,10:00,27
2026-03-28,1,11:00,19
2026-03-28,1,12:00,28
2026-03-28,1,13:00,12
2026-03-28,1,14:00,1
2026-03-28,1,15:00,32
2026-03-28,1,16:00,34
2026-03-28,1,17:00,15
2026-03-28,1,18:00,33
2026-03-28,1,19:00,34
2026-03-28,2,08:30,5
2026-03-28,2,09:30,26
2026-03-28,2,10:30,32
2026-03-28,2,11:30,9
2026-03-28,2,12:30,2
2026-03-28,2,13:30,20
2026-03-28,2,14:30,27
2026-03-28,2,15:30,25
2026-03-28,2,16:30,19
2026-03-28,2,17:30,12
2026-03-28,2,18:30,6
2026-03-28,2,19:30,15
2026-03-28,3,08:00,27
2026-03-28,3,09:00,25
2026-03-28,3,10:00,1
2026-03-28,3,11:00,16
2026-03-28,3,12:00,34
2026-03-28,3,13:00,27
2026-03-28,3,14:00,1
2026-03-28,3,15:00,29
2026-03-28,3,16:00,23
2026-03-28,3,17:00,5
2026-03-28,3,18:00,23
2026-03-28,3,19:00,7
2026-03-28,3,20:00,7
2026-03-28,3,21:00,6
2026-03-29,1,08:00,25
2026-03-29,1,09:00,16
2026-03-29,1,10:00,00
2026-03-29,1,11:00,10
2026-03-29,1,12:00,1
2026-03-29,1,13:00,00
2026-03-29,1,14:00,13
2026-03-29,1,15:00,21
2026-03-29,1,16:00,27
2026-03-29,1,17:00,12
2026-03-29,1,18:00,18
2026-03-29,1,19:00,5
2026-03-29,2,08:30,8
2026-03-29,2,09:30,27
2026-03-29,2,10:30,13
2026-03-29,2,11:30,15
2026-03-29,2,12:30,18
2026-03-29,2,13:30,4
2026-03-29,2,14:30,6
2026-03-29,2,15:30,31
2026-03-29,2,16:30,19
2026-03-29,2,17:30,14
2026-03-29,2,18:30,25
2026-03-29,2,19:30,18
2026-03-29,3,08:00,1
2026-03-29,3,09:00,23
2026-03-29,3,10:00,6
2026-03-29,3,11:00,19
2026-03-29,3,12:00,26
2026-03-29,3,13:00,3
2026-03-29,3,14:00,18
2026-03-29,3,15:00,1
2026-03-29,3,16:00,0
2026-03-29,3,17:00,10
2026-03-29,3,18:00,23
2026-03-29,3,19:00,32
2026-03-29,3,20:00,8
2026-03-29,3,21:00,36
2026-03-30,1,08:00,28
2026-03-30,1,09:00,00
2026-03-30,1,10:00,34
2026-03-30,1,11:00,24
2026-03-30,1,12:00,21
2026-03-30,1,13:00,23
2026-03-30,1,14:00,16
2026-03-30,1,15:00,15
2026-03-30,1,16:00,19
2026-03-30,1,17:00,20
2026-03-30,1,18:00,18
2026-03-30,1,19:00,13
2026-03-30,2,08:30,5
2026-03-30,2,09:30,12
2026-03-30,2,10:30,2
2026-03-30,2,11:30,34
2026-03-30,2,12:30,00
2026-03-30,2,13:30,3
2026-03-30,2,14:30,32
2026-03-30,2,15:30,14
2026-03-30,2,16:30,9
2026-03-30,2,17:30,35
2026-03-30,2,18:30,16
2026-03-30,2,19:30,10
2026-03-30,3,08:00,13
2026-03-30,3,09:00,12
2026-03-30,3,10:00,9
2026-03-30,3,11:00,5
2026-03-30,3,12:00,34
2026-03-30,3,13:00,14
2026-03-30,3,14:00,24
2026-03-30,3,15:00,28
2026-03-30,3,16:00,36
2026-03-30,3,17:00,31
2026-03-30,3,18:00,4
2026-03-30,3,19:00,6
2026-03-30,3,20:00,23
2026-03-30,3,21:00,14
2026-03-31,1,08:00,24
2026-03-31,1,09:00,15
2026-03-31,1,10:00,36
2026-03-31,1,11:00,35
2026-03-31,1,12:00,34
2026-03-31,1,13:00,31
2026-03-31,1,14:00,18
2026-03-31,1,15:00,29
2026-03-31,1,16:00,10
2026-03-31,1,17:00,16
2026-03-31,1,18:00,12
2026-03-31,1,19:00,00
2026-03-31,2,08:30,23
2026-03-31,2,09:30,17
2026-03-31,2,10:30,30
2026-03-31,2,11:30,34
2026-03-31,2,12:30,7
2026-03-31,2,13:30,12
2026-03-31,2,14:30,27
2026-03-31,2,15:30,24
2026-03-31,2,16:30,2
2026-03-31,2,17:30,29
2026-03-31,2,18:30,15
2026-03-31,2,19:30,27
2026-03-31,3,08:00,22
2026-03-31,3,09:00,27
2026-03-31,3,10:00,6
2026-03-31,3,11:00,26
2026-03-31,3,12:00,32
2026-03-31,3,13:00,24
2026-03-31,3,14:00,25
2026-03-31,3,15:00,7
2026-03-31,3,16:00,21
2026-03-31,3,17:00,34
2026-03-31,3,18:00,26
2026-03-31,3,19:00,11
2026-03-31,3,20:00,4
2026-03-31,3,21:00,12
2026-04-01,1,08:00,11
2026-04-01,1,09:00,28
2026-04-01,1,10:00,29
2026-04-01,1,11:00,9
2026-04-01,1,12:00,6
2026-04-01,1,13:00,19
2026-04-01,1,14:00,21
2026-04-01,1,15:00,17
2026-04-01,1,16:00,25
2026-04-01,1,17:00,9
2026-04-01,1,18:00,35
2026-04-01,1,19:00,33
2026-04-01,2,08:30,19
2026-04-01,2,09:30,36
2026-04-01,2,10:30,27
2026-04-01,2,11:30,1
2026-04-01,2,12:30,29
2026-04-01,2,13:30,2
2026-04-01,2,14:30,30
2026-04-01,2,15:30,12
2026-04-01,2,16:30,7
2026-04-01,2,17:30,21
2026-04-01,2,18:30,11
2026-04-01,2,19:30,00
2026-04-01,3,08:00,35
2026-04-01,3,09:00,13
2026-04-01,3,10:00,19
2026-04-01,3,11:00,33
2026-04-01,3,12:00,26
2026-04-01,3,13:00,3
2026-04-01,3,14:00,28
2026-04-01,3,15:00,5
2026-04-01,3,16:00,19
2026-04-01,3,17:00,0
2026-04-01,3,18:00,16
2026-04-01,3,19:00,30
2026-04-01,3,20:00,14
2026-04-01,3,21:00,36
2026-04-02,3,08:00,31
2026-04-02,3,09:00,27
2026-04-02,3,10:00,20
2026-04-02,3,11:00,27
2026-04-02,3,12:00,21
2026-04-02,3,13:00,26
2026-04-02,3,14:00,33
2026-04-02,3,15:00,1
2026-04-02,3,16:00,14
2026-04-02,3,17:00,17
2026-04-02,3,18:00,19
2026-04-02,3,19:00,29
2026-04-02,3,20:00,2
2026-04-02,3,21:00,29
2026-04-03,3,08:00,7
2026-04-03,3,09:00,8
2026-04-03,3,10:00,29
2026-04-03,3,11:00,26
2026-04-03,3,12:00,25
2026-04-03,3,13:00,30
2026-04-03,3,14:00,24
2026-04-03,3,15:00,34
2026-04-03,3,16:00,19
2026-04-03,3,17:00,24
2026-04-03,3,18:00,11
2026-04-03,3,19:00,20
2026-04-03,3,20:00,00
2026-04-03,3,21:00,18
2026-04-04,1,08:00,21
2026-04-04,1,09:00,17
2026-04-04,1,10:00,17
2026-04-04,1,11:00,14
2026-04-04,1,12:00,2
2026-04-04,1,13:00,9
2026-04-04,1,14:00,13
2026-04-04,1,15:00,11
2026-04-04,1,16:00,10
2026-04-04,1,17:00,32
2026-04-04,1,18:00,1
2026-04-04,1,19:00,26
2026-04-04,2,08:30,36
2026-04-04,2,09:30,24
2026-04-04,2,10:30,31
2026-04-04,2,11:30,25
2026-04-04,2,12:30,15
2026-04-04,2,13:30,1
2026-04-04,2,14:30,4
2026-04-04,2,15:30,33
2026-04-04,2,16:30,0
2026-04-04,2,17:30,9
2026-04-04,2,18:30,22
2026-04-04,2,19:30,31
2026-04-04,3,08:00,25
2026-04-04,3,09:00,17
2026-04-04,3,10:00,35
2026-04-04,3,11:00,1
2026-04-04,3,12:00,11
2026-04-04,3,13:00,0
2026-04-04,3,14:00,35
2026-04-04,3,15:00,0
2026-04-04,3,16:00,32
2026-04-04,3,17:00,16
2026-04-04,3,18:00,6
2026-04-04,3,19:00,25
2026-04-04,3,20:00,12
2026-04-04,3,21:00,18
2026-04-05,1,08:00,17
2026-04-05,1,09:00,36
2026-04-05,1,10:00,11
2026-04-05,1,11:00,10
2026-04-05,1,12:00,29
2026-04-05,1,13:00,13
2026-04-05,1,14:00,27
2026-04-05,1,15:00,22
2026-04-05,1,16:00,16
2026-04-05,1,17:00,28
2026-04-05,1,18:00,7
2026-04-05,1,19:00,3
2026-04-05,2,08:30,2
2026-04-05,2,09:30,33
2026-04-05,2,10:30,9
2026-04-05,2,11:30,27
2026-04-05,2,12:30,12
2026-04-05,2,13:30,28
2026-04-05,2,14:30,17
2026-04-05,2,15:30,8
2026-04-05,2,16:30,13
2026-04-05,2,17:30,32
2026-04-05,2,18:30,18
2026-04-05,2,19:30,23
2026-04-05,3,08:00,12
2026-04-05,3,09:00,32
2026-04-05,3,10:00,1
2026-04-05,3,11:00,26
2026-04-05,3,12:00,20
2026-04-05,3,13:00,2
2026-04-05,3,14:00,5
2026-04-05,3,15:00,5
2026-04-05,3,16:00,32
2026-04-05,3,17:00,29
2026-04-05,3,18:00,24
2026-04-05,3,19:00,26
2026-04-05,3,20:00,13
2026-04-05,3,21:00,28
2026-04-06,1,08:00,2
2026-04-06,1,09:00,14
2026-04-06,1,10:00,23
2026-04-06,1,11:00,29
2026-04-06,1,12:00,1
2026-04-06,1,13:00,15
2026-04-06,1,14:00,5
2026-04-06,1,15:00,21
2026-04-06,1,16:00,13
2026-04-06,1,17:00,5
2026-04-06,1,18:00,19
2026-04-06,1,19:00,11
2026-04-06,2,08:30,31
2026-04-06,2,09:30,0
2026-04-06,2,10:30,3
2026-04-06,2,11:30,32
2026-04-06,2,12:30,36
2026-04-06,2,13:30,1
2026-04-06,2,14:30,33
2026-04-06,2,15:30,7
2026-04-06,2,16:30,17
2026-04-06,2,17:30,15
2026-04-06,2,18:30,8
2026-04-06,2,19:30,19
2026-04-06,3,08:00,29
2026-04-06,3,09:00,30
2026-04-06,3,10:00,6
2026-04-06,3,11:00,0
2026-04-06,3,12:00,28
2026-04-06,3,13:00,19
2026-04-06,3,14:00,13
2026-04-06,3,15:00,28
2026-04-06,3,16:00,16
2026-04-06,3,17:00,25
2026-04-06,3,18:00,20
2026-04-06,3,19:00,30
2026-04-06,3,20:00,16
2026-04-06,3,21:00,32
2026-04-07,1,08:00,34
2026-04-07,1,09:00,2
2026-04-07,1,10:00,26
2026-04-07,1,11:00,00
2026-04-07,1,12:00,18
2026-04-07,1,13:00,8
2026-04-07,1,14:00,13
2026-04-07,1,15:00,24
2026-04-07,1,16:00,17
2026-04-07,1,17:00,11
2026-04-07,1,18:00,15
2026-04-07,1,19:00,30
2026-04-07,2,08:30,7
2026-04-07,2,09:30,22
2026-04-07,2,10:30,21
2026-04-07,2,11:30,27
2026-04-07,2,12:30,11
2026-04-07,2,13:30,29
2026-04-07,2,14:30,32
2026-04-07,2,15:30,18
2026-04-07,2,16:30,13
2026-04-07,2,17:30,2
2026-04-07,2,18:30,0
2026-04-07,2,19:30,26
2026-04-07,3,08:00,6
2026-04-07,3,09:00,32
2026-04-07,3,10:00,20
2026-04-07,3,11:00,23
2026-04-07,3,12:00,1
2026-04-07,3,13:00,29
2026-04-07,3,14:00,36
2026-04-07,3,15:00,36
2026-04-07,3,16:00,33
2026-04-07,3,17:00,1
2026-04-07,3,18:00,21
2026-04-07,3,19:00,3
2026-04-07,3,20:00,29
2026-04-07,3,21:00,32
2026-04-08,1,08:00,17
2026-04-08,1,09:00,19
2026-04-08,1,10:00,15
2026-04-08,1,11:00,2
2026-04-08,1,12:00,14
2026-04-08,1,13:00,8
2026-04-08,1,14:00,9
2026-04-08,1,15:00,24
2026-04-08,1,16:00,0
2026-04-08,1,17:00,26
2026-04-08,1,18:00,13
2026-04-08,1,19:00,14
2026-04-08,2,08:30,1
2026-04-08,2,09:30,10
2026-04-08,2,10:30,25
2026-04-08,2,11:30,4
2026-04-08,2,12:30,18
2026-04-08,2,13:30,17
2026-04-08,2,14:30,36
2026-04-08,2,15:30,8
2026-04-08,2,16:30,00
2026-04-08,2,17:30,30
2026-04-08,2,18:30,6
2026-04-08,2,19:30,20
2026-04-08,3,08:00,5
2026-04-08,3,09:00,9
2026-04-08,3,10:00,26
2026-04-08,3,11:00,7
2026-04-08,3,12:00,11
2026-04-08,3,13:00,29
2026-04-08,3,14:00,9
2026-04-08,3,15:00,18
2026-04-08,3,16:00,35
2026-04-08,3,17:00,16
2026-04-08,3,18:00,14
2026-04-08,3,19:00,10
2026-04-08,3,20:00,20
2026-04-08,3,21:00,17
2026-04-09,1,08:00,30
2026-04-09,1,09:00,19
2026-04-09,1,10:00,12
2026-04-09,1,11:00,3
2026-04-09,1,12:00,25
2026-04-09,1,13:00,12
2026-04-09,1,14:00,23
2026-04-09,1,15:00,14
2026-04-09,1,16:00,24
2026-04-09,1,17:00,5
2026-04-09,1,18:00,10
2026-04-09,1,19:00,13
2026-04-09,2,08:30,9
2026-04-09,2,09:30,33
2026-04-09,2,10:30,16
2026-04-09,2,11:30,28
2026-04-09,2,12:30,3
2026-04-09,2,13:30,21
2026-04-09,2,14:30,12
2026-04-09,2,15:30,23
2026-04-09,2,16:30,0
2026-04-09,2,17:30,34
2026-04-09,2,18:30,30
2026-04-09,2,19:30,5
2026-04-09,3,08:00,9
2026-04-09,3,09:00,8
2026-04-09,3,10:00,36
2026-04-09,3,11:00,19
2026-04-09,3,12:00,19
2026-04-09,3,13:00,4
2026-04-09,3,14:00,12
2026-04-09,3,15:00,28
2026-04-09,3,16:00,6
2026-04-09,3,17:00,36
2026-04-09,3,18:00,10
2026-04-09,3,19:00,00
2026-04-09,3,20:00,11
2026-04-09,3,21:00,29
2026-04-10,1,08:00,12
2026-04-10,1,09:00,00
2026-04-10,1,10:00,35
2026-04-10,1,11:00,3
2026-04-10,1,12:00,28
2026-04-10,1,13:00,4
2026-04-10,1,14:00,10
2026-04-10,1,15:00,27
2026-04-10,1,16:00,8
2026-04-10,1,17:00,23
2026-04-10,1,18:00,32
2026-04-10,1,19:00,23
2026-04-10,2,08:30,10
2026-04-10,2,09:30,1
2026-04-10,2,10:30,19
2026-04-10,2,11:30,11
2026-04-10,2,12:30,2
2026-04-10,2,13:30,22
2026-04-10,2,14:30,29
2026-04-10,2,15:30,35
2026-04-10,2,16:30,8
2026-04-10,2,17:30,34
2026-04-10,2,18:30,7
2026-04-10,2,19:30,14
2026-04-10,3,08:00,16
2026-04-10,3,09:00,10
2026-04-10,3,10:00,5
2026-04-10,3,11:00,5
2026-04-10,3,12:00,31
2026-04-10,3,13:00,9
2026-04-10,3,14:00,31
2026-04-10,3,15:00,8
2026-04-10,3,16:00,7
2026-04-10,3,17:00,14
2026-04-10,3,18:00,20
2026-04-10,3,19:00,9
2026-04-10,3,20:00,24
2026-04-10,3,21:00,1
2026-04-11,1,08:00,9
2026-04-11,1,09:00,12
2026-04-11,1,10:00,11
2026-04-11,1,11:00,00
2026-04-11,1,12:00,13
2026-04-11,1,13:00,6
2026-04-11,1,14:00,34
2026-04-11,1,15:00,28
2026-04-11,1,16:00,33
2026-04-11,1,17:00,28
2026-04-11,1,18:00,3
2026-04-11,1,19:00,5
2026-04-11,2,08:30,18
2026-04-11,2,09:30,36
2026-04-11,2,10:30,19
2026-04-11,2,11:30,27
2026-04-11,2,12:30,17
2026-04-11,2,13:30,2
2026-04-11,2,14:30,26
2026-04-11,2,15:30,20
2026-04-11,2,16:30,2
2026-04-11,2,17:30,12
2026-04-11,2,18:30,33
2026-04-11,2,19:30,00
2026-04-11,3,08:00,34
2026-04-11,3,09:00,10
2026-04-11,3,10:00,20
2026-04-11,3,11:00,16
2026-04-11,3,12:00,25
2026-04-11,3,13:00,12
2026-04-11,3,14:00,28
2026-04-11,3,15:00,9
2026-04-11,3,16:00,28
2026-04-11,3,17:00,25
2026-04-11,3,18:00,13
2026-04-11,3,19:00,10
2026-04-11,3,20:00,12
2026-04-11,3,21:00,31
2026-04-12,1,08:00,26
2026-04-12,1,09:00,10
2026-04-12,1,10:00,00
2026-04-12,1,11:00,31
2026-04-12,1,12:00,31
2026-04-12,1,13:00,32
2026-04-12,1,14:00,15
2026-04-12,1,15:00,34
2026-04-12,1,16:00,23
2026-04-12,1,17:00,9
2026-04-12,1,18:00,35
2026-04-12,1,19:00,16
2026-04-12,2,08:30,35
2026-04-12,2,09:30,10
2026-04-12,2,10:30,5
2026-04-12,2,11:30,33
2026-04-12,2,12:30,0
2026-04-12,2,13:30,30
2026-04-12,2,14:30,31
2026-04-12,2,15:30,11
2026-04-12,2,16:30,7
2026-04-12,2,17:30,23
2026-04-12,2,18:30,22
2026-04-12,2,19:30,28
2026-04-12,3,08:00,00
2026-04-12,3,09:00,5
2026-04-12,3,10:00,31
2026-04-12,3,11:00,2
2026-04-12,3,12:00,35
2026-04-12,3,13:00,13
2026-04-12,3,14:00,12
2026-04-12,3,15:00,18
2026-04-12,3,16:00,34
2026-04-12,3,17:00,6
2026-04-12,3,18:00,0
2026-04-12,3,19:00,28
2026-04-12,3,20:00,35
2026-04-12,3,21:00,3
2026-04-13,1,08:00,6
2026-04-13,1,09:00,12
2026-04-13,1,10:00,34
2026-04-13,1,11:00,30
2026-04-13,1,12:00,10
2026-04-13,1,13:00,2
2026-04-13,1,14:00,28
2026-04-13,1,15:00,32
2026-04-13,1,16:00,11
2026-04-13,1,17:00,35
2026-04-13,1,18:00,12
2026-04-13,1,19:00,25
2026-04-13,2,08:30,2
2026-04-13,2,09:30,20
2026-04-13,2,10:30,21
2026-04-13,2,11:30,21
2026-04-13,2,12:30,25
2026-04-13,2,13:30,34
2026-04-13,2,14:30,15
2026-04-13,2,15:30,26
2026-04-13,2,16:30,14
2026-04-13,2,17:30,35
2026-04-13,2,18:30,36
2026-04-13,2,19:30,29
2026-04-13,3,08:00,16
2026-04-13,3,09:00,19
2026-04-13,3,10:00,31
2026-04-13,3,11:00,25
2026-04-13,3,12:00,4
2026-04-13,3,13:00,36
2026-04-13,3,14:00,20
2026-04-13,3,15:00,5
2026-04-13,3,16:00,6
2026-04-13,3,17:00,0
2026-04-13,3,18:00,8
2026-04-13,3,19:00,36
2026-04-13,3,20:00,00
2026-04-13,3,21:00,21
2026-04-14,1,08:00,26
2026-04-14,1,09:00,15
2026-04-14,1,10:00,12
2026-04-14,1,11:00,30
2026-04-14,1,12:00,7
2026-04-14,1,13:00,2
2026-04-14,1,14:00,00
2026-04-14,1,15:00,9
2026-04-14,1,16:00,4
2026-04-14,1,17:00,10
2026-04-14,1,18:00,17
2026-04-14,1,19:00,0
2026-04-14,2,08:30,13
2026-04-14,2,09:30,8
2026-04-14,2,10:30,34
2026-04-14,2,11:30,11
2026-04-14,2,12:30,21
2026-04-14,2,13:30,25
2026-04-14,2,14:30,21
2026-04-14,2,15:30,3
2026-04-14,2,16:30,31
2026-04-14,2,17:30,9
2026-04-14,2,18:30,12
2026-04-14,2,19:30,11
2026-04-14,3,08:00,23
2026-04-14,3,09:00,15
2026-04-14,3,10:00,1
2026-04-14,3,11:00,1
2026-04-14,3,12:00,11
2026-04-14,3,13:00,30
2026-04-14,3,14:00,14
2026-04-14,3,15:00,18
2026-04-14,3,16:00,7
2026-04-14,3,17:00,23
2026-04-14,3,18:00,34
2026-04-14,3,19:00,36
2026-04-14,3,20:00,22
2026-04-14,3,21:00,35
2026-04-15,1,08:00,8
2026-04-15,1,09:00,27
2026-04-15,1,10:00,15
2026-04-15,1,11:00,9
2026-04-15,1,12:00,3
2026-04-15,1,13:00,10
2026-04-15,1,14:00,19
2026-04-15,1,15:00,26
2026-04-15,1,16:00,28
2026-04-15,1,17:00,4
2026-04-15,1,18:00,28
2026-04-15,1,19:00,12
2026-04-15,2,08:30,31
2026-04-15,2,09:30,27
2026-04-15,2,10:30,10
2026-04-15,2,11:30,5
2026-04-15,2,12:30,34
2026-04-15,2,13:30,20
2026-04-15,2,14:30,24
2026-04-15,2,15:30,12
2026-04-15,2,16:30,14
2026-04-15,2,17:30,11
2026-04-15,2,18:30,26
2026-04-15,2,19:30,9
2026-04-15,3,08:00,24
2026-04-15,3,09:00,19
2026-04-15,3,10:00,35
2026-04-15,3,11:00,30
2026-04-15,3,12:00,8
2026-04-15,3,13:00,14
2026-04-15,3,14:00,13
2026-04-15,3,15:00,24
2026-04-15,3,16:00,27
2026-04-15,3,17:00,26
2026-04-15,3,18:00,30
2026-04-15,3,19:00,5
2026-04-15,3,20:00,21
2026-04-15,3,21:00,25
2026-04-16,1,08:00,9
2026-04-16,1,09:00,18
2026-04-16,1,10:00,5
2026-04-16,1,11:00,00
2026-04-16,1,12:00,17
2026-04-16,1,13:00,11
2026-04-16,1,14:00,16
2026-04-16,1,15:00,1
2026-04-16,1,16:00,35
2026-04-16,1,17:00,31
2026-04-16,1,18:00,22
2026-04-16,1,19:00,33
2026-04-16,2,08:30,16
2026-04-16,2,09:30,20
2026-04-16,2,10:30,2
2026-04-16,2,11:30,12
2026-04-16,2,12:30,9
2026-04-16,2,13:30,33
2026-04-16,2,14:30,31
2026-04-16,2,15:30,24
2026-04-16,2,16:30,32
2026-04-16,2,17:30,5
2026-04-16,2,18:30,36
2026-04-16,2,19:30,9
2026-04-16,3,08:00,3
2026-04-16,3,09:00,4
2026-04-16,3,10:00,19
2026-04-16,3,11:00,34
2026-04-16,3,12:00,4
2026-04-16,3,13:00,20
2026-04-16,3,14:00,7
2026-04-16,3,15:00,16
2026-04-16,3,16:00,20
2026-04-16,3,17:00,34
2026-04-16,3,18:00,25
2026-04-16,3,19:00,6
2026-04-16,3,20:00,3
2026-04-16,3,21:00,9
2026-04-17,1,08:00,26
2026-04-17,1,09:00,11
2026-04-17,1,10:00,8
2026-04-17,1,11:00,35
2026-04-17,1,12:00,24
2026-04-17,1,13:00,9
2026-04-17,1,14:00,34
2026-04-17,1,15:00,18
2026-04-17,1,16:00,25
2026-04-17,1,17:00,2
2026-04-17,1,18:00,36
2026-04-17,1,19:00,26
2026-04-17,2,08:30,6
2026-04-17,2,09:30,7
2026-04-17,2,10:30,2
2026-04-17,2,11:30,26
2026-04-17,2,12:30,2
2026-04-17,2,13:30,19
2026-04-17,2,14:30,5
2026-04-17,2,15:30,25
2026-04-17,2,16:30,17
2026-04-17,2,17:30,11
2026-04-17,2,18:30,19
2026-04-17,2,19:30,1
2026-04-17,3,08:00,34
2026-04-17,3,09:00,2
2026-04-17,3,10:00,29
2026-04-17,3,11:00,27
2026-04-17,3,12:00,20
2026-04-17,3,13:00,6
2026-04-17,3,14:00,27
2026-04-17,3,15:00,32
2026-04-17,3,16:00,4
2026-04-17,3,17:00,5
2026-04-17,3,18:00,25
2026-04-17,3,19:00,16
2026-04-17,3,20:00,34
2026-04-17,3,21:00,23
2026-04-18,1,08:00,31
2026-04-18,1,09:00,3
2026-04-18,1,10:00,14
2026-04-18,1,11:00,10
2026-04-18,1,12:00,16
2026-04-18,1,13:00,28
2026-04-18,1,14:00,22
2026-04-18,1,15:00,00
2026-04-18,1,16:00,25
2026-04-18,1,17:00,30
2026-04-18,1,18:00,8
2026-04-18,1,19:00,24
2026-04-18,2,08:30,12
2026-04-18,2,09:30,22
2026-04-18,2,10:30,12
2026-04-18,2,11:30,21
2026-04-18,2,12:30,10
2026-04-18,2,13:30,0
2026-04-18,2,14:30,30
2026-04-18,2,15:30,2
2026-04-18,2,16:30,00
2026-04-18,2,17:30,4
2026-04-18,2,18:30,35
2026-04-18,2,19:30,27
2026-04-18,3,08:00,9
2026-04-18,3,09:00,1
2026-04-18,3,10:00,0
2026-04-18,3,11:00,15
2026-04-18,3,12:00,17
2026-04-18,3,13:00,28
2026-04-18,3,14:00,33
2026-04-18,3,15:00,3
2026-04-18,3,16:00,00
2026-04-18,3,17:00,6
2026-04-18,3,18:00,31
2026-04-18,3,19:00,35
2026-04-18,3,20:00,5
2026-04-18,3,21:00,10
2026-04-19,1,08:00,36
2026-04-19,1,09:00,18
2026-04-19,1,10:00,28
2026-04-19,1,11:00,16
2026-04-19,1,12:00,24
2026-04-19,1,13:00,35
2026-04-19,1,14:00,20
2026-04-19,1,15:00,22
2026-04-19,1,16:00,5
2026-04-19,1,17:00,31
2026-04-19,1,18:00,7
2026-04-19,1,19:00,12
2026-04-19,2,08:30,33
2026-04-19,2,09:30,36
2026-04-19,2,10:30,8
2026-04-19,2,11:30,5
2026-04-19,2,12:30,14
2026-04-19,2,13:30,9
2026-04-19,2,14:30,24
2026-04-19,2,15:30,32
2026-04-19,2,16:30,13
2026-04-19,2,17:30,0
2026-04-19,2,18:30,17
2026-04-19,2,19:30,26
2026-04-19,3,08:00,4
2026-04-19,3,09:00,36
2026-04-19,3,10:00,10
2026-04-19,3,11:00,36
2026-04-19,3,12:00,17
2026-04-19,3,13:00,16
2026-04-19,3,14:00,19
2026-04-19,3,15:00,9
2026-04-19,3,16:00,24
2026-04-19,3,17:00,14
2026-04-19,3,18:00,23
2026-04-19,3,19:00,18
2026-04-19,3,20:00,20
2026-04-19,3,21:00,35
2026-04-20,1,08:00,5
2026-04-20,1,09:00,26
2026-04-20,1,10:00,0
2026-04-20,1,11:00,12
2026-04-20,1,12:00,32
2026-04-20,1,13:00,30
2026-04-20,1,14:00,36
2026-04-20,1,15:00,19
2026-04-20,1,16:00,28
2026-04-20,1,17:00,11
2026-04-20,1,18:00,14
2026-04-20,1,19:00,10
2026-04-20,2,08:30,22
2026-04-20,2,09:30,19
2026-04-20,2,10:30,8
2026-04-20,2,11:30,11
2026-04-20,2,12:30,00
2026-04-20,2,13:30,32
2026-04-20,2,14:30,28
2026-04-20,2,15:30,18
2026-04-20,2,16:30,3
2026-04-20,2,17:30,5
2026-04-20,2,18:30,29
2026-04-20,2,19:30,8
2026-04-20,3,08:00,20
2026-04-20,3,09:00,33
2026-04-20,3,10:00,0
2026-04-20,3,11:00,27
2026-04-20,3,12:00,16
2026-04-20,3,13:00,6
2026-04-20,3,14:00,31
2026-04-20,3,15:00,9
2026-04-20,3,16:00,15
2026-04-20,3,17:00,11
2026-04-20,3,18:00,00
2026-04-20,3,19:00,35
2026-04-20,3,20:00,25
2026-04-20,3,21:00,35
2026-04-21,1,08:00,11
2026-04-21,1,09:00,16
2026-04-21,1,10:00,27
2026-04-21,1,11:00,7
2026-04-21,1,12:00,1
2026-04-21,1,13:00,7
2026-04-21,1,14:00,18
2026-04-21,1,15:00,32
2026-04-21,1,16:00,34
2026-04-21,1,17:00,14
2026-04-21,1,18:00,00
2026-04-21,1,19:00,12
2026-04-21,2,08:30,20
2026-04-21,2,09:30,25
2026-04-21,2,10:30,29
2026-04-21,2,11:30,2
2026-04-21,2,12:30,20
2026-04-21,2,13:30,34
2026-04-21,2,14:30,35
2026-04-21,2,15:30,12
2026-04-21,2,16:30,00
2026-04-21,2,17:30,15
2026-04-21,2,18:30,18
2026-04-21,2,19:30,17
2026-04-21,3,08:00,30
2026-04-21,3,09:00,32
2026-04-21,3,10:00,33
2026-04-21,3,11:00,24
2026-04-21,3,12:00,16
2026-04-21,3,13:00,7
2026-04-21,3,14:00,36
2026-04-21,3,15:00,10
2026-04-21,3,16:00,29
2026-04-21,3,17:00,1
2026-04-21,3,18:00,24
2026-04-21,3,19:00,20
2026-04-21,3,20:00,35
2026-04-21,3,21:00,33
2026-04-22,1,08:00,10
2026-04-22,1,09:00,19
2026-04-22,1,10:00,12
2026-04-22,1,11:00,6
2026-04-22,1,12:00,32
2026-04-22,1,13:00,8
2026-04-22,1,14:00,7
2026-04-22,1,15:00,4
2026-04-22,1,16:00,31
2026-04-22,1,17:00,2
2026-04-22,1,18:00,17
2026-04-22,1,19:00,12
2026-04-22,2,08:30,1
2026-04-22,2,09:30,22
2026-04-22,2,10:30,17
2026-04-22,2,11:30,26
2026-04-22,2,12:30,23
2026-04-22,2,13:30,29
2026-04-22,2,14:30,10
2026-04-22,2,15:30,6
2026-04-22,2,16:30,00
2026-04-22,2,17:30,33
2026-04-22,2,18:30,34
2026-04-22,2,19:30,32
2026-04-22,3,08:00,5
2026-04-22,3,09:00,10
2026-04-22,3,10:00,8
2026-04-22,3,11:00,13
2026-04-22,3,12:00,9
2026-04-22,3,13:00,11
2026-04-22,3,14:00,9
2026-04-22,3,15:00,18
2026-04-22,3,16:00,25
2026-04-22,3,17:00,11
2026-04-22,3,18:00,1
2026-04-22,3,19:00,18
2026-04-22,3,20:00,6
2026-04-22,3,21:00,19
2026-04-23,1,08:00,7
2026-04-23,1,09:00,36
2026-04-23,1,10:00,3
2026-04-23,1,11:00,31
2026-04-23,1,12:00,27
2026-04-23,1,13:00,19
2026-04-23,1,14:00,9
2026-04-23,1,15:00,34
2026-04-23,1,16:00,13
2026-04-23,1,17:00,19
2026-04-23,1,18:00,2
2026-04-23,1,19:00,6
2026-04-23,2,08:30,23
2026-04-23,2,09:30,17
2026-04-23,2,10:30,5
2026-04-23,2,11:30,32
2026-04-23,2,12:30,34
2026-04-23,2,13:30,21
2026-04-23,2,14:30,25
2026-04-23,2,15:30,24
2026-04-23,2,16:30,22
2026-04-23,2,17:30,18
2026-04-23,2,18:30,10
2026-04-23,2,19:30,18
2026-04-23,3,08:00,00
2026-04-23,3,09:00,15
2026-04-23,3,10:00,19
2026-04-23,3,11:00,16
2026-04-23,3,12:00,35
2026-04-23,3,13:00,13
2026-04-23,3,14:00,34
2026-04-23,3,15:00,23
2026-04-23,3,16:00,29
2026-04-23,3,17:00,33
2026-04-23,3,18:00,9
2026-04-23,3,19:00,33
2026-04-23,3,20:00,10
2026-04-23,3,21:00,36
2026-04-24,1,08:00,16
2026-04-24,1,09:00,6
2026-04-24,1,10:00,25
2026-04-24,1,11:00,34
2026-04-24,1,12:00,17
2026-04-24,1,13:00,25
2026-04-24,1,14:00,3
2026-04-24,1,15:00,26
2026-04-24,1,16:00,1
2026-04-24,1,17:00,36
2026-04-24,1,18:00,16
2026-04-24,1,19:00,21
2026-04-24,2,08:30,27
2026-04-24,2,09:30,28
2026-04-24,2,10:30,8
2026-04-24,2,11:30,29
2026-04-24,2,12:30,10
2026-04-24,2,13:30,31
2026-04-24,2,14:30,34
2026-04-24,2,15:30,21
2026-04-24,2,16:30,3
2026-04-24,2,17:30,17
2026-04-24,2,18:30,22
2026-04-24,2,19:30,17
2026-04-24,3,08:00,00
2026-04-24,3,09:00,14
2026-04-24,3,10:00,19
2026-04-24,3,11:00,26
2026-04-24,3,12:00,4
2026-04-24,3,13:00,3
2026-04-24,3,14:00,5
2026-04-24,3,15:00,00
2026-04-24,3,16:00,9
2026-04-24,3,17:00,7
2026-04-24,3,18:00,7
2026-04-24,3,19:00,6
2026-04-24,3,20:00,18
2026-04-24,3,21:00,33
2026-04-25,1,08:00,8
2026-04-25,1,09:00,32
2026-04-25,1,10:00,16
2026-04-25,1,11:00,18
2026-04-25,1,12:00,3
2026-04-25,1,13:00,10
2026-04-25,1,14:00,4
2026-04-25,1,15:00,12
2026-04-25,1,16:00,2
2026-04-25,1,17:00,27
2026-04-25,1,18:00,30
2026-04-25,1,19:00,16
2026-04-25,2,08:30,26
2026-04-25,2,09:30,20
2026-04-25,2,10:30,25
2026-04-25,2,11:30,21
2026-04-25,2,12:30,26
2026-04-25,2,13:30,21
2026-04-25,2,14:30,27
2026-04-25,2,15:30,15
2026-04-25,2,16:30,8
2026-04-25,2,17:30,29
2026-04-25,2,18:30,31
2026-04-25,2,19:30,18
2026-04-25,3,08:00,24
2026-04-25,3,09:00,6
2026-04-25,3,10:00,10
2026-04-25,3,11:00,29
2026-04-25,3,12:00,31
2026-04-25,3,13:00,19
2026-04-25,3,14:00,31
2026-04-25,3,15:00,17
2026-04-25,3,16:00,22
2026-04-25,3,17:00,00
2026-04-25,3,18:00,17
2026-04-25,3,19:00,18
2026-04-25,3,20:00,26
2026-04-25,3,21:00,8
2026-04-26,1,08:00,28
2026-04-26,1,09:00,27
2026-04-26,1,10:00,35
2026-04-26,1,11:00,34
2026-04-26,1,12:00,28
2026-04-26,1,13:00,22
2026-04-26,1,14:00,16
2026-04-26,1,15:00,30
2026-04-26,1,16:00,11
2026-04-26,1,17:00,15
2026-04-26,1,18:00,13
2026-04-26,1,19:00,6
2026-04-26,2,08:30,33
2026-04-26,2,09:30,6
2026-04-26,2,10:30,11
2026-04-26,2,11:30,27
2026-04-26,2,12:30,18
2026-04-26,2,13:30,00
2026-04-26,2,14:30,26
2026-04-26,2,15:30,31
2026-04-26,2,16:30,5
2026-04-26,2,17:30,36
2026-04-26,2,18:30,25
2026-04-26,2,19:30,17
2026-04-26,3,08:00,24
2026-04-26,3,09:00,36
2026-04-26,3,10:00,8
2026-04-26,3,11:00,9
2026-04-26,3,12:00,27
2026-04-26,3,13:00,27
2026-04-26,3,14:00,17
2026-04-26,3,15:00,31
2026-04-26,3,16:00,8
2026-04-26,3,17:00,8
2026-04-26,3,18:00,9
2026-04-26,3,19:00,10
2026-04-26,3,20:00,20
2026-04-26,3,21:00,27
2026-04-27,1,08:00,12
2026-04-27,1,09:00,28
2026-04-27,1,10:00,36
2026-04-27,1,11:00,16
2026-04-27,1,12:00,26
2026-04-27,1,13:00,4
2026-04-27,1,14:00,25
2026-04-27,1,15:00,23
2026-04-27,1,16:00,19
2026-04-27,1,17:00,7
2026-04-27,1,18:00,29
2026-04-27,1,19:00,30
2026-04-27,2,08:30,29
2026-04-27,2,09:30,14
2026-04-27,2,10:30,7
2026-04-27,2,11:30,0
2026-04-27,2,12:30,5
2026-04-27,2,13:30,12
2026-04-27,2,14:30,1
2026-04-27,2,15:30,21
2026-04-27,2,16:30,4
2026-04-27,2,17:30,33
2026-04-27,2,18:30,23
2026-04-27,2,19:30,2
2026-04-27,3,08:00,6
2026-04-27,3,09:00,20
2026-04-27,3,10:00,30
2026-04-27,3,11:00,18
2026-04-27,3,12:00,7
2026-04-27,3,13:00,31
2026-04-27,3,14:00,13
2026-04-27,3,15:00,30
2026-04-27,3,16:00,36
2026-04-27,3,17:00,27
2026-04-27,3,18:00,18
2026-04-27,3,19:00,30
2026-04-27,3,20:00,32
2026-04-27,3,21:00,30
2026-04-28,1,08:00,20
2026-04-28,1,09:00,10
2026-04-28,1,10:00,24
2026-04-28,1,11:00,19
2026-04-28,1,12:00,27
2026-04-28,1,13:00,20
2026-04-28,1,14:00,7
2026-04-28,1,15:00,15
2026-04-28,1,16:00,29
2026-04-28,1,17:00,19
2026-04-28,1,18:00,22
2026-04-28,1,19:00,5
2026-04-28,2,08:30,22
2026-04-28,2,09:30,19
2026-04-28,2,10:30,27
2026-04-28,2,11:30,18
2026-04-28,2,12:30,13
2026-04-28,2,13:30,22
2026-04-28,2,14:30,21
2026-04-28,2,15:30,24
2026-04-28,2,16:30,20
2026-04-28,2,17:30,34
2026-04-28,2,18:30,7
2026-04-28,2,19:30,23
2026-04-28,3,08:00,22
2026-04-28,3,09:00,36
2026-04-28,3,10:00,10
2026-04-28,3,11:00,9
2026-04-28,3,12:00,26
2026-04-28,3,13:00,8
2026-04-28,3,14:00,5
2026-04-28,3,15:00,36
2026-04-28,3,16:00,8
2026-04-28,3,17:00,22
2026-04-28,3,18:00,29
2026-04-28,3,19:00,32
2026-04-28,3,20:00,22
2026-04-28,3,21:00,33
2026-04-29,1,08:00,5
2026-04-29,1,09:00,2
2026-04-29,1,10:00,5
2026-04-29,1,11:00,29
2026-04-29,1,12:00,13
2026-04-29,1,13:00,18
2026-04-29,1,14:00,20
2026-04-29,1,15:00,31
2026-04-29,1,16:00,3
2026-04-29,1,17:00,19
2026-04-29,1,18:00,28
2026-04-29,1,19:00,18
2026-04-29,2,08:30,34
2026-04-29,2,09:30,26
2026-04-29,2,10:30,33
2026-04-29,2,11:30,23
2026-04-29,2,12:30,13
2026-04-29,2,13:30,25
2026-04-29,2,14:30,34
2026-04-29,2,15:30,5
2026-04-29,2,16:30,35
2026-04-29,2,17:30,0
2026-04-29,2,18:30,29
2026-04-29,2,19:30,25
2026-04-29,3,08:00,4
2026-04-29,3,09:00,32
2026-04-29,3,10:00,20
2026-04-29,3,11:00,11
2026-04-29,3,12:00,31
2026-04-29,3,13:00,30
2026-04-29,3,14:00,35
2026-04-29,3,15:00,15
2026-04-29,3,16:00,31
2026-04-29,3,17:00,19
2026-04-29,3,18:00,1
2026-04-29,3,19:00,14
2026-04-29,3,20:00,35
2026-04-29,3,21:00,26
2026-04-30,1,08:00,1
2026-04-30,1,09:00,5
2026-04-30,1,10:00,7
2026-04-30,1,11:00,24
2026-04-30,1,12:00,21
2026-04-30,1,13:00,28
2026-04-30,1,14:00,8
2026-04-30,1,15:00,31
2026-04-30,1,16:00,13
2026-04-30,1,17:00,11
2026-04-30,1,18:00,36
2026-04-30,1,19:00,29
2026-04-30,2,08:30,25
2026-04-30,2,09:30,36
2026-04-30,2,10:30,27
2026-04-30,2,11:30,22
2026-04-30,2,12:30,9
2026-04-30,2,13:30,00
2026-04-30,2,14:30,33
2026-04-30,2,15:30,30
2026-04-30,2,16:30,26
2026-04-30,2,17:30,26
2026-04-30,2,18:30,1
2026-04-30,2,19:30,19
2026-04-30,3,08:00,35
2026-04-30,3,09:00,27
2026-04-30,3,10:00,0
2026-04-30,3,11:00,4
2026-04-30,3,12:00,18
2026-04-30,3,13:00,2
2026-04-30,3,14:00,13
2026-04-30,3,15:00,32
2026-04-30,3,16:00,32
2026-04-30,3,17:00,14
2026-04-30,3,18:00,3
2026-04-30,3,19:00,19
2026-04-30,3,20:00,10
2026-04-30,3,21:00,7
2026-05-01,1,08:00,31
2026-05-01,1,09:00,00
2026-05-01,1,10:00,23
2026-05-01,1,11:00,9
2026-05-01,1,12:00,28
2026-05-01,1,13:00,23
2026-05-01,1,14:00,29
2026-05-01,1,15:00,33
2026-05-01,1,16:00,30
2026-05-01,1,17:00,14
2026-05-01,1,18:00,24
2026-05-01,1,19:00,36
2026-05-01,2,08:30,00
2026-05-01,2,09:30,32
2026-05-01,2,10:30,21
2026-05-01,2,11:30,21
2026-05-01,2,12:30,1
2026-05-01,2,13:30,33
2026-05-01,2,14:30,28
2026-05-01,2,15:30,28
2026-05-01,2,16:30,8
2026-05-01,2,17:30,11
2026-05-01,2,18:30,13
2026-05-01,2,19:30,6
2026-05-01,3,08:00,11
2026-05-01,3,09:00,25
2026-05-01,3,10:00,3
2026-05-01,3,11:00,30
2026-05-01,3,12:00,31
2026-05-01,3,13:00,17
2026-05-01,3,14:00,1
2026-05-01,3,15:00,11
2026-05-01,3,16:00,1
2026-05-01,3,17:00,25
2026-05-01,3,18:00,9
2026-05-01,3,19:00,17
2026-05-01,3,20:00,27
2026-05-01,3,21:00,4
2026-05-02,1,08:00,32
2026-05-02,1,09:00,29
2026-05-02,1,10:00,12
2026-05-02,1,11:00,31
2026-05-02,1,12:00,1
2026-05-02,1,13:00,2
2026-05-02,1,14:00,32
2026-05-02,1,15:00,10
2026-05-02,1,16:00,8
2026-05-02,1,17:00,13
2026-05-02,1,18:00,15
2026-05-02,1,19:00,34
2026-05-02,2,08:30,26
2026-05-02,2,09:30,12
2026-05-02,2,10:30,24
2026-05-02,2,11:30,27
2026-05-02,2,12:30,16
2026-05-02,2,13:30,5
2026-05-02,2,14:30,17
2026-05-02,2,15:30,6
2026-05-02,2,16:30,22
2026-05-02,2,17:30,23
2026-05-02,2,18:30,1
2026-05-02,2,19:30,14
2026-05-02,3,08:00,11
2026-05-02,3,09:00,11
2026-05-02,3,10:00,28
2026-05-02,3,11:00,3
2026-05-02,3,12:00,13
2026-05-02,3,13:00,24
2026-05-02,3,14:00,1
2026-05-02,3,15:00,34
2026-05-02,3,16:00,2
2026-05-02,3,17:00,14
2026-05-02,3,18:00,32
2026-05-02,3,19:00,24
2026-05-02,3,20:00,17
2026-05-02,3,21:00,21
2026-05-03,1,08:00,24
2026-05-03,1,09:00,34
2026-05-03,1,10:00,33
2026-05-03,1,11:00,7
2026-05-03,1,12:00,00
2026-05-03,1,13:00,15
2026-05-03,1,14:00,22
2026-05-03,1,15:00,29
2026-05-03,1,16:00,20
2026-05-03,1,17:00,18
2026-05-03,1,18:00,2
2026-05-03,1,19:00,2
2026-05-03,2,08:30,17
2026-05-03,2,09:30,21
2026-05-03,2,10:30,15
2026-05-03,2,11:30,6
2026-05-03,2,12:30,20
2026-05-03,2,13:30,8
2026-05-03,2,14:30,31
2026-05-03,2,15:30,23
2026-05-03,2,16:30,4
2026-05-03,2,17:30,35
2026-05-03,2,18:30,1
2026-05-03,2,19:30,27
2026-05-03,3,08:00,33
2026-05-03,3,09:00,00
2026-05-03,3,10:00,19
2026-05-03,3,11:00,29
2026-05-03,3,12:00,27
2026-05-03,3,13:00,7
2026-05-03,3,14:00,3
2026-05-03,3,15:00,6
2026-05-03,3,16:00,1
2026-05-03,3,17:00,12
2026-05-03,3,18:00,8
2026-05-03,3,19:00,16
2026-05-03,3,20:00,10
2026-05-03,3,21:00,28
2026-05-04,1,08:00,8
2026-05-04,1,09:00,25
2026-05-04,1,10:00,23
2026-05-04,1,11:00,12
2026-05-04,1,12:00,6
2026-05-04,1,13:00,22
2026-05-04,1,14:00,28
2026-05-04,1,15:00,27
2026-05-04,1,16:00,00
2026-05-04,1,17:00,9
2026-05-04,1,18:00,31
2026-05-04,1,19:00,30
2026-05-04,2,08:30,13
2026-05-04,2,09:30,11
2026-05-04,2,10:30,9
2026-05-04,2,11:30,21
2026-05-04,2,12:30,10
2026-05-04,2,13:30,20
2026-05-04,2,14:30,19
2026-05-04,2,15:30,5
2026-05-04,2,16:30,33
2026-05-04,2,17:30,35
2026-05-04,2,18:30,32
2026-05-04,2,19:30,8
2026-05-04,3,08:00,25
2026-05-04,3,09:00,30
2026-05-04,3,10:00,13
2026-05-04,3,11:00,32
2026-05-04,3,12:00,24
2026-05-04,3,13:00,16
2026-05-04,3,14:00,28
2026-05-04,3,15:00,30
2026-05-04,3,16:00,35
2026-05-04,3,17:00,7
2026-05-04,3,18:00,17
2026-05-04,3,19:00,7
2026-05-04,3,20:00,9
2026-05-04,3,21:00,33
2026-05-05,1,08:00,33
2026-05-05,1,09:00,8
2026-05-05,1,10:00,4
2026-05-05,1,11:00,5
2026-05-05,1,12:00,28
2026-05-05,1,13:00,6
2026-05-05,1,14:00,24
2026-05-05,1,15:00,19
2026-05-05,1,16:00,7
2026-05-05,1,17:00,32
2026-05-05,1,18:00,1
2026-05-05,1,19:00,24
2026-05-05,2,08:30,3
2026-05-05,2,09:30,25
2026-05-05,2,10:30,33
2026-05-05,2,11:30,00
2026-05-05,2,12:30,19
2026-05-05,2,13:30,0
2026-05-05,2,14:30,31
2026-05-05,2,15:30,34
2026-05-05,2,16:30,6
2026-05-05,2,17:30,13
2026-05-05,2,18:30,7
2026-05-05,2,19:30,30
2026-05-05,3,08:00,24
2026-05-05,3,09:00,25
2026-05-05,3,10:00,0
2026-05-05,3,11:00,36
2026-05-05,3,12:00,18
2026-05-05,3,13:00,22
2026-05-05,3,14:00,18
2026-05-05,3,15:00,30
2026-05-05,3,16:00,3
2026-05-05,3,17:00,30
2026-05-05,3,18:00,23
2026-05-05,3,19:00,25
2026-05-05,3,20:00,8
2026-05-05,3,21:00,8
2026-05-06,1,08:00,25
2026-05-06,1,09:00,5
2026-05-06,1,10:00,22
2026-05-06,1,11:00,0
2026-05-06,1,12:00,23
2026-05-06,1,13:00,17
2026-05-06,1,14:00,29
2026-05-06,1,15:00,26
2026-05-06,1,16:00,32
2026-05-06,1,17:00,6
2026-05-06,1,18:00,26
2026-05-06,1,19:00,28
2026-05-06,2,08:30,36
2026-05-06,2,09:30,17
2026-05-06,2,10:30,31
2026-05-06,2,11:30,8
2026-05-06,2,12:30,27
2026-05-06,2,13:30,30
2026-05-06,2,14:30,11
2026-05-06,2,15:30,8
2026-05-06,2,16:30,20
2026-05-06,2,17:30,14
2026-05-06,2,18:30,25
2026-05-06,2,19:30,1
2026-05-06,3,08:00,20
2026-05-06,3,09:00,31
2026-05-06,3,10:00,7
2026-05-06,3,11:00,13
2026-05-06,3,12:00,13
2026-05-06,3,13:00,25
2026-05-06,3,14:00,7
2026-05-06,3,15:00,13
2026-05-06,3,16:00,24
2026-05-06,3,17:00,35
2026-05-06,3,18:00,2
2026-05-06,3,19:00,29
2026-05-06,3,20:00,21
2026-05-06,3,21:00,21
2026-05-07,1,08:00,29
2026-05-07,1,09:00,3
2026-05-07,1,10:00,28
2026-05-07,1,11:00,15
2026-05-07,1,12:00,2
2026-05-07,1,13:00,3
2026-05-07,1,14:00,16
2026-05-07,1,15:00,12
2026-05-07,1,16:00,20
2026-05-07,1,17:00,00
2026-05-07,1,18:00,9
2026-05-07,1,19:00,00
2026-05-07,2,08:30,10
2026-05-07,2,09:30,11
2026-05-07,2,10:30,00
2026-05-07,2,11:30,34
2026-05-07,2,12:30,15
2026-05-07,2,13:30,22
2026-05-07,2,14:30,36
2026-05-07,2,15:30,26
2026-05-07,2,16:30,19
2026-05-07,2,17:30,7
2026-05-07,2,18:30,20
2026-05-07,2,19:30,35
2026-05-07,3,08:00,34
2026-05-07,3,09:00,1
2026-05-07,3,10:00,20
2026-05-07,3,11:00,0
2026-05-07,3,12:00,26
2026-05-07,3,13:00,26
2026-05-07,3,14:00,17
2026-05-07,3,15:00,36
2026-05-07,3,16:00,21
2026-05-07,3,17:00,27
2026-05-07,3,18:00,28
2026-05-07,3,19:00,1
2026-05-07,3,20:00,21
2026-05-07,3,21:00,11
2026-05-08,1,08:00,25
2026-05-08,1,09:00,6
2026-05-08,1,10:00,14
2026-05-08,1,11:00,19
2026-05-08,1,12:00,27
2026-05-08,1,13:00,22
2026-05-08,1,14:00,36
2026-05-08,1,15:00,28
2026-05-08,1,16:00,7
2026-05-08,1,17:00,13
2026-05-08,1,18:00,6
2026-05-08,1,19:00,31
2026-05-08,2,08:30,2
2026-05-08,2,09:30,21
2026-05-08,2,10:30,10
2026-05-08,2,11:30,9
2026-05-08,2,12:30,28
2026-05-08,2,13:30,30
2026-05-08,2,14:30,3
2026-05-08,2,15:30,6
2026-05-08,2,16:30,29
2026-05-08,2,17:30,19
2026-05-08,2,18:30,20
2026-05-08,2,19:30,20
2026-05-08,3,08:00,11
2026-05-08,3,09:00,2
2026-05-08,3,10:00,22
2026-05-08,3,11:00,21
2026-05-08,3,12:00,33
2026-05-08,3,13:00,20
2026-05-08,3,14:00,21
2026-05-08,3,15:00,7
2026-05-08,3,16:00,36
2026-05-08,3,17:00,26
2026-05-08,3,18:00,19
2026-05-08,3,19:00,35
2026-05-08,3,20:00,4
2026-05-08,3,21:00,17
2026-05-09,1,08:00,2
2026-05-09,1,09:00,17
2026-05-09,1,10:00,22
2026-05-09,1,11:00,29
2026-05-09,1,12:00,3
2026-05-09,1,13:00,1
2026-05-09,1,14:00,00
2026-05-09,1,15:00,13
2026-05-09,1,16:00,12
2026-05-09,1,17:00,0
2026-05-09,1,18:00,22
2026-05-09,1,19:00,16
2026-05-09,2,08:30,32
2026-05-09,2,09:30,27
2026-05-09,2,10:30,5
2026-05-09,2,11:30,20
2026-05-09,2,12:30,9
2026-05-09,2,13:30,10
2026-05-09,2,14:30,36
2026-05-09,2,15:30,15
2026-05-09,2,16:30,14
2026-05-09,2,17:30,31
2026-05-09,2,18:30,6
2026-05-09,2,19:30,25
2026-05-09,3,08:00,7
2026-05-09,3,09:00,6
2026-05-09,3,10:00,33
2026-05-09,3,11:00,19
2026-05-09,3,12:00,23
2026-05-09,3,13:00,23
2026-05-09,3,14:00,23
2026-05-09,3,15:00,5
2026-05-09,3,16:00,6
2026-05-09,3,17:00,28
2026-05-09,3,18:00,3
2026-05-09,3,19:00,2
2026-05-09,3,20:00,16
2026-05-09,3,21:00,10
2026-05-10,1,08:00,31
2026-05-10,1,09:00,22
2026-05-10,1,10:00,27
2026-05-10,1,11:00,2
2026-05-10,1,12:00,27
2026-05-10,1,13:00,33
2026-05-10,1,14:00,5
2026-05-10,1,15:00,12
2026-05-10,1,16:00,34
2026-05-10,1,17:00,0
2026-05-10,1,18:00,3
2026-05-10,1,19:00,00
2026-05-10,2,08:30,32
2026-05-10,2,09:30,5
2026-05-10,2,10:30,24
2026-05-10,2,11:30,17
2026-05-10,2,12:30,4
2026-05-10,2,13:30,23
2026-05-10,2,14:30,25
2026-05-10,2,15:30,18
2026-05-10,2,16:30,36
2026-05-10,2,17:30,2
2026-05-10,2,18:30,15
2026-05-10,2,19:30,1
2026-05-10,3,08:00,8
2026-05-10,3,09:00,10
2026-05-10,3,10:00,29
2026-05-10,3,11:00,28
2026-05-10,3,12:00,11
2026-05-10,3,13:00,12
2026-05-10,3,14:00,8
2026-05-10,3,15:00,18
2026-05-10,3,16:00,33
2026-05-10,3,17:00,26
2026-05-10,3,18:00,1
2026-05-10,3,19:00,27
2026-05-10,3,20:00,11
2026-05-10,3,21:00,34
2026-05-11,1,08:00,32
2026-05-11,1,09:00,19
2026-05-11,1,10:00,00
2026-05-11,1,11:00,6
2026-05-11,1,12:00,4
2026-05-11,1,13:00,15
2026-05-11,1,14:00,8
2026-05-11,1,15:00,0
2026-05-11,1,16:00,6
2026-05-11,1,17:00,26
2026-05-11,1,18:00,7
2026-05-11,1,19:00,3
2026-05-11,2,08:30,20
2026-05-11,2,09:30,28
2026-05-11,2,10:30,31
2026-05-11,2,11:30,15
2026-05-11,2,12:30,7
2026-05-11,2,13:30,13
2026-05-11,2,14:30,34
2026-05-11,2,15:30,36
2026-05-11,2,16:30,33
2026-05-11,2,17:30,14
2026-05-11,2,18:30,4
2026-05-11,2,19:30,6
2026-05-11,3,08:00,9
2026-05-11,3,09:00,33
2026-05-11,3,10:00,1
2026-05-11,3,11:00,1
2026-05-11,3,12:00,36
2026-05-11,3,13:00,26
2026-05-11,3,14:00,12
2026-05-11,3,15:00,12
2026-05-11,3,16:00,33
2026-05-11,3,17:00,3
2026-05-11,3,18:00,7
2026-05-11,3,19:00,23
2026-05-11,3,20:00,13
2026-05-11,3,21:00,6
2026-05-12,1,08:00,13
2026-05-12,1,09:00,21
2026-05-12,1,10:00,25
2026-05-12,1,11:00,13
2026-05-12,1,12:00,33
2026-05-12,1,13:00,22
2026-05-12,1,14:00,8
2026-05-12,1,15:00,14
2026-05-12,1,16:00,18
2026-05-12,1,17:00,34
2026-05-12,1,18:00,16
2026-05-12,1,19:00,33
2026-05-12,2,08:30,11
2026-05-12,2,09:30,26
2026-05-12,2,10:30,4
2026-05-12,2,11:30,5
2026-05-12,2,12:30,15
2026-05-12,2,13:30,27
2026-05-12,2,14:30,1
2026-05-12,2,15:30,32
2026-05-12,2,16:30,22
2026-05-12,2,17:30,3
2026-05-12,2,18:30,23
2026-05-12,2,19:30,0
2026-05-12,3,08:00,21
2026-05-12,3,09:00,10
2026-05-12,3,10:00,10
2026-05-12,3,11:00,34
2026-05-12,3,12:00,10
2026-05-12,3,13:00,19
2026-05-12,3,14:00,20
2026-05-12,3,15:00,21
2026-05-12,3,16:00,30
2026-05-12,3,17:00,00
2026-05-12,3,18:00,23
2026-05-12,3,19:00,0
2026-05-12,3,20:00,34
2026-05-12,3,21:00,8
2026-05-13,1,08:00,32
2026-05-13,1,09:00,22
2026-05-13,1,10:00,36
2026-05-13,1,11:00,6
2026-05-13,1,12:00,34
2026-05-13,1,13:00,3
2026-05-13,1,14:00,20
2026-05-13,1,15:00,29
2026-05-13,1,16:00,24
2026-05-13,1,17:00,36
2026-05-13,1,18:00,30
2026-05-13,1,19:00,5
2026-05-13,2,08:30,18
2026-05-13,2,09:30,7
2026-05-13,2,10:30,10
2026-05-13,2,11:30,22
2026-05-13,2,12:30,13
2026-05-13,2,13:30,31
2026-05-13,2,14:30,24
2026-05-13,2,15:30,34
2026-05-13,2,16:30,5
2026-05-13,2,17:30,3
2026-05-13,2,18:30,14
2026-05-13,2,19:30,22
2026-05-13,3,08:00,34
2026-05-13,3,09:00,13
2026-05-13,3,10:00,26
2026-05-13,3,11:00,18
2026-05-13,3,12:00,21
2026-05-13,3,13:00,8
2026-05-13,3,14:00,26
2026-05-13,3,15:00,8
2026-05-13,3,16:00,20
2026-05-13,3,17:00,29
2026-05-13,3,18:00,11
2026-05-13,3,19:00,12
2026-05-13,3,20:00,16
2026-05-13,3,21:00,29
2026-05-14,1,08:00,0
2026-05-14,1,09:00,14
2026-05-14,1,10:00,25
2026-05-14,1,11:00,24
2026-05-14,1,12:00,34
2026-05-14,1,13:00,12
2026-05-14,1,14:00,30
2026-05-14,1,15:00,18
2026-05-14,1,16:00,32
2026-05-14,1,17:00,11
2026-05-14,1,18:00,18
2026-05-14,1,19:00,15
2026-05-14,2,08:30,23
2026-05-14,2,09:30,32
2026-05-14,2,10:30,31
2026-05-14,2,11:30,11
2026-05-14,2,12:30,20
2026-05-14,2,13:30,18
2026-05-14,2,14:30,9
2026-05-14,2,15:30,7
2026-05-14,2,16:30,14
2026-05-14,2,17:30,3
2026-05-14,2,18:30,4
2026-05-14,2,19:30,29
2026-05-14,3,08:00,28
2026-05-14,3,09:00,8
2026-05-14,3,10:00,31
2026-05-14,3,11:00,8
2026-05-14,3,12:00,00
2026-05-14,3,13:00,22
2026-05-14,3,14:00,15
2026-05-14,3,15:00,13
2026-05-14,3,16:00,19
2026-05-14,3,17:00,22
2026-05-14,3,18:00,17
2026-05-14,3,19:00,10
2026-05-14,3,20:00,27
2026-05-14,3,21:00,10
2026-05-15,1,08:00,17
2026-05-15,1,09:00,25
2026-05-15,1,10:00,0
2026-05-15,1,11:00,13
2026-05-15,1,12:00,1
2026-05-15,1,13:00,19
2026-05-15,1,14:00,14
2026-05-15,1,15:00,21
2026-05-15,1,16:00,30
2026-05-15,1,17:00,15
2026-05-15,1,18:00,28
2026-05-15,1,19:00,17
2026-05-15,2,08:30,35
2026-05-15,2,09:30,9
2026-05-15,2,10:30,14
2026-05-15,2,11:30,28
2026-05-15,2,12:30,17
2026-05-15,2,13:30,11
2026-05-15,2,14:30,20
2026-05-15,2,15:30,32
2026-05-15,2,16:30,27
2026-05-15,2,17:30,4
2026-05-15,2,18:30,30
2026-05-15,2,19:30,33
2026-05-15,3,08:00,2
2026-05-15,3,09:00,7
2026-05-15,3,10:00,22
2026-05-15,3,11:00,19
2026-05-15,3,12:00,19
2026-05-15,3,13:00,22
2026-05-15,3,14:00,10
2026-05-15,3,15:00,10
2026-05-15,3,16:00,26
2026-05-15,3,17:00,35
2026-05-15,3,18:00,27
2026-05-15,3,19:00,17
2026-05-15,3,20:00,36
2026-05-15,3,21:00,29
2026-05-16,1,08:00,2
2026-05-16,1,09:00,28
2026-05-16,1,10:00,29
2026-05-16,1,11:00,0
2026-05-16,1,12:00,32
2026-05-16,1,13:00,21
2026-05-16,1,14:00,27
2026-05-16,1,15:00,6
2026-05-16,1,16:00,25
2026-05-16,1,17:00,23
2026-05-16,1,18:00,7
2026-05-16,1,19:00,33
2026-05-16,2,08:30,18
2026-05-16,2,09:30,14
2026-05-16,2,10:30,27
2026-05-16,2,11:30,12
2026-05-16,2,12:30,35
2026-05-16,2,13:30,25
2026-05-16,2,14:30,31
2026-05-16,2,15:30,19
2026-05-16,2,16:30,21
2026-05-16,2,17:30,21
2026-05-16,2,18:30,8
2026-05-16,2,19:30,22
2026-05-16,3,08:00,27
2026-05-16,3,09:00,7
2026-05-16,3,10:00,19
2026-05-16,3,11:00,4
2026-05-16,3,12:00,34
2026-05-16,3,13:00,32
2026-05-16,3,14:00,14
2026-05-16,3,15:00,34
2026-05-16,3,16:00,13
2026-05-16,3,17:00,10
2026-05-16,3,18:00,18
2026-05-16,3,19:00,10
2026-05-16,3,20:00,1
2026-05-16,3,21:00,13
2026-05-17,1,08:00,8
2026-05-17,1,09:00,33
2026-05-17,1,10:00,1
2026-05-17,1,11:00,24
2026-05-17,1,12:00,8
2026-05-17,1,13:00,12
2026-05-17,1,14:00,25
2026-05-17,1,15:00,17
2026-05-17,1,16:00,13
2026-05-17,1,17:00,32
2026-05-17,1,18:00,4
2026-05-17,1,19:00,23
2026-05-17,2,08:30,31
2026-05-17,2,09:30,9
2026-05-17,2,10:30,3
2026-05-17,2,11:30,10
2026-05-17,2,12:30,6
2026-05-17,2,13:30,35
2026-05-17,2,14:30,8
2026-05-17,2,15:30,22
2026-05-17,2,16:30,20
2026-05-17,2,17:30,20
2026-05-17,2,18:30,7
2026-05-17,2,19:30,00
2026-05-17,3,08:00,30
2026-05-17,3,09:00,00
2026-05-17,3,10:00,00
2026-05-17,3,11:00,10
2026-05-17,3,12:00,12
2026-05-17,3,13:00,0
2026-05-17,3,14:00,20
2026-05-17,3,15:00,17
2026-05-17,3,16:00,2
2026-05-17,3,17:00,3
2026-05-17,3,18:00,11
2026-05-17,3,19:00,30
2026-05-17,3,20:00,18
2026-05-17,3,21:00,29
2026-05-18,1,08:00,14
2026-05-18,1,09:00,00
2026-05-18,1,10:00,8
2026-05-18,1,11:00,28
2026-05-18,1,12:00,33
2026-05-18,1,13:00,20
2026-05-18,1,14:00,34
2026-05-18,1,15:00,23
2026-05-18,1,16:00,15
2026-05-18,1,17:00,6
2026-05-18,1,18:00,0
2026-05-18,1,19:00,4
2026-05-18,2,08:30,1
2026-05-18,2,09:30,13
2026-05-18,2,10:30,0
2026-05-18,2,11:30,24
2026-05-18,2,12:30,14
2026-05-18,2,13:30,23
2026-05-18,2,14:30,36
2026-05-18,2,15:30,22
2026-05-18,2,16:30,11
2026-05-18,2,17:30,15
2026-05-18,2,18:30,33
2026-05-18,2,19:30,28
2026-05-18,3,08:00,12
2026-05-18,3,09:00,7
2026-05-18,3,10:00,21
2026-05-18,3,11:00,14
2026-05-18,3,12:00,7
2026-05-18,3,13:00,21
2026-05-18,3,14:00,14
2026-05-18,3,15:00,17
2026-05-18,3,16:00,16
2026-05-18,3,17:00,27
2026-05-18,3,18:00,35
2026-05-18,3,19:00,27
2026-05-18,3,20:00,7
2026-05-18,3,21:00,29
2026-05-19,1,08:00,27
2026-05-19,1,09:00,6
2026-05-19,1,10:00,0
2026-05-19,1,11:00,18
2026-05-19,1,12:00,21
2026-05-19,1,13:00,4
2026-05-19,1,14:00,28
2026-05-19,1,15:00,25
2026-05-19,1,16:00,36
2026-05-19,1,17:00,34
2026-05-19,1,18:00,30
2026-05-19,1,19:00,10
2026-05-19,2,08:30,14
2026-05-19,2,09:30,19
2026-05-19,2,10:30,1
2026-05-19,2,11:30,13
2026-05-19,2,12:30,12
2026-05-19,2,13:30,20
2026-05-19,2,14:30,5
2026-05-19,2,15:30,28
2026-05-19,2,16:30,3
2026-05-19,2,17:30,7
2026-05-19,2,18:30,2
2026-05-19,2,19:30,24
2026-05-19,3,08:00,16
2026-05-19,3,09:00,35
2026-05-19,3,10:00,18
2026-05-19,3,11:00,8
2026-05-19,3,12:00,7
2026-05-19,3,13:00,21
2026-05-19,3,14:00,8
2026-05-19,3,15:00,28
2026-05-19,3,16:00,25
2026-05-19,3,17:00,5
2026-05-19,3,18:00,17
2026-05-19,3,19:00,11
2026-05-19,3,20:00,12
2026-05-19,3,21:00,4
2026-05-20,1,08:00,00
2026-05-20,1,09:00,2
2026-05-20,1,10:00,15
2026-05-20,1,11:00,6
2026-05-20,1,12:00,31
2026-05-20,1,13:00,28
2026-05-20,1,14:00,29
2026-05-20,1,15:00,4
2026-05-20,1,16:00,3
2026-05-20,1,17:00,32
2026-05-20,1,18:00,32
2026-05-20,1,19:00,7
2026-05-20,2,08:30,11
2026-05-20,2,09:30,22
2026-05-20,2,10:30,00
2026-05-20,2,11:30,4
2026-05-20,2,12:30,16
2026-05-20,2,13:30,0
2026-05-20,2,14:30,13
2026-05-20,2,15:30,8
2026-05-20,2,16:30,24
2026-05-20,2,17:30,17
2026-05-20,2,18:30,10
2026-05-20,2,19:30,14
2026-05-20,3,08:00,21
2026-05-20,3,09:00,3
2026-05-20,3,10:00,18
2026-05-20,3,11:00,8
2026-05-20,3,12:00,33
2026-05-20,3,13:00,31
2026-05-20,3,14:00,24
2026-05-20,3,15:00,26
2026-05-20,3,16:00,5
2026-05-20,3,17:00,16
2026-05-20,3,18:00,33
2026-05-20,3,19:00,0
2026-05-20,3,20:00,15
2026-05-20,3,21:00,1
2026-05-21,1,08:00,6
2026-05-21,1,09:00,30
2026-05-21,1,10:00,1
2026-05-21,1,11:00,00
2026-05-21,1,12:00,22
2026-05-21,1,13:00,10
2026-05-21,1,14:00,17
2026-05-21,1,15:00,32
2026-05-21,1,16:00,11
2026-05-21,1,17:00,25
2026-05-21,1,18:00,00
2026-05-21,1,19:00,7
2026-05-21,2,08:30,2
2026-05-21,2,09:30,12
2026-05-21,2,10:30,0
2026-05-21,2,11:30,18
2026-05-21,2,12:30,7
2026-05-21,2,13:30,21
2026-05-21,2,14:30,13
2026-05-21,2,15:30,28
2026-05-21,2,16:30,34
2026-05-21,2,17:30,32
2026-05-21,2,18:30,35
2026-05-21,2,19:30,31
2026-05-21,3,08:00,5
2026-05-21,3,09:00,12
2026-05-21,3,10:00,5
2026-05-21,3,11:00,32
2026-05-21,3,12:00,1
2026-05-21,3,13:00,24
2026-05-21,3,14:00,35
2026-05-21,3,15:00,18
2026-05-21,3,16:00,20
2026-05-21,3,17:00,16
2026-05-21,3,18:00,11
2026-05-21,3,19:00,18
2026-05-21,3,20:00,32
2026-05-21,3,21:00,13
2026-05-22,1,08:00,33
2026-05-22,1,09:00,32
2026-05-22,1,10:00,3
2026-05-22,1,11:00,00
2026-05-22,1,12:00,27
2026-05-22,1,13:00,10
2026-05-22,1,14:00,20
2026-05-22,1,15:00,36
2026-05-22,1,16:00,35
2026-05-22,1,17:00,20
2026-05-22,1,18:00,12
2026-05-22,1,19:00,9
2026-05-22,2,08:30,29
2026-05-22,2,09:30,9
2026-05-22,2,10:30,18
2026-05-22,2,11:30,36
2026-05-22,2,12:30,0
2026-05-22,2,13:30,33
2026-05-22,2,14:30,1
2026-05-22,2,15:30,10
2026-05-22,2,16:30,12
2026-05-22,2,17:30,34
2026-05-22,2,18:30,19
2026-05-22,2,19:30,14
2026-05-22,3,08:00,23
2026-05-22,3,09:00,29
2026-05-22,3,10:00,3
2026-05-22,3,11:00,33
2026-05-22,3,12:00,10
2026-05-22,3,13:00,6
2026-05-22,3,14:00,19
2026-05-22,3,15:00,27
2026-05-22,3,16:00,33
2026-05-22,3,17:00,25
2026-05-22,3,18:00,2
2026-05-22,3,19:00,26
2026-05-22,3,20:00,11
2026-05-22,3,21:00,00
2026-05-23,1,08:00,7
2026-05-23,1,09:00,17
2026-05-23,1,10:00,33
2026-05-23,1,11:00,23
2026-05-23,1,12:00,29
2026-05-23,1,13:00,21
2026-05-23,1,14:00,6
2026-05-23,1,15:00,1
2026-05-23,1,16:00,22
2026-05-23,1,17:00,29
2026-05-23,1,18:00,14
2026-05-23,1,19:00,3
2026-05-23,2,08:30,25
2026-05-23,2,09:30,8
2026-05-23,2,10:30,13
2026-05-23,2,11:30,4
2026-05-23,2,12:30,34
2026-05-23,2,13:30,10
2026-05-23,2,14:30,00
2026-05-23,2,15:30,3
2026-05-23,2,16:30,16
2026-05-23,2,17:30,35
2026-05-23,2,18:30,21
2026-05-23,2,19:30,19
2026-05-23,3,08:00,15
2026-05-23,3,09:00,0
2026-05-23,3,10:00,10
2026-05-23,3,11:00,7
2026-05-23,3,12:00,2
2026-05-23,3,13:00,32
2026-05-23,3,14:00,32
2026-05-23,3,15:00,6
2026-05-23,3,16:00,4
2026-05-23,3,17:00,8
2026-05-23,3,18:00,18
2026-05-23,3,19:00,25
2026-05-23,3,20:00,14
2026-05-23,3,21:00,31
2026-05-24,1,08:00,1
2026-05-24,1,09:00,14
2026-05-24,1,10:00,36
2026-05-24,1,11:00,15
2026-05-24,1,12:00,11
2026-05-24,1,13:00,4
2026-05-24,1,14:00,23
2026-05-24,1,15:00,32
2026-05-24,1,16:00,0
2026-05-24,1,17:00,26
2026-05-24,1,18:00,21
2026-05-24,1,19:00,18
2026-05-24,2,08:30,3
2026-05-24,2,09:30,33
2026-05-24,2,10:30,6
2026-05-24,2,11:30,4
2026-05-24,2,12:30,24
2026-05-24,2,13:30,10
2026-05-24,2,14:30,25
2026-05-24,2,15:30,00
2026-05-24,2,16:30,1
2026-05-24,2,17:30,11
2026-05-24,2,18:30,9
2026-05-24,2,19:30,24
2026-05-24,3,08:00,16
2026-05-24,3,09:00,3
2026-05-24,3,10:00,24
2026-05-24,3,11:00,12
2026-05-24,3,12:00,23
2026-05-24,3,13:00,11
2026-05-24,3,14:00,25
2026-05-24,3,15:00,4
2026-05-24,3,16:00,2
2026-05-24,3,17:00,28
2026-05-24,3,18:00,6
2026-05-24,3,19:00,33
2026-05-24,3,20:00,28
2026-05-24,3,21:00,3
2026-05-25,1,08:00,3
2026-05-25,1,09:00,00
2026-05-25,1,10:00,14
2026-05-25,1,11:00,19
2026-05-25,1,12:00,11
2026-05-25,1,13:00,33
2026-05-25,1,14:00,10
2026-05-25,1,15:00,15
2026-05-25,1,16:00,29
2026-05-25,1,17:00,17
2026-05-25,1,18:00,20
2026-05-25,1,19:00,15
2026-05-25,2,08:30,29
2026-05-25,2,09:30,30
2026-05-25,2,10:30,35
2026-05-25,2,11:30,26
2026-05-25,2,12:30,6
2026-05-25,2,13:30,21
2026-05-25,2,14:30,14
2026-05-25,2,15:30,20
2026-05-25,2,16:30,4
2026-05-25,2,17:30,13
2026-05-25,2,18:30,11
2026-05-25,2,19:30,19
2026-05-25,3,08:00,00
2026-05-25,3,09:00,28
2026-05-25,3,10:00,3
2026-05-25,3,11:00,15
2026-05-25,3,12:00,13
2026-05-25,3,13:00,32
2026-05-25,3,14:00,0
2026-05-25,3,15:00,5
2026-05-25,3,16:00,26
2026-05-25,3,17:00,18
2026-05-25,3,18:00,22
2026-05-25,3,19:00,14
2026-05-25,3,20:00,11
2026-05-25,3,21:00,36
2026-05-26,1,08:00,31
2026-05-26,1,09:00,35
2026-05-26,1,10:00,19
2026-05-26,1,11:00,26
2026-05-26,1,12:00,33
2026-05-26,1,13:00,2
2026-05-26,1,14:00,4
2026-05-26,1,15:00,17
2026-05-26,1,16:00,6
2026-05-26,1,17:00,7
2026-05-26,1,18:00,15
2026-05-26,1,19:00,11
2026-05-26,2,08:30,10
2026-05-26,2,09:30,2
2026-05-26,2,10:30,11
2026-05-26,2,11:30,22
2026-05-26,2,12:30,7
2026-05-26,2,13:30,6
2026-05-26,2,14:30,3
2026-05-26,2,15:30,18
2026-05-26,2,16:30,17
2026-05-26,2,17:30,1
2026-05-26,2,18:30,35
2026-05-26,2,19:30,16
2026-05-26,3,08:00,35
2026-05-26,3,09:00,18
2026-05-26,3,10:00,28
2026-05-26,3,11:00,3
2026-05-26,3,12:00,0
2026-05-26,3,13:00,2
2026-05-26,3,14:00,11
2026-05-26,3,15:00,24
2026-05-26,3,16:00,17
2026-05-26,3,17:00,34
2026-05-26,3,18:00,17
2026-05-26,3,19:00,5
2026-05-26,3,20:00,34
2026-05-26,3,21:00,35
2026-05-27,1,08:00,17
2026-05-27,1,09:00,36
2026-05-27,1,10:00,11
2026-05-27,1,11:00,20
2026-05-27,1,12:00,2
2026-05-27,1,13:00,12
2026-05-27,1,14:00,0
2026-05-27,1,15:00,16
2026-05-27,1,16:00,33
2026-05-27,1,17:00,34
2026-05-27,1,18:00,31
2026-05-27,1,19:00,23
2026-05-27,2,08:30,00
2026-05-27,2,09:30,31
2026-05-27,2,10:30,9
2026-05-27,2,11:30,6
2026-05-27,2,12:30,00
2026-05-27,2,13:30,28
2026-05-27,2,14:30,21
2026-05-27,2,15:30,4
2026-05-27,2,16:30,20
2026-05-27,2,17:30,36
2026-05-27,2,18:30,10
2026-05-27,2,19:30,0
2026-05-27,3,08:00,3
2026-05-27,3,09:00,4
2026-05-27,3,10:00,30
2026-05-27,3,11:00,0
2026-05-27,3,12:00,35
2026-05-27,3,13:00,14
2026-05-27,3,14:00,34
2026-05-27,3,15:00,22
2026-05-27,3,16:00,30
2026-05-27,3,17:00,7
2026-05-27,3,18:00,3
2026-05-27,3,19:00,26
2026-05-27,3,20:00,25
2026-05-27,3,21:00,23
2026-05-28,1,08:00,6
2026-05-28,1,09:00,2
2026-05-28,1,10:00,7
2026-05-28,1,11:00,35
2026-05-28,1,12:00,9
2026-05-28,1,13:00,6
2026-05-28,1,14:00,30
2026-05-28,1,15:00,3
2026-05-28,1,16:00,31
2026-05-28,1,17:00,0
2026-05-28,1,18:00,30
2026-05-28,1,19:00,28
2026-05-28,2,08:30,28
2026-05-28,2,09:30,25
2026-05-28,2,10:30,31
2026-05-28,2,11:30,1
2026-05-28,2,12:30,17
2026-05-28,2,13:30,20
2026-05-28,2,14:30,15
2026-05-28,2,15:30,7
2026-05-28,2,16:30,10
2026-05-28,2,17:30,8
2026-05-28,2,18:30,2
2026-05-28,2,19:30,17
2026-05-28,3,08:00,25
2026-05-28,3,09:00,34
2026-05-28,3,10:00,6
2026-05-28,3,11:00,6
2026-05-28,3,12:00,36
2026-05-28,3,13:00,34
2026-05-28,3,14:00,28
2026-05-28,3,15:00,35
2026-05-28,3,16:00,13
2026-05-28,3,17:00,29
2026-05-28,3,18:00,16
2026-05-28,3,19:00,2
2026-05-28,3,20:00,28
2026-05-28,3,21:00,3
2026-05-29,1,08:00,19
2026-05-29,1,09:00,31
2026-05-29,1,10:00,20
2026-05-29,1,11:00,36
2026-05-29,1,12:00,16
2026-05-29,1,13:00,3
2026-05-29,1,14:00,22
2026-05-29,1,15:00,18
2026-05-29,1,16:00,15
2026-05-29,1,17:00,1
2026-05-29,1,18:00,15
2026-05-29,1,19:00,8
2026-05-29,2,08:30,33
2026-05-29,2,09:30,24
2026-05-29,2,10:30,3
2026-05-29,2,11:30,14
2026-05-29,2,12:30,31
2026-05-29,2,13:30,30
2026-05-29,2,14:30,36
2026-05-29,2,15:30,21
2026-05-29,2,16:30,23
2026-05-29,2,17:30,22
2026-05-29,2,18:30,32
2026-05-29,2,19:30,0
2026-05-29,3,08:00,4
2026-05-29,3,09:00,10
2026-05-29,3,10:00,35
2026-05-29,3,11:00,24
2026-05-29,3,12:00,2
2026-05-29,3,13:00,10
2026-05-29,3,14:00,29
2026-05-29,3,15:00,31
2026-05-29,3,16:00,10
2026-05-29,3,17:00,12
2026-05-29,3,18:00,15
2026-05-29,3,19:00,00
2026-05-29,3,20:00,12
2026-05-29,3,21:00,33
2026-05-30,1,08:00,22
2026-05-30,1,09:00,4
2026-05-30,1,10:00,23
2026-05-30,1,11:00,15
2026-05-30,1,12:00,2
2026-05-30,1,13:00,16
2026-05-30,1,14:00,9
2026-05-30,1,15:00,7
2026-05-30,1,16:00,18
2026-05-30,1,17:00,21
2026-05-30,1,18:00,2
2026-05-30,1,19:00,0
2026-05-30,2,08:30,5
2026-05-30,2,09:30,10
2026-05-30,2,10:30,22
2026-05-30,2,11:30,8
2026-05-30,2,12:30,12
2026-05-30,2,13:30,1
2026-05-30,2,14:30,23
2026-05-30,2,15:30,2
2026-05-30,2,16:30,28
2026-05-30,2,17:30,27
2026-05-30,2,18:30,6
2026-05-30,2,19:30,3
2026-05-30,3,08:00,35
2026-05-30,3,09:00,8
2026-05-30,3,10:00,18
2026-05-30,3,11:00,9
2026-05-30,3,12:00,13
2026-05-30,3,13:00,2
2026-05-30,3,14:00,16
2026-05-30,3,15:00,13
2026-05-30,3,16:00,32
2026-05-30,3,17:00,27
2026-05-30,3,18:00,12
2026-05-30,3,19:00,30
2026-05-30,3,20:00,32
2026-05-30,3,21:00,13
2026-05-31,1,08:00,27
2026-05-31,1,09:00,5
2026-05-31,1,10:00,10
2026-05-31,1,11:00,11
2026-05-31,1,12:00,23
2026-05-31,1,13:00,20
2026-05-31,1,14:00,0
2026-05-31,1,15:00,22
2026-05-31,1,16:00,26
2026-05-31,1,17:00,18
2026-05-31,1,18:00,13
2026-05-31,1,19:00,27
2026-05-31,2,08:30,30
2026-05-31,2,09:30,11
2026-05-31,2,10:30,8
2026-05-31,2,11:30,18
2026-05-31,2,12:30,16
2026-05-31,2,13:30,5
2026-05-31,2,14:30,17
2026-05-31,2,15:30,33
2026-05-31,2,16:30,14
2026-05-31,2,17:30,00
2026-05-31,2,18:30,2
2026-05-31,2,19:30,24
2026-05-31,3,08:00,22
2026-05-31,3,09:00,00
2026-05-31,3,10:00,1
2026-05-31,3,11:00,0
2026-05-31,3,12:00,32
2026-05-31,3,13:00,21
2026-05-31,3,14:00,11
2026-05-31,3,15:00,15
2026-05-31,3,16:00,6
2026-05-31,3,17:00,00
2026-05-31,3,18:00,12
2026-05-31,3,19:00,7
2026-05-31,3,20:00,5
2026-05-31,3,21:00,36
2026-06-01,1,08:00,16
2026-06-01,1,09:00,23
2026-06-01,1,10:00,3
2026-06-01,1,11:00,2
2026-06-01,1,12:00,6
2026-06-01,1,13:00,29
2026-06-01,1,14:00,11
2026-06-01,1,15:00,19
2026-06-01,1,16:00,0
2026-06-01,1,17:00,31
2026-06-01,1,18:00,36
2026-06-01,1,19:00,12
2026-06-01,2,08:30,9
2026-06-01,2,09:30,21
2026-06-01,2,10:30,24
2026-06-01,2,11:30,32
2026-06-01,2,12:30,35
2026-06-01,2,13:30,7
2026-06-01,2,14:30,33
2026-06-01,2,15:30,0
2026-06-01,2,16:30,10
2026-06-01,2,17:30,13
2026-06-01,2,18:30,27
2026-06-01,2,19:30,34
2026-06-01,3,08:00,13
2026-06-01,3,09:00,14
2026-06-01,3,10:00,26
2026-06-01,3,11:00,27
2026-06-01,3,12:00,10
2026-06-01,3,13:00,2
2026-06-01,3,14:00,26
2026-06-01,3,15:00,25
2026-06-01,3,16:00,32
2026-06-01,3,17:00,22
2026-06-01,3,18:00,34
2026-06-01,3,19:00,8
2026-06-01,3,20:00,34
2026-06-01,3,21:00,36
2026-06-02,1,08:00,0
2026-06-02,1,09:00,21
2026-06-02,1,10:00,12
2026-06-02,1,11:00,13
2026-06-02,1,12:00,14
2026-06-02,1,13:00,18
2026-06-02,1,14:00,15
2026-06-02,1,15:00,8
2026-06-02,1,16:00,2
2026-06-02,1,17:00,18
2026-06-02,1,18:00,33
2026-06-02,1,19:00,10
2026-06-02,2,08:30,2
2026-06-02,2,09:30,7
2026-06-02,2,10:30,1
2026-06-02,2,11:30,33
2026-06-02,2,12:30,25
2026-06-02,2,13:30,19
2026-06-02,2,14:30,18
2026-06-02,2,15:30,5
2026-06-02,2,16:30,11
2026-06-02,2,17:30,7
2026-06-02,2,18:30,28
2026-06-02,2,19:30,24
2026-06-02,3,08:00,4
2026-06-02,3,09:00,35
2026-06-02,3,10:00,12
2026-06-02,3,11:00,4
2026-06-02,3,12:00,14
2026-06-02,3,13:00,31
2026-06-02,3,14:00,21
2026-06-02,3,15:00,2
2026-06-02,3,16:00,36
2026-06-02,3,17:00,23
2026-06-02,3,18:00,33
2026-06-02,3,19:00,5
2026-06-02,3,20:00,13
2026-06-02,3,21:00,17
2026-06-03,1,08:00,15
2026-06-03,1,09:00,36
2026-06-03,1,10:00,22
2026-06-03,1,11:00,21
2026-06-03,1,12:00,21
2026-06-03,1,13:00,3
2026-06-03,1,14:00,5
2026-06-03,1,15:00,32
2026-06-03,1,16:00,24
2026-06-03,1,17:00,16
2026-06-03,1,18:00,14
2026-06-03,1,19:00,20
2026-06-03,2,08:30,9
2026-06-03,2,09:30,34
2026-06-03,2,10:30,6
2026-06-03,2,11:30,30
2026-06-03,2,12:30,5
2026-06-03,2,13:30,8
2026-06-03,2,14:30,00
2026-06-03,2,15:30,3
2026-06-03,2,16:30,1
2026-06-03,2,17:30,29
2026-06-03,2,18:30,24
2026-06-03,2,19:30,4
2026-06-03,3,08:00,23
2026-06-03,3,09:00,13
2026-06-03,3,10:00,31
2026-06-03,3,11:00,19
2026-06-03,3,12:00,3
2026-06-03,3,13:00,17
2026-06-03,3,14:00,11
2026-06-03,3,15:00,21
2026-06-03,3,16:00,27
2026-06-03,3,17:00,6
2026-06-03,3,18:00,9
2026-06-03,3,19:00,16
2026-06-03,3,20:00,3
2026-06-03,3,21:00,11
2026-06-04,1,08:00,29
2026-06-04,1,09:00,8
2026-06-04,1,10:00,28
2026-06-04,1,11:00,8
2026-06-04,1,12:00,27
2026-06-04,1,13:00,22
2026-06-04,1,14:00,2
2026-06-04,1,15:00,18
2026-06-04,1,16:00,3
2026-06-04,1,17:00,30
2026-06-04,1,18:00,13
2026-06-04,1,19:00,11
2026-06-04,2,08:30,26
2026-06-04,2,09:30,20
2026-06-04,2,10:30,9
2026-06-04,2,11:30,2
2026-06-04,2,12:30,24
2026-06-04,2,13:30,21
2026-06-04,2,14:30,7
2026-06-04,2,15:30,34
2026-06-04,2,16:30,29
2026-06-04,2,17:30,00
2026-06-04,2,18:30,27
2026-06-04,2,19:30,27
2026-06-04,3,08:00,2
2026-06-04,3,09:00,0
2026-06-04,3,10:00,13
2026-06-04,3,11:00,35
2026-06-04,3,12:00,8
2026-06-04,3,13:00,4
2026-06-04,3,14:00,2
2026-06-04,3,15:00,35
2026-06-04,3,16:00,27
2026-06-04,3,17:00,29
2026-06-04,3,18:00,1
2026-06-04,3,19:00,3
2026-06-04,3,20:00,11
2026-06-04,3,21:00,28
2026-06-05,1,08:00,13
2026-06-05,1,09:00,15
2026-06-05,1,10:00,22
2026-06-05,1,11:00,5
2026-06-05,1,12:00,29
2026-06-05,1,13:00,7
2026-06-05,1,14:00,00
2026-06-05,1,15:00,18
2026-06-05,1,16:00,32
2026-06-05,1,17:00,21
2026-06-05,1,18:00,29
2026-06-05,1,19:00,3
2026-06-05,2,08:30,0
2026-06-05,2,09:30,4
2026-06-05,2,10:30,25
2026-06-05,2,11:30,35
2026-06-05,2,12:30,32
2026-06-05,2,13:30,9
2026-06-05,2,14:30,36
2026-06-05,2,15:30,00
2026-06-05,2,16:30,15
2026-06-05,2,17:30,19
2026-06-05,2,18:30,28
2026-06-05,2,19:30,20
2026-06-05,3,08:00,10
2026-06-05,3,09:00,22
2026-06-05,3,10:00,22
2026-06-05,3,11:00,23
2026-06-05,3,12:00,35
2026-06-05,3,13:00,23
2026-06-05,3,14:00,4
2026-06-05,3,15:00,3
2026-06-05,3,16:00,28
2026-06-05,3,17:00,10
2026-06-05,3,18:00,9
2026-06-05,3,19:00,2
2026-06-05,3,20:00,36
2026-06-05,3,21:00,26
2026-06-06,1,08:00,28
2026-06-06,1,09:00,5
2026-06-06,1,10:00,17
2026-06-06,1,11:00,13
2026-06-06,1,12:00,31
2026-06-06,1,13:00,25
2026-06-06,1,14:00,19
2026-06-06,1,15:00,33
2026-06-06,1,16:00,28
2026-06-06,1,17:00,35
2026-06-06,1,18:00,20
2026-06-06,1,19:00,11
2026-06-06,2,08:30,35
2026-06-06,2,09:30,23
2026-06-06,2,10:30,0
2026-06-06,2,11:30,12
2026-06-06,2,12:30,22
2026-06-06,2,13:30,2
2026-06-06,2,14:30,13
2026-06-06,2,15:30,34
2026-06-06,2,16:30,5
2026-06-06,2,17:30,25
2026-06-06,2,18:30,27
2026-06-06,2,19:30,33
2026-06-06,3,08:00,00
2026-06-06,3,09:00,5
2026-06-06,3,10:00,14
2026-06-06,3,11:00,20
2026-06-06,3,12:00,34
2026-06-06,3,13:00,0
2026-06-06,3,14:00,13
2026-06-06,3,15:00,8
2026-06-06,3,16:00,12
2026-06-06,3,17:00,26
2026-06-06,3,18:00,31
2026-06-06,3,19:00,22
2026-06-06,3,20:00,5
2026-06-06,3,21:00,11
2026-06-07,1,08:00,00
2026-06-07,1,09:00,20
2026-06-07,1,10:00,25
2026-06-07,1,11:00,16
2026-06-07,1,12:00,18
2026-06-07,1,13:00,1
2026-06-07,1,14:00,35
2026-06-07,1,15:00,28
2026-06-07,1,16:00,34
2026-06-07,1,17:00,2
2026-06-07,1,18:00,12
2026-06-07,1,19:00,32
2026-06-07,2,08:30,19
2026-06-07,2,09:30,34
2026-06-07,2,10:30,1
2026-06-07,2,11:30,0
2026-06-07,2,12:30,00
2026-06-07,2,13:30,23
2026-06-07,2,14:30,21
2026-06-07,2,15:30,14
2026-06-07,2,16:30,17
2026-06-07,2,17:30,5
2026-06-07,2,18:30,8
2026-06-07,2,19:30,29
2026-06-07,3,08:00,11
2026-06-07,3,09:00,8
2026-06-07,3,10:00,30
2026-06-07,3,11:00,30
2026-06-07,3,12:00,19
2026-06-07,3,13:00,25
2026-06-07,3,14:00,3
2026-06-07,3,15:00,9
2026-06-07,3,16:00,13
2026-06-07,3,17:00,7
2026-06-07,3,18:00,2
2026-06-07,3,19:00,22
2026-06-07,3,20:00,15
2026-06-07,3,21:00,00
2026-06-08,1,08:00,13
2026-06-08,1,09:00,25
2026-06-08,1,10:00,25
2026-06-08,1,11:00,3
2026-06-08,1,12:00,11
2026-06-08,1,13:00,23
2026-06-08,1,14:00,7
2026-06-08,1,15:00,22
2026-06-08,1,16:00,31
2026-06-08,1,17:00,10
2026-06-08,1,18:00,33
2026-06-08,1,19:00,2
2026-06-08,2,08:30,16
2026-06-08,2,09:30,35
2026-06-08,2,10:30,22
2026-06-08,2,11:30,13
2026-06-08,2,12:30,20
2026-06-08,2,13:30,27
2026-06-08,2,14:30,30
2026-06-08,2,15:30,23
2026-06-08,2,16:30,25
2026-06-08,2,17:30,2
2026-06-08,2,18:30,1
2026-06-08,2,19:30,15
2026-06-08,3,08:00,9
2026-06-08,3,09:00,2
2026-06-08,3,10:00,4
2026-06-08,3,11:00,2
2026-06-08,3,12:00,16
2026-06-08,3,13:00,5
2026-06-08,3,14:00,34
2026-06-08,3,15:00,24
2026-06-08,3,16:00,10
2026-06-08,3,17:00,16
2026-06-08,3,18:00,1
2026-06-08,3,19:00,13
2026-06-08,3,20:00,33
2026-06-08,3,21:00,33
2026-06-09,1,08:00,00
2026-06-09,1,09:00,13
2026-06-09,1,10:00,5
2026-06-09,1,11:00,3
2026-06-09,1,12:00,9
2026-06-09,1,13:00,23
2026-06-09,1,14:00,35
2026-06-09,1,15:00,2
2026-06-09,1,16:00,15
2026-06-09,1,17:00,0
2026-06-09,1,18:00,11
2026-06-09,1,19:00,17
2026-06-09,2,08:30,8
2026-06-09,2,09:30,9
2026-06-09,2,10:30,1
2026-06-09,2,11:30,19
2026-06-09,2,12:30,35
2026-06-09,2,13:30,6
2026-06-09,2,14:30,15
2026-06-09,2,15:30,31
2026-06-09,2,16:30,26
2026-06-09,2,17:30,3
2026-06-09,2,18:30,23
2026-06-09,2,19:30,24
2026-06-09,3,08:00,17
2026-06-09,3,09:00,11
2026-06-09,3,10:00,16
2026-06-09,3,11:00,3
2026-06-09,3,12:00,30
2026-06-09,3,13:00,29
2026-06-09,3,14:00,15
2026-06-09,3,15:00,10
2026-06-09,3,16:00,12
2026-06-09,3,17:00,11
2026-06-09,3,18:00,15
2026-06-09,3,19:00,13
2026-06-09,3,20:00,28
2026-06-09,3,21:00,6
2026-06-10,1,08:00,15
2026-06-10,1,09:00,25
2026-06-10,1,10:00,23
2026-06-10,1,11:00,29
2026-06-10,1,12:00,10
2026-06-10,1,13:00,13
2026-06-10,1,14:00,00
2026-06-10,1,15:00,17
2026-06-10,1,16:00,8
2026-06-10,1,17:00,33
2026-06-10,1,18:00,32
2026-06-10,1,19:00,32
2026-06-10,2,08:30,16
2026-06-10,2,09:30,6
2026-06-10,2,10:30,30
2026-06-10,2,11:30,0
2026-06-10,2,12:30,24
2026-06-10,2,13:30,2
2026-06-10,2,14:30,22
2026-06-10,2,15:30,19
2026-06-10,2,16:30,18
2026-06-10,2,17:30,35
2026-06-10,2,18:30,7
2026-06-10,2,19:30,17
2026-06-10,3,08:00,6
2026-06-10,3,09:00,32
2026-06-10,3,10:00,14
2026-06-10,3,11:00,25
2026-06-10,3,12:00,21
2026-06-10,3,13:00,3
2026-06-10,3,14:00,12
2026-06-10,3,15:00,20
2026-06-10,3,16:00,4
2026-06-10,3,17:00,27
2026-06-10,3,18:00,5
2026-06-10,3,19:00,12
2026-06-10,3,20:00,6
2026-06-10,3,21:00,3
2026-06-11,1,08:00,0
2026-06-11,1,09:00,34
2026-06-11,1,10:00,33
2026-06-11,1,11:00,27
2026-06-11,1,12:00,34
2026-06-11,1,13:00,2
2026-06-11,1,14:00,9
2026-06-11,1,15:00,29
2026-06-11,1,16:00,20
2026-06-11,1,17:00,13
2026-06-11,1,18:00,20
2026-06-11,1,19:00,25
2026-06-11,2,08:30,4
2026-06-11,2,09:30,3
2026-06-11,2,10:30,25
2026-06-11,2,11:30,13
2026-06-11,2,12:30,28
2026-06-11,2,13:30,4
2026-06-11,2,14:30,12
2026-06-11,2,15:30,7
2026-06-11,2,16:30,11
2026-06-11,2,17:30,1
2026-06-11,2,18:30,9
2026-06-11,2,19:30,15
2026-06-11,3,08:00,23
2026-06-11,3,09:00,30
2026-06-11,3,10:00,8
2026-06-11,3,11:00,16
2026-06-11,3,12:00,33
2026-06-11,3,13:00,36
2026-06-11,3,14:00,36
2026-06-11,3,15:00,18
2026-06-11,3,16:00,14
2026-06-11,3,17:00,7
2026-06-11,3,18:00,35
2026-06-11,3,19:00,32
2026-06-11,3,20:00,16
2026-06-11,3,21:00,23
2026-06-12,1,08:00,10
2026-06-12,1,09:00,32
2026-06-12,1,10:00,4
2026-06-12,1,11:00,00
2026-06-12,1,12:00,22
2026-06-12,1,13:00,19
2026-06-12,1,14:00,35
2026-06-12,1,15:00,30
2026-06-12,1,16:00,28
2026-06-12,1,17:00,20
2026-06-12,1,18:00,16
2026-06-12,1,19:00,00
2026-06-12,2,08:30,12
2026-06-12,2,09:30,24
2026-06-12,2,10:30,1
2026-06-12,2,11:30,11
2026-06-12,2,12:30,27
2026-06-12,2,13:30,15
2026-06-12,2,14:30,3
2026-06-12,2,15:30,00
2026-06-12,2,16:30,7
2026-06-12,2,17:30,34
2026-06-12,2,18:30,3
2026-06-12,2,19:30,21
2026-06-12,3,08:00,12
2026-06-12,3,09:00,11
2026-06-12,3,10:00,0
2026-06-12,3,11:00,00
2026-06-12,3,12:00,17
2026-06-12,3,13:00,24
2026-06-12,3,14:00,3
2026-06-12,3,15:00,36
2026-06-12,3,16:00,31
2026-06-12,3,17:00,27
2026-06-12,3,18:00,18
2026-06-12,3,19:00,5
2026-06-12,3,20:00,33
2026-06-12,3,21:00,12
2026-06-13,1,08:00,19
2026-06-13,1,09:00,25
2026-06-13,1,10:00,9
2026-06-13,1,11:00,16
2026-06-13,1,12:00,14
2026-06-13,1,13:00,22
2026-06-13,1,14:00,8
2026-06-13,1,15:00,5
2026-06-13,1,16:00,15
2026-06-13,1,17:00,6
2026-06-13,1,18:00,0
2026-06-13,1,19:00,3
2026-06-13,2,08:30,36
2026-06-13,2,09:30,22
2026-06-13,2,10:30,7
2026-06-13,2,11:30,23
2026-06-13,2,12:30,5
2026-06-13,2,13:30,31
2026-06-13,2,14:30,19
2026-06-13,2,15:30,16
2026-06-13,2,16:30,28
2026-06-13,2,17:30,25
2026-06-13,2,18:30,24
2026-06-13,2,19:30,26
2026-06-13,3,08:00,31
2026-06-13,3,09:00,15
2026-06-13,3,10:00,36
2026-06-13,3,11:00,20
2026-06-13,3,12:00,14
2026-06-13,3,13:00,2
2026-06-13,3,14:00,0
2026-06-13,3,15:00,16
2026-06-13,3,16:00,15
2026-06-13,3,17:00,32
2026-06-13,3,18:00,33
2026-06-13,3,19:00,28
2026-06-13,3,20:00,00
2026-06-13,3,21:00,27
2026-06-14,1,08:00,35
2026-06-14,1,09:00,19
2026-06-14,1,10:00,5
2026-06-14,1,11:00,36
2026-06-14,1,12:00,8
2026-06-14,1,13:00,30
2026-06-14,1,14:00,34
2026-06-14,1,15:00,4
2026-06-14,1,16:00,31
2026-06-14,1,17:00,20
2026-06-14,1,18:00,25
2026-06-14,1,19:00,8
2026-06-14,2,08:30,3
2026-06-14,2,09:30,14
2026-06-14,2,10:30,13
2026-06-14,2,11:30,16
2026-06-14,2,12:30,27
2026-06-14,2,13:30,31
2026-06-14,2,14:30,5
2026-06-14,2,15:30,24
2026-06-14,2,16:30,23
2026-06-14,2,17:30,9
2026-06-14,2,18:30,26
2026-06-14,2,19:30,12
2026-06-14,3,08:00,29
2026-06-14,3,09:00,23
2026-06-14,3,10:00,35
2026-06-14,3,11:00,17
2026-06-14,3,12:00,3
2026-06-14,3,13:00,16
2026-06-14,3,14:00,20
2026-06-14,3,15:00,30
2026-06-14,3,16:00,25
2026-06-14,3,17:00,24
2026-06-14,3,18:00,23
2026-06-14,3,19:00,36
2026-06-14,3,20:00,1
2026-06-14,3,21:00,33
2026-06-15,1,08:00,22
2026-06-15,1,09:00,9
2026-06-15,1,10:00,35
2026-06-15,1,11:00,21
2026-06-15,1,12:00,32
2026-06-15,1,13:00,29
2026-06-15,1,14:00,34
2026-06-15,1,15:00,28
2026-06-15,1,16:00,31
2026-06-15,1,17:00,7
2026-06-15,1,18:00,24
2026-06-15,1,19:00,28
2026-06-15,2,08:30,20
2026-06-15,2,09:30,7
2026-06-15,2,10:30,8
2026-06-15,2,11:30,28
2026-06-15,2,12:30,30
2026-06-15,2,13:30,12
2026-06-15,2,14:30,21
2026-06-15,2,15:30,36
2026-06-15,2,16:30,19
2026-06-15,2,17:30,22
2026-06-15,2,18:30,34
2026-06-15,2,19:30,10
2026-06-15,3,08:00,3
2026-06-15,3,09:00,24
2026-06-15,3,10:00,34
2026-06-15,3,11:00,15
2026-06-15,3,12:00,36
2026-06-15,3,13:00,20
2026-06-15,3,14:00,18
2026-06-15,3,15:00,23
2026-06-15,3,16:00,26
2026-06-15,3,17:00,32
2026-06-15,3,18:00,32
2026-06-15,3,19:00,24
2026-06-15,3,20:00,4
2026-06-15,3,21:00,22
2026-06-16,1,08:00,25
2026-06-16,1,09:00,5
2026-06-16,1,10:00,10
2026-06-16,1,11:00,28
2026-06-16,1,12:00,35
2026-06-16,1,13:00,11
2026-06-16,1,14:00,4
2026-06-16,1,15:00,13
2026-06-16,1,16:00,33
2026-06-16,1,17:00,24
2026-06-16,1,18:00,13
2026-06-16,1,19:00,6
2026-06-16,2,08:30,18
2026-06-16,2,09:30,15
2026-06-16,2,10:30,22
2026-06-16,2,11:30,31
2026-06-16,2,12:30,7
2026-06-16,2,13:30,36
2026-06-16,2,14:30,23
2026-06-16,2,15:30,27
2026-06-16,2,16:30,20
2026-06-16,2,17:30,35
2026-06-16,2,18:30,4
2026-06-16,2,19:30,00
2026-06-16,3,08:00,1
2026-06-16,3,09:00,36
2026-06-16,3,10:00,5
2026-06-16,3,11:00,0
2026-06-16,3,12:00,22
2026-06-16,3,13:00,10
2026-06-16,3,14:00,18
2026-06-16,3,15:00,22
2026-06-16,3,16:00,11
2026-06-16,3,17:00,15
2026-06-16,3,18:00,26
2026-06-16,3,19:00,15
2026-06-16,3,20:00,29
2026-06-16,3,21:00,8
2026-06-17,1,08:00,6
2026-06-17,1,09:00,20
2026-06-17,1,10:00,34
2026-06-17,1,11:00,18
2026-06-17,1,12:00,20
2026-06-17,1,13:00,29
2026-06-17,1,14:00,4
2026-06-17,1,15:00,00
2026-06-17,1,16:00,10
2026-06-17,1,17:00,30
2026-06-17,1,18:00,22
2026-06-17,1,19:00,19
2026-06-17,2,08:30,32
2026-06-17,2,09:30,16
2026-06-17,2,10:30,19
2026-06-17,2,11:30,7
2026-06-17,2,12:30,14
2026-06-17,2,13:30,25
2026-06-17,2,14:30,27
2026-06-17,2,15:30,2
2026-06-17,2,16:30,21
2026-06-17,2,17:30,4
2026-06-17,2,18:30,18
2026-06-17,2,19:30,0
2026-06-17,3,08:00,11
2026-06-17,3,09:00,27
2026-06-17,3,10:00,12
2026-06-17,3,11:00,30
2026-06-17,3,12:00,10
2026-06-17,3,13:00,2
2026-06-17,3,14:00,00
2026-06-17,3,15:00,16
2026-06-17,3,16:00,17
2026-06-17,3,17:00,7
2026-06-17,3,18:00,36
2026-06-17,3,19:00,18
2026-06-17,3,20:00,00
2026-06-17,3,21:00,26
2026-06-18,1,08:00,3
2026-06-18,1,09:00,26
2026-06-18,1,10:00,2
2026-06-18,1,11:00,3
2026-06-18,1,12:00,11
2026-06-18,1,13:00,20
2026-06-18,1,14:00,5
2026-06-18,1,15:00,12
2026-06-18,1,16:00,19
2026-06-18,1,17:00,28
2026-06-18,1,18:00,12
2026-06-18,1,19:00,14
2026-06-18,2,08:30,33
2026-06-18,2,09:30,16
2026-06-18,2,10:30,22
2026-06-18,2,11:30,21
2026-06-18,2,12:30,25
2026-06-18,2,13:30,2
2026-06-18,2,14:30,7
2026-06-18,2,15:30,14
2026-06-18,2,16:30,31
2026-06-18,2,17:30,30
2026-06-18,2,18:30,13
2026-06-18,2,19:30,28
2026-06-18,3,08:00,31
2026-06-18,3,09:00,35
2026-06-18,3,10:00,1
2026-06-18,3,11:00,13
2026-06-18,3,12:00,27
2026-06-18,3,13:00,36
2026-06-18,3,14:00,00
2026-06-18,3,15:00,30
2026-06-18,3,16:00,1
2026-06-18,3,17:00,2
2026-06-18,3,18:00,9
2026-06-18,3,19:00,33
2026-06-18,3,20:00,3
2026-06-18,3,21:00,16
2026-06-19,1,08:00,5
2026-06-19,1,09:00,0
2026-06-19,1,10:00,4
2026-06-19,1,11:00,11
2026-06-19,1,12:00,6
2026-06-19,1,13:00,28
2026-06-19,1,14:00,32
2026-06-19,1,15:00,2
2026-06-19,1,16:00,1
2026-06-19,1,17:00,14
2026-06-19,1,18:00,19
2026-06-19,1,19:00,32
2026-06-19,2,08:30,15
2026-06-19,2,09:30,18
2026-06-19,2,10:30,27
2026-06-19,2,11:30,11
2026-06-19,2,12:30,22
2026-06-19,2,13:30,1
2026-06-19,2,14:30,5
2026-06-19,2,15:30,33
2026-06-19,2,16:30,6
2026-06-19,2,17:30,35
2026-06-19,2,18:30,30
2026-06-19,2,19:30,24
2026-06-19,3,08:00,26
2026-06-19,3,09:00,5
2026-06-19,3,10:00,26
2026-06-19,3,11:00,25
2026-06-19,3,12:00,2
2026-06-19,3,13:00,00
2026-06-19,3,14:00,10
2026-06-19,3,15:00,23
2026-06-19,3,16:00,5
2026-06-19,3,17:00,31
2026-06-19,3,18:00,10
2026-06-19,3,19:00,14
2026-06-19,3,20:00,11
2026-06-19,3,21:00,25
2026-06-20,1,08:00,6
2026-06-20,1,09:00,16
2026-06-20,1,10:00,35
2026-06-20,1,11:00,10
2026-06-20,1,12:00,14
2026-06-20,1,13:00,33
2026-06-20,1,14:00,15
2026-06-20,1,15:00,30
2026-06-20,1,16:00,00
2026-06-20,1,17:00,5
2026-06-20,1,18:00,26
2026-06-20,1,19:00,11
2026-06-20,2,08:30,0
2026-06-20,2,09:30,25
2026-06-20,2,10:30,28
2026-06-20,2,11:30,9
2026-06-20,2,12:30,21
2026-06-20,2,13:30,32
2026-06-20,2,14:30,27
2026-06-20,2,15:30,14
2026-06-20,2,16:30,29
2026-06-20,2,17:30,33
2026-06-20,2,18:30,25
2026-06-20,2,19:30,13
2026-06-20,3,08:00,20
2026-06-20,3,09:00,36
2026-06-20,3,10:00,9
2026-06-20,3,11:00,25
2026-06-20,3,12:00,7
2026-06-20,3,13:00,00
2026-06-20,3,14:00,20
2026-06-20,3,15:00,12
2026-06-20,3,16:00,35
2026-06-20,3,17:00,22
2026-06-20,3,18:00,28
2026-06-20,3,19:00,19
2026-06-20,3,20:00,3
2026-06-20,3,21:00,34
2026-06-21,1,08:00,17
2026-06-21,1,09:00,29
2026-06-21,1,10:00,33
2026-06-21,1,11:00,16
2026-06-21,1,12:00,0
2026-06-21,1,13:00,20
2026-06-21,1,14:00,00
2026-06-21,1,15:00,31
2026-06-21,1,16:00,30
2026-06-21,1,17:00,25
2026-06-21,1,18:00,0
2026-06-21,1,19:00,36
2026-06-21,2,08:30,35
2026-06-21,2,09:30,00
2026-06-21,2,10:30,18
2026-06-21,2,11:30,11
2026-06-21,2,12:30,26
2026-06-21,2,13:30,3
2026-06-21,2,14:30,17
2026-06-21,2,15:30,16
2026-06-21,2,16:30,24
2026-06-21,2,17:30,1
2026-06-21,2,18:30,23
2026-06-21,2,19:30,28
2026-06-21,3,08:00,20
2026-06-21,3,09:00,36
2026-06-21,3,10:00,35
2026-06-21,3,11:00,2
2026-06-21,3,12:00,26
2026-06-21,3,13:00,10
2026-06-21,3,14:00,00
2026-06-21,3,15:00,0
2026-06-21,3,16:00,11
2026-06-21,3,17:00,3
2026-06-21,3,18:00,4
2026-06-21,3,19:00,28
2026-06-21,3,20:00,21
2026-06-21,3,21:00,28
2026-06-22,1,08:00,17
2026-06-22,1,09:00,1
2026-06-22,1,10:00,11
2026-06-22,1,11:00,23
2026-06-22,1,12:00,19
2026-06-22,1,13:00,5
2026-06-22,1,14:00,36
2026-06-22,1,15:00,15
2026-06-22,1,16:00,12
2026-06-22,1,17:00,29
2026-06-22,1,18:00,12
2026-06-22,1,19:00,33
2026-06-22,2,08:30,5
2026-06-22,2,09:30,25
2026-06-22,2,10:30,3
2026-06-22,2,11:30,30
2026-06-22,2,12:30,14
2026-06-22,2,13:30,9
2026-06-22,2,14:30,21
2026-06-22,2,15:30,23
2026-06-22,2,16:30,10
2026-06-22,2,17:30,24
2026-06-22,2,18:30,11
2026-06-22,2,19:30,4
2026-06-22,3,08:00,16
2026-06-22,3,09:00,12
2026-06-22,3,10:00,7
2026-06-22,3,11:00,20
2026-06-22,3,12:00,9
2026-06-22,3,13:00,9
2026-06-22,3,14:00,3
2026-06-22,3,15:00,12
2026-06-22,3,16:00,15
2026-06-22,3,17:00,27
2026-06-22,3,18:00,11
2026-06-22,3,19:00,00
2026-06-22,3,20:00,17
2026-06-22,3,21:00,30
2026-06-23,1,08:00,1
2026-06-23,1,09:00,28
2026-06-23,1,10:00,20
2026-06-23,1,11:00,13
2026-06-23,1,12:00,7
2026-06-23,1,13:00,4
2026-06-23,1,14:00,26
2026-06-23,1,15:00,33
2026-06-23,1,16:00,14
2026-06-23,1,17:00,35
2026-06-23,1,18:00,30
2026-06-23,1,19:00,8
2026-06-23,2,08:30,33
2026-06-23,2,09:30,00
2026-06-23,2,10:30,4
2026-06-23,2,11:30,34
2026-06-23,2,12:30,3
2026-06-23,2,13:30,11
2026-06-23,2,14:30,12
2026-06-23,2,15:30,6
2026-06-23,2,16:30,2
2026-06-23,2,17:30,31
2026-06-23,2,18:30,15
2026-06-23,2,19:30,10
2026-06-23,3,08:00,12
2026-06-23,3,09:00,2
2026-06-23,3,10:00,5
2026-06-23,3,11:00,26
2026-06-23,3,12:00,35
2026-06-23,3,13:00,11
2026-06-23,3,14:00,32
2026-06-23,3,15:00,8
2026-06-23,3,16:00,3
2026-06-23,3,17:00,28
2026-06-23,3,18:00,19
2026-06-23,3,19:00,34
2026-06-23,3,20:00,36
2026-06-23,3,21:00,28
2026-06-24,1,08:00,35
2026-06-24,1,09:00,34
2026-06-24,1,10:00,00
2026-06-24,1,11:00,15
2026-06-24,1,12:00,34
2026-06-24,1,13:00,9
2026-06-24,1,14:00,36
2026-06-24,1,15:00,26
2026-06-24,1,16:00,18
2026-06-24,1,17:00,17
2026-06-24,1,18:00,4
2026-06-24,1,19:00,22
2026-06-24,2,08:30,19
2026-06-24,2,09:30,21
2026-06-24,2,10:30,18
2026-06-24,2,11:30,29
2026-06-24,2,12:30,14
2026-06-24,2,13:30,16
2026-06-24,2,14:30,7
2026-06-24,2,15:30,36
2026-06-24,2,16:30,13
2026-06-24,2,17:30,00
2026-06-24,2,18:30,9
2026-06-24,2,19:30,24
2026-06-24,3,08:00,3
2026-06-24,3,09:00,32
2026-06-24,3,10:00,0
2026-06-24,3,11:00,36
2026-06-24,3,12:00,26
2026-06-24,3,13:00,35
2026-06-24,3,14:00,29
2026-06-24,3,15:00,10
2026-06-24,3,16:00,2
2026-06-24,3,17:00,18
2026-06-24,3,18:00,5
2026-06-24,3,19:00,6
2026-06-24,3,20:00,16
2026-06-24,3,21:00,22
2026-06-25,3,08:00,26
2026-06-25,3,09:00,17
2026-06-25,3,10:00,14
2026-06-25,3,11:00,14
2026-06-25,3,12:00,4
2026-06-25,3,13:00,4
2026-06-25,3,14:00,23
2026-06-25,3,15:00,15
2026-06-25,3,16:00,19
2026-06-25,3,17:00,20
2026-06-25,3,18:00,11
2026-06-25,3,19:00,15
2026-06-25,3,20:00,19
2026-06-25,3,21:00,8
2026-06-26,3,08:00,15
2026-06-26,3,09:00,31
2026-06-26,3,10:00,15
2026-06-26,3,11:00,9
2026-06-26,3,12:00,7
2026-06-26,3,13:00,25
2026-06-26,3,14:00,10
2026-06-26,3,15:00,24
2026-06-26,3,16:00,0
2026-06-26,3,17:00,12
2026-06-26,3,18:00,1
2026-06-26,3,19:00,18
2026-06-26,3,20:00,23
2026-06-26,3,21:00,17
2026-06-27,3,08:00,34
2026-06-27,3,09:00,10
2026-06-27,3,10:00,15
2026-06-27,3,11:00,13
2026-06-27,3,12:00,22
2026-06-27,3,13:00,1
2026-06-27,3,14:00,6
2026-06-27,3,15:00,17
2026-06-27,3,16:00,6
2026-06-27,3,17:00,5
2026-06-27,3,18:00,32
2026-06-27,3,19:00,6
2026-06-27,3,20:00,35
2026-06-27,3,21:00,28
2026-06-28,3,08:00,26
2026-06-28,3,09:00,13
2026-06-28,3,10:00,22
2026-06-28,3,11:00,1
2026-06-28,3,12:00,36
2026-06-28,3,13:00,12
2026-06-28,3,14:00,1
2026-06-28,3,15:00,24
2026-06-28,3,16:00,10
2026-06-28,3,17:00,12
2026-06-28,3,18:00,24
2026-06-28,3,19:00,34
2026-06-28,3,20:00,12
2026-06-28,3,21:00,19
2026-06-29,1,08:00,3
2026-06-29,1,09:00,6
2026-06-29,1,10:00,32
2026-06-29,1,11:00,19
2026-06-29,1,12:00,21
2026-06-29,1,13:00,10
2026-06-29,1,14:00,13
2026-06-29,1,15:00,12
2026-06-29,1,16:00,36
2026-06-29,1,17:00,7
2026-06-29,1,18:00,24
2026-06-29,1,19:00,6
2026-06-29,2,08:30,24
2026-06-29,2,09:30,35
2026-06-29,2,10:30,15
2026-06-29,2,11:30,26
2026-06-29,2,12:30,23
2026-06-29,2,13:30,16
2026-06-29,2,14:30,10
2026-06-29,2,15:30,20
2026-06-29,2,16:30,31
2026-06-29,2,17:30,36
2026-06-29,2,18:30,29
2026-06-29,2,19:30,3
2026-06-29,3,08:00,8
2026-06-29,3,09:00,13
2026-06-29,3,10:00,0
2026-06-29,3,11:00,15
2026-06-29,3,12:00,26
2026-06-29,3,13:00,32
2026-06-29,3,14:00,22
2026-06-29,3,15:00,00
2026-06-29,3,16:00,6
2026-06-29,3,17:00,22
2026-06-29,3,18:00,8
2026-06-29,3,19:00,1
2026-06-29,3,20:00,27
2026-06-29,3,21:00,13
2026-06-30,1,08:00,16
2026-06-30,1,09:00,22
2026-06-30,1,10:00,6
2026-06-30,1,11:00,23
2026-06-30,1,12:00,1
2026-06-30,1,13:00,12
2026-06-30,1,14:00,20
2026-06-30,1,15:00,8
2026-06-30,1,16:00,10
2026-06-30,1,17:00,2
2026-06-30,1,18:00,18
2026-06-30,1,19:00,21
2026-06-30,2,08:30,8
2026-06-30,2,09:30,4
2026-06-30,2,10:30,26
2026-06-30,2,11:30,21
2026-06-30,2,12:30,19
2026-06-30,2,13:30,13
2026-06-30,2,14:30,16
2026-06-30,2,15:30,18
2026-06-30,2,16:30,1
2026-06-30,2,17:30,23
2026-06-30,2,18:30,27
2026-06-30,2,19:30,9
2026-06-30,3,08:00,20
2026-06-30,3,09:00,21
2026-06-30,3,10:00,29
2026-06-30,3,11:00,10
2026-06-30,3,12:00,13
2026-06-30,3,13:00,2
2026-06-30,3,14:00,26
2026-06-30,3,15:00,2
2026-06-30,3,16:00,9
2026-06-30,3,17:00,23
2026-06-30,3,18:00,18
2026-06-30,3,19:00,13
2026-06-30,3,20:00,31
2026-06-30,3,21:00,6
2026-07-01,1,08:00,3
2026-07-01,1,09:00,32
2026-07-01,1,10:00,16
2026-07-01,1,11:00,30
2026-07-01,1,12:00,8
2026-07-01,1,13:00,7
2026-07-01,1,14:00,0
2026-07-01,1,15:00,34
2026-07-01,1,16:00,14
2026-07-01,1,17:00,25
2026-07-01,1,18:00,30
2026-07-01,1,19:00,22
2026-07-01,2,08:30,35
2026-07-01,2,09:30,31
2026-07-01,2,10:30,13
2026-07-01,2,11:30,27
2026-07-01,2,12:30,10
2026-07-01,2,13:30,25
2026-07-01,2,14:30,16
2026-07-01,2,15:30,15
2026-07-01,2,16:30,6
2026-07-01,2,17:30,00
2026-07-01,2,18:30,17
2026-07-01,2,19:30,32
2026-07-01,3,08:00,14
2026-07-01,3,09:00,18
2026-07-01,3,10:00,31
2026-07-01,3,11:00,11
2026-07-01,3,12:00,32
2026-07-01,3,13:00,14
2026-07-01,3,14:00,23
2026-07-01,3,15:00,24
2026-07-01,3,16:00,11
2026-07-01,3,17:00,8
2026-07-01,3,18:00,14
2026-07-01,3,19:00,6
2026-07-01,3,20:00,34
2026-07-01,3,21:00,24
2026-07-02,1,08:00,23
2026-07-02,1,09:00,3
2026-07-02,1,10:00,2
2026-07-02,1,11:00,20
2026-07-02,1,12:00,16
2026-07-02,1,13:00,12
2026-07-02,1,14:00,17
2026-07-02,1,15:00,29
2026-07-02,1,16:00,28
2026-07-02,1,17:00,34
2026-07-02,1,18:00,26
2026-07-02,1,19:00,11
2026-07-02,2,08:30,14
2026-07-02,2,09:30,36
2026-07-02,2,10:30,31
2026-07-02,2,11:30,4
2026-07-02,2,12:30,28
2026-07-02,2,13:30,1
2026-07-02,2,14:30,6
2026-07-02,2,15:30,0
2026-07-02,2,16:30,5
2026-07-02,2,17:30,10
2026-07-02,2,18:30,32
2026-07-02,2,19:30,5
2026-07-02,3,08:00,22
2026-07-02,3,09:00,34
2026-07-02,3,10:00,8
2026-07-02,3,11:00,24
2026-07-02,3,12:00,34
2026-07-02,3,13:00,24
2026-07-02,3,14:00,9
2026-07-02,3,15:00,7
2026-07-02,3,16:00,14
2026-07-02,3,17:00,10
2026-07-02,3,18:00,22
2026-07-02,3,19:00,6
2026-07-02,3,20:00,20
2026-07-02,3,21:00,0
2026-07-03,1,08:00,29
2026-07-03,1,09:00,10
2026-07-03,1,10:00,6
2026-07-03,1,11:00,0
2026-07-03,1,12:00,24
2026-07-03,1,13:00,21
2026-07-03,1,14:00,00
2026-07-03,1,15:00,7
2026-07-03,1,16:00,34
2026-07-03,1,17:00,20
2026-07-03,1,18:00,36
2026-07-03,1,19:00,34
2026-07-03,2,08:30,19
2026-07-03,2,09:30,19
2026-07-03,2,10:30,3
2026-07-03,2,11:30,25
2026-07-03,2,12:30,32
2026-07-03,2,13:30,26
2026-07-03,2,14:30,10
2026-07-03,2,15:30,17
2026-07-03,2,16:30,6
2026-07-03,2,17:30,23
2026-07-03,2,18:30,12
2026-07-03,2,19:30,11
2026-07-03,3,08:00,1
2026-07-03,3,09:00,30
2026-07-03,3,10:00,25
2026-07-03,3,11:00,6
2026-07-03,3,12:00,1
2026-07-03,3,13:00,32
2026-07-03,3,14:00,27
2026-07-03,3,15:00,14
2026-07-03,3,16:00,18
2026-07-03,3,17:00,9
2026-07-03,3,18:00,00
2026-07-03,3,19:00,1
2026-07-03,3,20:00,28
2026-07-03,3,21:00,20
2026-07-04,1,08:00,26
2026-07-04,1,09:00,12
2026-07-04,1,10:00,4
2026-07-04,1,11:00,10
2026-07-04,1,12:00,15
2026-07-04,1,13:00,7
2026-07-04,1,14:00,28
2026-07-04,1,15:00,16
2026-07-04,1,16:00,20
2026-07-04,1,17:00,30
2026-07-04,1,18:00,0
2026-07-04,1,19:00,32
2026-07-04,2,08:30,11
2026-07-04,2,09:30,28
2026-07-04,2,10:30,15
2026-07-04,2,11:30,35
2026-07-04,2,12:30,3
2026-07-04,2,13:30,2
2026-07-04,2,14:30,0
2026-07-04,2,15:30,17
2026-07-04,2,16:30,34
2026-07-04,2,17:30,29
2026-07-04,2,18:30,32
2026-07-04,2,19:30,0
2026-07-04,3,08:00,28
2026-07-04,3,09:00,1
2026-07-04,3,10:00,22
2026-07-04,3,11:00,7
2026-07-04,3,12:00,26
2026-07-04,3,13:00,11
2026-07-04,3,14:00,4
2026-07-04,3,15:00,8
2026-07-04,3,16:00,1
2026-07-04,3,17:00,6
2026-07-04,3,18:00,0
2026-07-04,3,19:00,8
2026-07-04,3,20:00,15
2026-07-04,3,21:00,4
2026-07-05,1,08:00,29
2026-07-05,1,09:00,20
2026-07-05,1,10:00,35
2026-07-05,1,11:00,30
2026-07-05,1,12:00,4
2026-07-05,1,13:00,18
2026-07-05,1,14:00,15
2026-07-05,1,15:00,8
2026-07-05,1,16:00,21
2026-07-05,1,17:00,1
2026-07-05,1,18:00,26
2026-07-05,1,19:00,1
2026-07-05,2,08:30,7
2026-07-05,2,09:30,26
2026-07-05,2,10:30,8
2026-07-05,2,11:30,18
2026-07-05,2,12:30,0
2026-07-05,2,13:30,33
2026-07-05,2,14:30,23
2026-07-05,2,15:30,1
2026-07-05,2,16:30,17
2026-07-05,2,17:30,30
2026-07-05,2,18:30,8
2026-07-05,2,19:30,13
2026-07-05,3,08:00,23
2026-07-05,3,09:00,30
2026-07-05,3,10:00,12
2026-07-05,3,11:00,0
2026-07-05,3,12:00,28
2026-07-05,3,13:00,24
2026-07-05,3,14:00,11
2026-07-05,3,15:00,24
2026-07-05,3,16:00,12
2026-07-05,3,17:00,21
2026-07-05,3,18:00,5
2026-07-05,3,19:00,23
2026-07-05,3,20:00,15
2026-07-05,3,21:00,36
2026-07-06,1,08:00,12
2026-07-06,1,09:00,36
2026-07-06,1,10:00,1
2026-07-06,1,11:00,34
2026-07-06,1,12:00,7
2026-07-06,1,13:00,29
2026-07-06,1,14:00,3
2026-07-06,1,15:00,00
2026-07-06,1,16:00,30
2026-07-06,1,17:00,5
2026-07-06,1,18:00,24
2026-07-06,1,19:00,9
2026-07-06,2,08:30,3
2026-07-06,2,09:30,34
2026-07-06,2,10:30,11
2026-07-06,2,11:30,12
2026-07-06,2,12:30,35
2026-07-06,2,13:30,24
2026-07-06,2,14:30,28
2026-07-06,2,15:30,1
2026-07-06,2,16:30,29
2026-07-06,2,17:30,13
2026-07-06,2,18:30,14
2026-07-06,2,19:30,17
2026-07-06,3,08:00,00
2026-07-06,3,09:00,11
2026-07-06,3,10:00,18
2026-07-06,3,11:00,16
2026-07-06,3,12:00,13
2026-07-06,3,13:00,6
2026-07-06,3,14:00,34
2026-07-06,3,15:00,11
2026-07-06,3,16:00,27
2026-07-06,3,17:00,9
2026-07-06,3,18:00,3
2026-07-06,3,19:00,18
2026-07-06,3,20:00,18
2026-07-06,3,21:00,5
2026-07-07,1,08:00,34
2026-07-07,1,09:00,23
2026-07-07,1,10:00,13
2026-07-07,1,11:00,16
2026-07-07,1,12:00,21
2026-07-07,1,13:00,11
2026-07-07,1,14:00,18
2026-07-07,1,15:00,0
2026-07-07,1,16:00,26
2026-07-07,1,17:00,13
2026-07-07,1,18:00,2
2026-07-07,1,19:00,8
2026-07-07,2,08:30,22
2026-07-07,2,09:30,3
2026-07-07,2,10:30,6
2026-07-07,2,11:30,24
2026-07-07,2,12:30,4
2026-07-07,2,13:30,28
2026-07-07,2,14:30,26
2026-07-07,2,15:30,18
2026-07-07,2,16:30,16
2026-07-07,2,17:30,29
2026-07-07,2,18:30,21
2026-07-07,2,19:30,35
2026-07-07,3,08:00,16
2026-07-07,3,09:00,00
2026-07-07,3,10:00,34
2026-07-07,3,11:00,8
2026-07-07,3,12:00,7
2026-07-07,3,13:00,28
2026-07-07,3,14:00,28
2026-07-07,3,15:00,20
2026-07-07,3,16:00,34
2026-07-07,3,17:00,34
2026-07-07,3,18:00,22
2026-07-07,3,19:00,24
2026-07-07,3,20:00,1
2026-07-07,3,21:00,16
2026-07-08,1,08:00,6
2026-07-08,1,09:00,36
2026-07-08,1,10:00,23
2026-07-08,1,11:00,35
2026-07-08,1,12:00,14
2026-07-08,1,13:00,24
2026-07-08,1,14:00,2
2026-07-08,1,15:00,21
2026-07-08,1,16:00,34
2026-07-08,1,17:00,25
2026-07-08,1,18:00,2
2026-07-08,1,19:00,25
2026-07-08,2,08:30,1
2026-07-08,2,09:30,19
2026-07-08,2,10:30,6
2026-07-08,2,11:30,4
2026-07-08,2,12:30,32
2026-07-08,2,13:30,11
2026-07-08,2,14:30,5
2026-07-08,2,15:30,27
2026-07-08,2,16:30,31
2026-07-08,2,17:30,18
2026-07-08,2,18:30,4
2026-07-08,2,19:30,7
2026-07-08,3,08:00,2
2026-07-08,3,09:00,22
2026-07-08,3,10:00,10
2026-07-08,3,11:00,12
2026-07-08,3,12:00,29
2026-07-08,3,13:00,7
2026-07-08,3,14:00,20
2026-07-08,3,15:00,4
2026-07-08,3,16:00,3
2026-07-08,3,17:00,32
2026-07-08,3,18:00,14
2026-07-08,3,19:00,28
2026-07-08,3,20:00,29
2026-07-08,3,21:00,9
2026-07-09,1,08:00,00
2026-07-09,1,09:00,13
2026-07-09,1,10:00,31
2026-07-09,1,11:00,9
2026-07-09,1,12:00,19
2026-07-09,1,13:00,21
2026-07-09,1,14:00,34
2026-07-09,1,15:00,32
2026-07-09,1,16:00,18
2026-07-09,1,17:00,35
2026-07-09,1,18:00,1
2026-07-09,1,19:00,14
2026-07-09,2,08:30,15
2026-07-09,2,09:30,32
2026-07-09,2,10:30,16
2026-07-09,2,11:30,0
2026-07-09,2,12:30,35
2026-07-09,2,13:30,11
2026-07-09,2,14:30,21
2026-07-09,2,15:30,27
2026-07-09,2,16:30,29
2026-07-09,2,17:30,19
2026-07-09,2,18:30,5
2026-07-09,2,19:30,12
2026-07-09,3,08:00,0
2026-07-09,3,09:00,11
2026-07-09,3,10:00,7
2026-07-09,3,11:00,20
2026-07-09,3,12:00,22
2026-07-09,3,13:00,21
2026-07-09,3,14:00,32
2026-07-09,3,15:00,26
2026-07-09,3,16:00,11
2026-07-09,3,17:00,5
2026-07-09,3,18:00,22
2026-07-09,3,19:00,18
2026-07-09,3,20:00,32
2026-07-09,3,21:00,26
2026-07-10,1,08:00,7
2026-07-10,1,09:00,20
2026-07-10,1,10:00,33
2026-07-10,1,11:00,32
2026-07-10,1,12:00,21
2026-07-10,1,13:00,33
2026-07-10,1,14:00,13
2026-07-10,1,15:00,28
2026-07-10,1,16:00,35
2026-07-10,1,17:00,22
2026-07-10,1,18:00,28
2026-07-10,1,19:00,27
2026-07-10,2,08:30,36
2026-07-10,2,09:30,6
2026-07-10,2,10:30,18
2026-07-10,2,11:30,9
2026-07-10,2,12:30,26
2026-07-10,2,13:30,4
2026-07-10,2,14:30,17
2026-07-10,2,15:30,30
2026-07-10,2,16:30,16
2026-07-10,2,17:30,8
2026-07-10,2,18:30,7
2026-07-10,2,19:30,25
2026-07-10,3,08:00,00
2026-07-10,3,09:00,24
2026-07-10,3,10:00,17
2026-07-10,3,11:00,27
2026-07-10,3,12:00,6
2026-07-10,3,13:00,24
2026-07-10,3,14:00,23
2026-07-10,3,15:00,14
2026-07-10,3,16:00,31
2026-07-10,3,17:00,3
2026-07-10,3,18:00,22
2026-07-10,3,19:00,8
2026-07-10,3,20:00,20
2026-07-10,3,21:00,0
2026-07-11,1,08:00,17
2026-07-11,1,09:00,00
2026-07-11,1,10:00,32
2026-07-11,1,11:00,12
2026-07-11,1,12:00,7
2026-07-11,1,13:00,27
2026-07-11,1,14:00,36
2026-07-11,1,15:00,35
2026-07-11,1,16:00,9
2026-07-11,1,17:00,2
2026-07-11,1,18:00,3
2026-07-11,1,19:00,9
2026-07-11,2,08:30,9
2026-07-11,2,09:30,28
2026-07-11,2,10:30,27
2026-07-11,2,11:30,15
2026-07-11,2,12:30,25
2026-07-11,2,13:30,30
2026-07-11,2,14:30,19
2026-07-11,2,15:30,12
2026-07-11,2,16:30,0
2026-07-11,2,17:30,8
2026-07-11,2,18:30,14
2026-07-11,2,19:30,22
2026-07-11,3,08:00,6
2026-07-11,3,09:00,33
2026-07-11,3,10:00,15
2026-07-11,3,11:00,30
2026-07-11,3,12:00,17
2026-07-11,3,13:00,5
2026-07-11,3,14:00,2
2026-07-11,3,15:00,11
2026-07-11,3,16:00,12
2026-07-11,3,17:00,25
2026-07-11,3,18:00,32
2026-07-11,3,19:00,29
2026-07-11,3,20:00,9
2026-07-11,3,21:00,30
2026-07-12,1,08:00,31
2026-07-12,1,09:00,7
2026-07-12,1,10:00,8
2026-07-12,1,11:00,20
2026-07-12,1,12:00,35
2026-07-12,1,13:00,6
2026-07-12,1,14:00,10
2026-07-12,1,15:00,19
2026-07-12,1,16:00,17
2026-07-12,1,17:00,0
2026-07-12,1,18:00,12
2026-07-12,1,19:00,16
2026-07-12,2,08:30,32
2026-07-12,2,09:30,13
2026-07-12,2,10:30,33
2026-07-12,2,11:30,4
2026-07-12,2,12:30,25
2026-07-12,2,13:30,12
2026-07-12,2,14:30,28
2026-07-12,2,15:30,10
2026-07-12,2,16:30,31
2026-07-12,2,17:30,26
2026-07-12,2,18:30,36
2026-07-12,2,19:30,30
2026-07-12,3,08:00,34
2026-07-12,3,09:00,22
2026-07-12,3,10:00,24
2026-07-12,3,11:00,18
2026-07-12,3,12:00,21
2026-07-12,3,13:00,12
2026-07-12,3,14:00,1
2026-07-12,3,15:00,27
2026-07-12,3,16:00,33
2026-07-12,3,17:00,10
2026-07-12,3,18:00,36
2026-07-12,3,19:00,2
2026-07-12,3,20:00,29
2026-07-12,3,21:00,25
2026-07-13,1,08:00,7
2026-07-13,1,09:00,24
2026-07-13,1,10:00,0
2026-07-13,1,11:00,14
2026-07-13,1,12:00,11
2026-07-13,1,13:00,2
2026-07-13,1,14:00,32
2026-07-13,1,15:00,27
2026-07-13,1,16:00,6
2026-07-13,1,17:00,1
2026-07-13,1,18:00,16
2026-07-13,1,19:00,10
2026-07-13,2,08:30,1
2026-07-13,2,09:30,6
2026-07-13,2,10:30,19
2026-07-13,2,11:30,27
2026-07-13,2,12:30,31
2026-07-13,2,13:30,0
2026-07-13,2,14:30,9
2026-07-13,2,15:30,25
2026-07-13,2,16:30,11
2026-07-13,2,17:30,18
2026-07-13,2,18:30,32
2026-07-13,2,19:30,0
2026-07-13,3,08:00,24
2026-07-13,3,09:00,34
2026-07-13,3,10:00,7
2026-07-13,3,11:00,36
2026-07-13,3,12:00,26
2026-07-13,3,13:00,7
2026-07-13,3,14:00,6
2026-07-13,3,15:00,7
2026-07-13,3,16:00,18
2026-07-13,3,17:00,12
2026-07-13,3,18:00,12
2026-07-13,3,19:00,12
2026-07-13,3,20:00,36
2026-07-13,3,21:00,21
2026-07-14,1,08:00,32
2026-07-14,1,09:00,20
2026-07-14,1,10:00,31
2026-07-14,1,11:00,9
2026-07-14,1,12:00,1
2026-07-14,1,13:00,18
2026-07-14,1,14:00,00
2026-07-14,1,15:00,6
2026-07-14,1,16:00,29
2026-07-14,1,17:00,3
2026-07-14,1,18:00,28
2026-07-14,1,19:00,0
2026-07-14,2,08:30,12
2026-07-14,2,09:30,17
2026-07-14,2,10:30,24
2026-07-14,2,11:30,18
2026-07-14,2,12:30,29
2026-07-14,2,13:30,28
2026-07-14,2,14:30,13
2026-07-14,2,15:30,20
2026-07-14,2,16:30,22
2026-07-14,2,17:30,9
2026-07-14,2,18:30,30
2026-07-14,2,19:30,2
2026-07-14,3,08:00,0
2026-07-14,3,09:00,11
2026-07-14,3,10:00,33
2026-07-14,3,11:00,28
2026-07-14,3,12:00,2
2026-07-14,3,13:00,00
2026-07-14,3,14:00,0
2026-07-14,3,15:00,2
2026-07-14,3,16:00,34
2026-07-14,3,17:00,24
2026-07-14,3,18:00,1
2026-07-14,3,19:00,1
2026-07-14,3,20:00,19
2026-07-14,3,21:00,34
2026-07-15,1,08:00,1
2026-07-15,1,09:00,21
2026-07-15,1,10:00,10
2026-07-15,1,11:00,35
2026-07-15,1,12:00,12
2026-07-15,1,13:00,00
2026-07-15,1,14:00,15
2026-07-15,1,15:00,5
2026-07-15,1,16:00,17
2026-07-15,1,17:00,22
2026-07-15,1,18:00,1
2026-07-15,1,19:00,27
2026-07-15,2,08:30,33
2026-07-15,2,09:30,6
2026-07-15,2,10:30,9
2026-07-15,2,11:30,3
2026-07-15,2,12:30,11
2026-07-15,2,13:30,36
2026-07-15,2,14:30,2
2026-07-15,2,15:30,14
2026-07-15,2,16:30,11
2026-07-15,2,17:30,15
2026-07-15,2,18:30,29
2026-07-15,2,19:30,32
2026-07-15,3,08:00,24
2026-07-15,3,09:00,13
2026-07-15,3,10:00,0
2026-07-15,3,11:00,17
2026-07-15,3,12:00,35
2026-07-15,3,13:00,1
2026-07-15,3,14:00,32
2026-07-15,3,15:00,12
2026-07-15,3,16:00,1
2026-07-15,3,17:00,25
2026-07-15,3,18:00,22
2026-07-15,3,19:00,7
2026-07-15,3,20:00,13
2026-07-15,3,21:00,34
2026-07-16,1,08:00,9
2026-07-16,1,09:00,18
2026-07-16,1,10:00,32
2026-07-16,1,11:00,8
2026-07-16,1,12:00,30
2026-07-16,1,13:00,30
2026-07-16,1,14:00,3
2026-07-16,1,15:00,33
2026-07-16,1,16:00,12
2026-07-16,1,17:00,1
2026-07-16,1,18:00,33
2026-07-16,1,19:00,16
2026-07-16,2,08:30,00
2026-07-16,2,09:30,11
2026-07-16,2,10:30,13
2026-07-16,2,11:30,6
2026-07-16,2,12:30,21
2026-07-16,2,13:30,12
2026-07-16,2,14:30,29
2026-07-16,2,15:30,14
2026-07-16,2,16:30,28
2026-07-16,2,17:30,9
2026-07-16,2,18:30,26
2026-07-16,2,19:30,8
2026-07-16,3,08:00,0
2026-07-16,3,09:00,18
2026-07-16,3,10:00,5
2026-07-16,3,11:00,23
2026-07-16,3,12:00,7
2026-07-16,3,13:00,31
2026-07-16,3,14:00,11
2026-07-16,3,15:00,3
2026-07-16,3,16:00,9
2026-07-16,3,17:00,15
2026-07-16,3,18:00,36
2026-07-16,3,19:00,10
2026-07-16,3,20:00,30
2026-07-16,3,21:00,10
2026-07-17,1,08:00,17
2026-07-17,1,09:00,27
2026-07-17,1,10:00,23
2026-07-17,1,11:00,8
2026-07-17,1,12:00,4
2026-07-17,1,13:00,1
2026-07-17,1,14:00,6
2026-07-17,1,15:00,3
2026-07-17,1,16:00,26
2026-07-17,1,17:00,15
2026-07-17,1,18:00,22
2026-07-17,1,19:00,14
2026-07-17,2,08:30,33
2026-07-17,2,09:30,10
2026-07-17,2,10:30,22
2026-07-17,2,11:30,26
2026-07-17,2,12:30,27
2026-07-17,2,13:30,15
2026-07-17,2,14:30,23
2026-07-17,2,15:30,32
2026-07-17,2,16:30,31
2026-07-17,2,17:30,11
2026-07-17,2,18:30,29
2026-07-17,2,19:30,15
2026-07-17,3,08:00,22
2026-07-17,3,09:00,7
2026-07-17,3,10:00,34
2026-07-17,3,11:00,13
2026-07-17,3,12:00,31
2026-07-17,3,13:00,4
2026-07-17,3,14:00,22
2026-07-17,3,15:00,28
2026-07-17,3,16:00,22
2026-07-17,3,17:00,14
2026-07-17,3,18:00,32
2026-07-17,3,19:00,2
2026-07-17,3,20:00,28
2026-07-17,3,21:00,19
2026-07-18,1,08:00,23
2026-07-18,1,09:00,21
2026-07-18,1,10:00,18
2026-07-18,1,11:00,14
2026-07-18,1,12:00,6
2026-07-18,1,13:00,30
2026-07-18,1,14:00,16
2026-07-18,1,15:00,1
2026-07-18,1,16:00,32
2026-07-18,1,17:00,24
2026-07-18,1,18:00,26
2026-07-18,1,19:00,15
2026-07-18,2,08:30,28
2026-07-18,2,09:30,17
2026-07-18,2,10:30,10
2026-07-18,2,11:30,1
2026-07-18,2,12:30,13
2026-07-18,2,13:30,29
2026-07-18,2,14:30,34
2026-07-18,2,15:30,26
2026-07-18,2,16:30,14
2026-07-18,2,17:30,33
2026-07-18,2,18:30,12
2026-07-18,2,19:30,27
2026-07-18,3,08:00,18
2026-07-18,3,09:00,26
2026-07-18,3,10:00,14
2026-07-18,3,11:00,35
2026-07-18,3,12:00,4
2026-07-18,3,13:00,13
2026-07-18,3,14:00,20
2026-07-18,3,15:00,19
2026-07-18,3,16:00,31
2026-07-18,3,17:00,12
2026-07-18,3,18:00,31
2026-07-18,3,19:00,26
2026-07-18,3,20:00,14
2026-07-18,3,21:00,34
2026-07-19,1,08:00,13
2026-07-19,1,09:00,30
2026-07-19,1,10:00,27
2026-07-19,1,11:00,24
2026-07-19,1,12:00,7
2026-07-19,1,13:00,21
2026-07-19,1,14:00,00
2026-07-19,1,15:00,18
2026-07-19,1,16:00,4
2026-07-19,1,17:00,6
2026-07-19,1,18:00,26
2026-07-19,1,19:00,24
2026-07-19,2,08:30,22
2026-07-19,2,09:30,31
2026-07-19,2,10:30,9
2026-07-19,2,11:30,33
2026-07-19,2,12:30,24
2026-07-19,2,13:30,28
2026-07-19,2,14:30,12
2026-07-19,2,15:30,2
2026-07-19,2,16:30,13
2026-07-19,2,17:30,21
2026-07-19,2,18:30,5
2026-07-19,2,19:30,3
2026-07-19,3,08:00,24
2026-07-19,3,09:00,9
2026-07-19,3,10:00,17
2026-07-19,3,11:00,6
2026-07-19,3,12:00,7
2026-07-19,3,13:00,33
2026-07-19,3,14:00,21
2026-07-19,3,15:00,36
2026-07-19,3,16:00,1
2026-07-19,3,17:00,15
2026-07-19,3,18:00,18
2026-07-19,3,19:00,25
2026-07-19,3,20:00,00
2026-07-19,3,21:00,21
2026-07-20,1,08:00,5
2026-07-20,1,09:00,30
2026-07-20,1,10:00,9
2026-07-20,1,11:00,17
2026-07-20,1,12:00,23
2026-07-20,1,13:00,24
2026-07-20,1,14:00,28
2026-07-20,1,15:00,32
2026-07-20,1,16:00,3
2026-07-20,1,17:00,14
2026-07-20,1,18:00,8
2026-07-20,1,19:00,00
2026-07-20,2,08:30,9
2026-07-20,2,09:30,30
2026-07-20,2,10:30,32
2026-07-20,2,11:30,26
2026-07-20,2,12:30,35
2026-07-20,2,13:30,34
2026-07-20,2,14:30,11
2026-07-20,2,15:30,6
2026-07-20,2,16:30,7
2026-07-20,2,17:30,1
2026-07-20,2,18:30,35
2026-07-20,2,19:30,10
2026-07-20,3,08:00,35
2026-07-20,3,09:00,21
2026-07-20,3,10:00,34
2026-07-20,3,11:00,0
2026-07-20,3,12:00,1
2026-07-20,3,13:00,24
2026-07-20,3,14:00,4
2026-07-20,3,15:00,25
2026-07-20,3,16:00,23
2026-07-20,3,17:00,8
2026-07-20,3,18:00,21
2026-07-20,3,19:00,13
2026-07-20,3,20:00,24
2026-07-20,3,21:00,22
2026-07-21,1,08:00,10
2026-07-21,1,09:00,17
2026-07-21,1,10:00,29
2026-07-21,1,11:00,8
2026-07-21,1,12:00,3
2026-07-21,1,13:00,4
2026-07-21,1,14:00,27
2026-07-21,1,15:00,18
2026-07-21,1,16:00,7
2026-07-21,1,17:00,16
2026-07-21,1,18:00,14
2026-07-21,1,19:00,4
2026-07-21,2,08:30,26
2026-07-21,2,09:30,21
2026-07-21,2,10:30,12
2026-07-21,2,11:30,30
2026-07-21,2,12:30,8
2026-07-21,2,13:30,35
2026-07-21,2,14:30,33
2026-07-21,2,15:30,17
2026-07-21,2,16:30,31
2026-07-21,2,17:30,16
2026-07-21,2,18:30,4
2026-07-21,2,19:30,11
2026-07-21,3,08:00,14
2026-07-21,3,09:00,9
2026-07-21,3,10:00,31
2026-07-21,3,11:00,4
2026-07-21,3,12:00,4
2026-07-21,3,13:00,28
2026-07-21,3,14:00,0
2026-07-21,3,15:00,31
2026-07-21,3,16:00,35
2026-07-21,3,17:00,36
2026-07-21,3,18:00,32
2026-07-21,3,19:00,34
2026-07-21,3,20:00,18
2026-07-21,3,21:00,32
2026-07-22,1,08:00,3
2026-07-22,1,09:00,24
2026-07-22,1,10:00,28
2026-07-22,1,11:00,2
2026-07-22,1,12:00,20
2026-07-22,1,13:00,27
2026-07-22,1,14:00,21
2026-07-22,1,15:00,17
2026-07-22,1,16:00,22
2026-07-22,1,17:00,10
2026-07-22,1,18:00,11
2026-07-22,1,19:00,10
2026-07-22,2,08:30,32
2026-07-22,2,09:30,22
2026-07-22,2,10:30,4
2026-07-22,2,11:30,10
2026-07-22,2,12:30,8
2026-07-22,2,13:30,0
2026-07-22,2,14:30,36
2026-07-22,2,15:30,5
2026-07-22,2,16:30,23
2026-07-22,2,17:30,0
2026-07-22,2,18:30,18
2026-07-22,2,19:30,28
2026-07-22,3,08:00,27
2026-07-22,3,09:00,25
2026-07-22,3,10:00,3
2026-07-22,3,11:00,23
2026-07-22,3,12:00,00
2026-07-22,3,13:00,22
2026-07-22,3,14:00,13
2026-07-22,3,15:00,3
2026-07-22,3,16:00,1
2026-07-22,3,17:00,24
2026-07-22,3,18:00,12
2026-07-22,3,19:00,12
2026-07-22,3,20:00,22
2026-07-22,3,21:00,8
2026-07-23,1,08:00,18
2026-07-23,1,09:00,7
2026-07-23,1,10:00,26
2026-07-23,1,11:00,28
2026-07-23,1,12:00,1
2026-07-23,1,13:00,34
2026-07-23,1,14:00,36
2026-07-23,1,15:00,34
2026-07-23,1,16:00,31
2026-07-23,1,17:00,12
2026-07-23,1,18:00,23
2026-07-23,1,19:00,1
2026-07-23,2,08:30,35
2026-07-23,2,09:30,20
2026-07-23,2,10:30,22
2026-07-23,2,11:30,3
2026-07-23,2,12:30,11
2026-07-23,2,13:30,13
2026-07-23,2,14:30,5
2026-07-23,2,15:30,15
2026-07-23,2,16:30,36
2026-07-23,2,17:30,4
2026-07-23,2,18:30,2
2026-07-23,2,19:30,33
2026-07-23,3,08:00,12
2026-07-23,3,09:00,3
2026-07-23,3,10:00,19
2026-07-23,3,11:00,12
2026-07-23,3,12:00,5
2026-07-23,3,13:00,3
2026-07-23,3,14:00,00
2026-07-23,3,15:00,29
2026-07-23,3,16:00,30
2026-07-23,3,17:00,8
2026-07-23,3,18:00,19
2026-07-23,3,19:00,12
2026-07-23,3,20:00,20
2026-07-23,3,21:00,11
2026-07-24,1,08:00,3
2026-07-24,1,09:00,8
2026-07-24,1,10:00,20
2026-07-24,1,11:00,24
2026-07-24,1,12:00,18
2026-07-24,1,13:00,9
2026-07-24,1,14:00,26
2026-07-24,1,15:00,0
2026-07-24,1,16:00,27
2026-07-24,1,17:00,23
2026-07-24,1,18:00,20
2026-07-24,1,19:00,31
2026-07-24,2,08:30,21
2026-07-24,2,09:30,17
2026-07-24,2,10:30,36
2026-07-24,2,11:30,27
2026-07-24,2,12:30,31
2026-07-24,2,13:30,22
2026-07-24,2,14:30,14
2026-07-24,2,15:30,6
2026-07-24,2,16:30,33
2026-07-24,2,17:30,5
2026-07-24,2,18:30,35
2026-07-24,2,19:30,23
2026-07-24,3,08:00,34
2026-07-24,3,09:00,25
2026-07-24,3,10:00,00
2026-07-24,3,11:00,15
2026-07-24,3,12:00,36
2026-07-24,3,13:00,6
2026-07-24,3,14:00,25
2026-07-24,3,15:00,15
2026-07-24,3,16:00,29
2026-07-24,3,17:00,31
2026-07-24,3,18:00,12
2026-07-24,3,19:00,21
2026-07-24,3,20:00,20
2026-07-24,3,21:00,20
2026-07-25,1,08:00,36
2026-07-25,1,09:00,14
2026-07-25,1,10:00,00
2026-07-25,1,11:00,1
2026-07-25,1,12:00,29
2026-07-25,1,13:00,0
2026-07-25,1,14:00,28
2026-07-25,1,15:00,23
2026-07-25,1,16:00,22
2026-07-25,1,17:00,8
2026-07-25,1,18:00,0
2026-07-25,1,19:00,13
2026-07-25,2,08:30,27
2026-07-25,2,09:30,13
2026-07-25,2,10:30,15
2026-07-25,2,11:30,11
2026-07-25,2,12:30,31
2026-07-25,2,13:30,1
2026-07-25,2,14:30,20
2026-07-25,2,15:30,0
2026-07-25,2,16:30,36
2026-07-25,2,17:30,30
2026-07-25,2,18:30,16
2026-07-25,2,19:30,34
2026-07-25,3,08:00,34
2026-07-25,3,09:00,26
2026-07-25,3,10:00,11
2026-07-25,3,11:00,30
2026-07-25,3,12:00,16
2026-07-25,3,13:00,2
2026-07-25,3,14:00,31
2026-07-25,3,15:00,3
2026-07-25,3,16:00,6
2026-07-25,3,17:00,32
2026-07-25,3,18:00,26
2026-07-25,3,19:00,12
2026-07-25,3,20:00,22
2026-07-25,3,21:00,21
2026-07-26,1,08:00,29
2026-07-26,1,09:00,21
2026-07-26,1,10:00,15
2026-07-26,1,11:00,1
2026-07-26,1,12:00,27
2026-07-26,1,13:00,3
2026-07-26,1,14:00,0
2026-07-26,1,15:00,10
2026-07-26,1,16:00,26
2026-07-26,1,17:00,35
2026-07-26,1,18:00,36
2026-07-26,1,19:00,17
2026-07-26,2,08:30,6
2026-07-26,2,09:30,19
2026-07-26,2,10:30,00
2026-07-26,2,11:30,29
2026-07-26,2,12:30,4
2026-07-26,2,13:30,30
2026-07-26,2,14:30,11
2026-07-26,2,15:30,25
2026-07-26,2,16:30,20
2026-07-26,2,17:30,13
2026-07-26,2,18:30,34
2026-07-26,2,19:30,34
2026-07-26,3,08:00,15
2026-07-26,3,09:00,31
2026-07-26,3,10:00,34
2026-07-26,3,11:00,1
2026-07-26,3,12:00,12
2026-07-26,3,13:00,31
2026-07-26,3,14:00,34
2026-07-26,3,15:00,0
2026-07-26,3,16:00,4
2026-07-26,3,17:00,10
2026-07-26,3,18:00,00
2026-07-26,3,19:00,26
2026-07-26,3,20:00,00
2026-07-26,3,21:00,34
2026-07-27,1,08:00,14
2026-07-27,1,09:00,1
2026-07-27,1,10:00,23
2026-07-27,1,11:00,9
2026-07-27,1,12:00,22
2026-07-27,1,13:00,21
2026-07-27,1,14:00,20
2026-07-27,1,15:00,26
2026-07-27,1,16:00,16
2026-07-27,1,17:00,17
2026-07-27,1,18:00,11
2026-07-27,1,19:00,34
2026-07-27,2,08:30,3
2026-07-27,2,09:30,14
2026-07-27,2,10:30,32
2026-07-27,2,11:30,34
2026-07-27,2,12:30,16
2026-07-27,2,13:30,1
2026-07-27,2,14:30,29
2026-07-27,2,15:30,0
2026-07-27,2,16:30,25
2026-07-27,2,17:30,5
2026-07-27,2,18:30,19
2026-07-27,2,19:30,9
2026-07-27,3,08:00,12
2026-07-27,3,09:00,35
2026-07-27,3,10:00,24
2026-07-27,3,11:00,26
2026-07-27,3,12:00,23
2026-07-27,3,13:00,23
2026-07-27,3,14:00,7
2026-07-27,3,15:00,8
2026-07-27,3,16:00,23
2026-07-27,3,17:00,24
2026-07-27,3,18:00,18
2026-07-27,3,19:00,17
2026-07-27,3,20:00,7
2026-07-27,3,21:00,17
2026-07-28,1,08:00,10
2026-07-28,1,09:00,24
2026-07-28,1,10:00,22
2026-07-28,1,11:00,30
2026-07-28,1,12:00,6
2026-07-28,1,13:00,15
2026-07-28,1,14:00,00
2026-07-28,1,15:00,36
2026-07-28,1,16:00,27
2026-07-28,1,17:00,35
2026-07-28,1,18:00,16
2026-07-28,1,19:00,21
2026-07-28,2,08:30,11
2026-07-28,2,09:30,5
2026-07-28,2,10:30,26
2026-07-28,2,11:30,11
2026-07-28,2,12:30,13
2026-07-28,2,13:30,35
2026-07-28,2,14:30,15
2026-07-28,2,15:30,10
2026-07-28,2,16:30,22
2026-07-28,2,17:30,36
2026-07-28,2,18:30,7
2026-07-28,2,19:30,32
2026-07-28,3,08:00,1
2026-07-28,3,09:00,4
2026-07-28,3,10:00,18
2026-07-28,3,11:00,11
2026-07-28,3,12:00,6
2026-07-28,3,13:00,6
2026-07-28,3,14:00,13
2026-07-28,3,15:00,4
2026-07-28,3,16:00,33
2026-07-28,3,17:00,21
2026-07-28,3,18:00,9
2026-07-28,3,19:00,00
2026-07-28,3,20:00,16
2026-07-28,3,21:00,13
2026-07-29,1,08:00,1
2026-07-29,1,09:00,5
2026-07-29,1,10:00,31
2026-07-29,1,11:00,36
2026-07-29,1,12:00,18
2026-07-29,1,13:00,32
2026-07-29,1,14:00,30
2026-07-29,1,15:00,25
2026-07-29,1,16:00,22
2026-07-29,1,17:00,24
2026-07-29,1,18:00,30
2026-07-29,1,19:00,14
2026-07-29,2,08:30,17
2026-07-29,2,09:30,18
2026-07-29,2,10:30,21
2026-07-29,2,11:30,4
2026-07-29,2,12:30,16
2026-07-29,2,13:30,1
2026-07-29,2,14:30,15
2026-07-29,2,15:30,6
2026-07-29,2,16:30,35
2026-07-29,2,17:30,25
2026-07-29,2,18:30,11
2026-07-29,2,19:30,13
2026-07-29,3,08:00,35
2026-07-29,3,09:00,3
2026-07-29,3,10:00,36
2026-07-29,3,11:00,30
2026-07-29,3,12:00,4
2026-07-29,3,13:00,4
2026-07-29,3,14:00,16
2026-07-29,3,15:00,6
2026-07-29,3,16:00,11
2026-07-29,3,17:00,2
2026-07-29,3,18:00,21
2026-07-29,3,19:00,23
2026-07-29,3,20:00,11
2026-07-29,3,21:00,12
2026-07-30,1,08:00,17
2026-07-30,1,09:00,26
2026-07-30,1,10:00,33
2026-07-30,1,11:00,27
2026-07-30,1,12:00,00
2026-07-30,1,13:00,12
2026-07-30,1,14:00,6
2026-07-30,1,15:00,13
2026-07-30,1,16:00,30
2026-07-30,1,17:00,11
2026-07-30,1,18:00,17
2026-07-30,1,19:00,8
2026-07-30,2,08:30,22
2026-07-30,2,09:30,14
2026-07-30,2,10:30,34
2026-07-30,2,11:30,10
2026-07-30,2,12:30,13
2026-07-30,2,13:30,1
2026-07-30,2,14:30,36
2026-07-30,2,15:30,27
2026-07-30,2,16:30,6
2026-07-30,2,17:30,17
2026-07-30,2,18:30,25
2026-07-30,2,19:30,10
2026-07-30,3,08:00,23
2026-07-30,3,09:00,32
2026-07-30,3,10:00,8
2026-07-30,3,11:00,0
2026-07-30,3,12:00,31
2026-07-30,3,13:00,31
2026-07-30,3,14:00,36
2026-07-30,3,15:00,15
2026-07-30,3,16:00,20
2026-07-30,3,17:00,21
2026-07-30,3,18:00,28
2026-07-30,3,19:00,6
2026-07-30,3,20:00,1
2026-07-30,3,21:00,9
2026-07-31,1,08:00,36
2026-07-31,1,09:00,5
2026-07-31,1,10:00,33
2026-07-31,1,11:00,9
2026-07-31,1,12:00,26
2026-07-31,1,13:00,3
2026-07-31,1,14:00,32
2026-07-31,1,15:00,12
2026-07-31,1,16:00,34
2026-07-31,1,17:00,28
2026-07-31,1,18:00,29
2026-07-31,1,19:00,13
2026-07-31,2,08:30,6
2026-07-31,2,09:30,00
2026-07-31,2,10:30,10
2026-07-31,2,11:30,18
2026-07-31,2,12:30,35
2026-07-31,2,13:30,28
2026-07-31,2,14:30,9
2026-07-31,2,15:30,27
2026-07-31,2,16:30,13
2026-07-31,2,17:30,17
2026-07-31,2,18:30,33
2026-07-31,2,19:30,33
2026-07-31,3,08:00,30
2026-07-31,3,09:00,27
2026-07-31,3,10:00,00
2026-07-31,3,11:00,8
2026-07-31,3,12:00,34
2026-07-31,3,13:00,00
2026-07-31,3,14:00,20
2026-07-31,3,15:00,00
2026-07-31,3,16:00,5
2026-07-31,3,17:00,6
2026-07-31,3,18:00,2
2026-07-31,3,19:00,25
2026-07-31,3,20:00,36
2026-07-31,3,21:00,10
2026-08-01,1,08:00,3
2026-08-01,1,09:00,00
2026-08-01,1,10:00,10
2026-08-01,1,11:00,36
2026-08-01,1,12:00,17
2026-08-01,1,13:00,1
2026-08-01,1,14:00,26
2026-08-01,1,15:00,2
2026-08-01,1,16:00,33
2026-08-01,1,17:00,15
2026-08-01,1,18:00,15
2026-08-01,1,19:00,23
2026-08-01,2,08:30,34
2026-08-01,2,09:30,14
2026-08-01,2,10:30,15
2026-08-01,2,11:30,24
2026-08-01,2,12:30,00
2026-08-01,2,13:30,30
2026-08-01,2,14:30,19
2026-08-01,2,15:30,3
2026-08-01,2,16:30,9
2026-08-01,2,17:30,12
2026-08-01,2,18:30,7
2026-08-01,2,19:30,27
2026-08-01,3,08:00,11
2026-08-01,3,09:00,9
2026-08-01,3,10:00,23
2026-08-01,3,11:00,4
2026-08-01,3,12:00,7
2026-08-01,3,13:00,22
2026-08-01,3,14:00,36
2026-08-01,3,15:00,1
2026-08-01,3,16:00,19
2026-08-01,3,17:00,3
2026-08-01,3,18:00,10
2026-08-01,3,19:00,17
2026-08-01,3,20:00,10
2026-08-01,3,21:00,7
2026-08-02,1,08:00,5
2026-08-02,1,09:00,00
2026-08-02,1,10:00,3
2026-08-02,1,11:00,22
2026-08-02,1,12:00,34
2026-08-02,1,13:00,6
2026-08-02,1,14:00,21
2026-08-02,1,15:00,13
2026-08-02,1,16:00,17
2026-08-02,1,17:00,32
2026-08-02,1,18:00,33
2026-08-02,1,19:00,26
2026-08-02,2,08:30,25
2026-08-02,2,09:30,00
2026-08-02,2,10:30,23
2026-08-02,2,11:30,33
2026-08-02,2,12:30,8
2026-08-02,2,13:30,10
2026-08-02,2,14:30,36
2026-08-02,2,15:30,26
2026-08-02,2,16:30,13
2026-08-02,2,17:30,34
2026-08-02,2,18:30,17
2026-08-02,2,19:30,32
2026-08-02,3,08:00,22
2026-08-02,3,09:00,2
2026-08-02,3,10:00,3
2026-08-02,3,11:00,10
2026-08-02,3,12:00,21
2026-08-02,3,13:00,21
2026-08-02,3,14:00,1
2026-08-02,3,15:00,11
2026-08-02,3,16:00,30
2026-08-02,3,17:00,00
2026-08-02,3,18:00,36
2026-08-02,3,19:00,16
2026-08-02,3,20:00,33
2026-08-02,3,21:00,10
2026-08-03,1,08:00,14
2026-08-03,1,09:00,32
2026-08-03,1,10:00,35
2026-08-03,1,11:00,15
2026-08-03,1,12:00,1
2026-08-03,1,13:00,26
2026-08-03,1,14:00,29
2026-08-03,1,15:00,27
2026-08-03,1,16:00,10
2026-08-03,1,17:00,12
2026-08-03,1,18:00,35
2026-08-03,1,19:00,30
2026-08-03,2,08:30,19
2026-08-03,2,09:30,24
2026-08-03,2,10:30,22
2026-08-03,2,11:30,8
2026-08-03,2,12:30,15
2026-08-03,2,13:30,5
2026-08-03,2,14:30,33
2026-08-03,2,15:30,2
2026-08-03,2,16:30,00
2026-08-03,2,17:30,9
2026-08-03,2,18:30,20
2026-08-03,2,19:30,14
2026-08-03,3,08:00,15
2026-08-03,3,09:00,28
2026-08-03,3,10:00,22
2026-08-03,3,11:00,36
2026-08-03,3,12:00,34
2026-08-03,3,13:00,26
2026-08-03,3,14:00,2
2026-08-03,3,15:00,1
2026-08-03,3,16:00,26
2026-08-03,3,17:00,12
2026-08-03,3,18:00,35
2026-08-03,3,19:00,2
2026-08-03,3,20:00,28
2026-08-03,3,21:00,15
2026-08-04,1,08:00,34
2026-08-04,1,09:00,33
2026-08-04,1,10:00,29
2026-08-04,1,11:00,13
2026-08-04,1,12:00,11
2026-08-04,1,13:00,26
2026-08-04,1,14:00,31
2026-08-04,1,15:00,21
2026-08-04,1,16:00,36
2026-08-04,1,17:00,23
2026-08-04,1,18:00,19
2026-08-04,1,19:00,13
2026-08-04,2,08:30,29
2026-08-04,2,09:30,5
2026-08-04,2,10:30,8
2026-08-04,2,11:30,3
2026-08-04,2,12:30,23
2026-08-04,2,13:30,12
2026-08-04,2,14:30,6
2026-08-04,2,15:30,20
2026-08-04,2,16:30,00
2026-08-04,2,17:30,19
2026-08-04,2,18:30,33
2026-08-04,2,19:30,15
2026-08-04,3,08:00,6
2026-08-04,3,09:00,7
2026-08-04,3,10:00,25
2026-08-04,3,11:00,10
2026-08-04,3,12:00,29
2026-08-04,3,13:00,28
2026-08-04,3,14:00,25
2026-08-04,3,15:00,35
2026-08-04,3,16:00,32
2026-08-04,3,17:00,1
2026-08-04,3,18:00,0
2026-08-04,3,19:00,10
2026-08-04,3,20:00,12
2026-08-04,3,21:00,10
2026-08-05,1,08:00,3
2026-08-05,1,09:00,14
2026-08-05,1,10:00,12
2026-08-05,1,11:00,33
2026-08-05,1,12:00,10
2026-08-05,1,13:00,6
2026-08-05,1,14:00,1
2026-08-05,1,15:00,24
2026-08-05,1,16:00,4
2026-08-05,1,17:00,18
2026-08-05,1,18:00,13
2026-08-05,1,19:00,27
2026-08-05,2,08:30,0
2026-08-05,2,09:30,22
2026-08-05,2,10:30,34
2026-08-05,2,11:30,21
2026-08-05,2,12:30,30
2026-08-05,2,13:30,23
2026-08-05,2,14:30,5
2026-08-05,2,15:30,10
2026-08-05,2,16:30,3
2026-08-05,2,17:30,17
2026-08-05,2,18:30,6
2026-08-05,2,19:30,5
2026-08-05,3,08:00,27
2026-08-05,3,09:00,22
2026-08-05,3,10:00,29
2026-08-05,3,11:00,30
2026-08-05,3,12:00,11
2026-08-05,3,13:00,4
2026-08-05,3,14:00,6
2026-08-05,3,15:00,28
2026-08-05,3,16:00,14
2026-08-05,3,17:00,4
2026-08-05,3,18:00,13
2026-08-05,3,19:00,2
2026-08-05,3,20:00,6
2026-08-05,3,21:00,30
2026-08-06,1,08:00,19
2026-08-06,1,09:00,00
2026-08-06,1,10:00,12
2026-08-06,1,11:00,6
2026-08-06,1,12:00,2
2026-08-06,1,13:00,13
2026-08-06,1,14:00,9
2026-08-06,1,15:00,14
2026-08-06,1,16:00,18
2026-08-06,1,17:00,30
2026-08-06,1,18:00,25
2026-08-06,1,19:00,33
2026-08-06,2,08:30,16
2026-08-06,2,09:30,7
2026-08-06,2,10:30,10
2026-08-06,2,11:30,24
2026-08-06,2,12:30,4
2026-08-06,2,13:30,20
2026-08-06,2,14:30,17
2026-08-06,2,15:30,29
2026-08-06,2,16:30,6
2026-08-06,2,17:30,8
2026-08-06,2,18:30,23
2026-08-06,2,19:30,18
2026-08-06,3,08:00,32
2026-08-06,3,09:00,30
2026-08-06,3,10:00,2
2026-08-06,3,11:00,7
2026-08-06,3,12:00,15
2026-08-06,3,13:00,0
2026-08-06,3,14:00,19
2026-08-06,3,15:00,34
2026-08-06,3,16:00,5
2026-08-06,3,17:00,24
2026-08-06,3,18:00,0
2026-08-06,3,19:00,11
2026-08-06,3,20:00,10
2026-08-06,3,21:00,13
2026-08-07,1,08:00,14
2026-08-07,1,09:00,21
2026-08-07,1,10:00,5
2026-08-07,1,11:00,33
2026-08-07,1,12:00,17
2026-08-07,1,13:00,11
2026-08-07,1,14:00,8
2026-08-07,1,15:00,24
2026-08-07,1,16:00,32
2026-08-07,1,17:00,00
2026-08-07,1,18:00,32
2026-08-07,1,19:00,36
2026-08-07,2,08:30,1
2026-08-07,2,09:30,17
2026-08-07,2,10:30,25
2026-08-07,2,11:30,32
2026-08-07,2,12:30,12
2026-08-07,2,13:30,30
2026-08-07,2,14:30,20
2026-08-07,2,15:30,16
2026-08-07,2,16:30,23
2026-08-07,2,17:30,13
2026-08-07,2,18:30,24
2026-08-07,2,19:30,29
2026-08-07,3,08:00,18
2026-08-07,3,09:00,25
2026-08-07,3,10:00,8
2026-08-07,3,11:00,3
2026-08-07,3,12:00,9
2026-08-07,3,13:00,14
2026-08-07,3,14:00,8
2026-08-07,3,15:00,10
2026-08-07,3,16:00,17
2026-08-07,3,17:00,27
2026-08-07,3,18:00,12
2026-08-07,3,19:00,15
2026-08-07,3,20:00,0
2026-08-07,3,21:00,21
2026-08-08,1,08:00,5
2026-08-08,1,09:00,31
2026-08-08,1,10:00,27
2026-08-08,1,11:00,33
2026-08-08,1,12:00,8
2026-08-08,1,13:00,3
2026-08-08,1,14:00,12
2026-08-08,1,15:00,32
2026-08-08,1,16:00,10
2026-08-08,1,17:00,2
2026-08-08,1,18:00,19
2026-08-08,1,19:00,17
2026-08-08,2,08:30,14
2026-08-08,2,09:30,15
2026-08-08,2,10:30,12
2026-08-08,2,11:30,28
2026-08-08,2,12:30,36
2026-08-08,2,13:30,25
2026-08-08,2,14:30,34
2026-08-08,2,15:30,29
2026-08-08,2,16:30,19
2026-08-08,2,17:30,6
2026-08-08,2,18:30,10
2026-08-08,2,19:30,21
2026-08-08,3,08:00,1
2026-08-08,3,09:00,2
2026-08-08,3,10:00,19
2026-08-08,3,11:00,29
2026-08-08,3,12:00,20
2026-08-08,3,13:00,00
2026-08-08,3,14:00,8
2026-08-08,3,15:00,20
2026-08-08,3,16:00,33
2026-08-08,3,17:00,13
2026-08-08,3,18:00,13
2026-08-08,3,19:00,15
2026-08-08,3,20:00,30
2026-08-08,3,21:00,17
2026-08-09,1,08:00,29
2026-08-09,1,09:00,12
2026-08-09,1,10:00,30
2026-08-09,1,11:00,19
2026-08-09,1,12:00,15
2026-08-09,1,13:00,22
2026-08-09,1,14:00,11
2026-08-09,1,15:00,16
2026-08-09,1,16:00,4
2026-08-09,1,17:00,32
2026-08-09,1,18:00,31
2026-08-09,1,19:00,2
2026-08-09,2,08:30,33
2026-08-09,2,09:30,17
2026-08-09,2,10:30,31
2026-08-09,2,11:30,25
2026-08-09,2,12:30,18
2026-08-09,2,13:30,32
2026-08-09,2,14:30,28
2026-08-09,2,15:30,21
2026-08-09,2,16:30,19
2026-08-09,2,17:30,0
2026-08-09,2,18:30,14
2026-08-09,2,19:30,21
2026-08-09,3,08:00,8
2026-08-09,3,09:00,14
2026-08-09,3,10:00,14
2026-08-09,3,11:00,18
2026-08-09,3,12:00,20
2026-08-09,3,13:00,24
2026-08-09,3,14:00,11
2026-08-09,3,15:00,25
2026-08-09,3,16:00,25
2026-08-09,3,17:00,5
2026-08-09,3,18:00,4
2026-08-09,3,19:00,11
2026-08-09,3,20:00,10
2026-08-09,3,21:00,15
2026-08-10,1,08:00,32
2026-08-10,1,09:00,33
2026-08-10,1,10:00,3
2026-08-10,1,11:00,5
2026-08-10,1,12:00,27
2026-08-10,1,13:00,35
2026-08-10,1,14:00,21
2026-08-10,1,15:00,9
2026-08-10,1,16:00,4
2026-08-10,1,17:00,1
2026-08-10,1,18:00,25
2026-08-10,1,19:00,8
2026-08-10,2,08:30,29
2026-08-10,2,09:30,2
2026-08-10,2,10:30,4
2026-08-10,2,11:30,28
2026-08-10,2,12:30,16
2026-08-10,2,13:30,24
2026-08-10,2,14:30,10
2026-08-10,2,15:30,14
2026-08-10,2,16:30,26
2026-08-10,2,17:30,31
2026-08-10,2,18:30,12
2026-08-10,2,19:30,5
2026-08-10,3,08:00,30
2026-08-10,3,09:00,21
2026-08-10,3,10:00,23
2026-08-10,3,11:00,30
2026-08-10,3,12:00,9
2026-08-10,3,13:00,31
2026-08-10,3,14:00,8
2026-08-10,3,15:00,00
2026-08-10,3,16:00,10
2026-08-10,3,17:00,9
2026-08-10,3,18:00,26
2026-08-10,3,19:00,6
2026-08-10,3,20:00,1
2026-08-10,3,21:00,17
2026-08-11,1,08:00,5
2026-08-11,1,09:00,11
2026-08-11,1,10:00,8
2026-08-11,1,11:00,4
2026-08-11,1,12:00,18
2026-08-11,1,13:00,17
2026-08-11,1,14:00,25
2026-08-11,1,15:00,26
2026-08-11,1,16:00,27
2026-08-11,1,17:00,24
2026-08-11,1,18:00,29
2026-08-11,1,19:00,16
2026-08-11,2,08:30,22
2026-08-11,2,09:30,21
2026-08-11,2,10:30,25
2026-08-11,2,11:30,5
2026-08-11,2,12:30,29
2026-08-11,2,13:30,0
2026-08-11,2,14:30,17
2026-08-11,2,15:30,24
2026-08-11,2,16:30,00
2026-08-11,2,17:30,2
2026-08-11,2,18:30,19
2026-08-11,2,19:30,24
2026-08-11,3,08:00,28
2026-08-11,3,09:00,17
2026-08-11,3,10:00,21
2026-08-11,3,11:00,5
2026-08-11,3,12:00,36
2026-08-11,3,13:00,27
2026-08-11,3,14:00,33
2026-08-11,3,15:00,0
2026-08-11,3,16:00,34
2026-08-11,3,17:00,1
2026-08-11,3,18:00,16
2026-08-11,3,19:00,0
2026-08-11,3,20:00,19
2026-08-11,3,21:00,5
2026-08-12,1,08:00,32
2026-08-12,1,09:00,16
2026-08-12,1,10:00,20
2026-08-12,1,11:00,9
2026-08-12,1,12:00,19
2026-08-12,1,13:00,11
2026-08-12,1,14:00,3
2026-08-12,1,15:00,7
2026-08-12,1,16:00,0
2026-08-12,1,17:00,1
2026-08-12,1,18:00,21
2026-08-12,1,19:00,1
2026-08-12,2,08:30,26
2026-08-12,2,09:30,8
2026-08-12,2,10:30,00
2026-08-12,2,11:30,34
2026-08-12,2,12:30,27
2026-08-12,2,13:30,35
2026-08-12,2,14:30,29
2026-08-12,2,15:30,14
2026-08-12,2,16:30,36
2026-08-12,2,17:30,3
2026-08-12,2,18:30,32
2026-08-12,2,19:30,1
2026-08-12,3,08:00,25
2026-08-12,3,09:00,21
2026-08-12,3,10:00,17
2026-08-12,3,11:00,16
2026-08-12,3,12:00,00
2026-08-12,3,13:00,00
2026-08-12,3,14:00,24
2026-08-12,3,15:00,29
2026-08-12,3,16:00,28
2026-08-12,3,17:00,4
2026-08-12,3,18:00,21
2026-08-12,3,19:00,1
2026-08-12,3,20:00,36
2026-08-12,3,21:00,23
2026-08-13,1,08:00,12
2026-08-13,1,09:00,3
2026-08-13,1,10:00,35
2026-08-13,1,11:00,20
2026-08-13,1,12:00,14
2026-08-13,1,13:00,6
2026-08-13,1,14:00,14
2026-08-13,1,15:00,34
2026-08-13,1,16:00,15
2026-08-13,1,17:00,5
2026-08-13,1,18:00,4
2026-08-13,1,19:00,19
2026-08-13,2,08:30,16
2026-08-13,2,09:30,0
2026-08-13,2,10:30,17
2026-08-13,2,11:30,13
2026-08-13,2,12:30,24
2026-08-13,2,13:30,12
2026-08-13,2,14:30,33
2026-08-13,2,15:30,36
2026-08-13,2,16:30,14
2026-08-13,2,17:30,35
2026-08-13,2,18:30,6
2026-08-13,2,19:30,13
2026-08-13,3,08:00,36
2026-08-13,3,09:00,20
2026-08-13,3,10:00,2
2026-08-13,3,11:00,35
2026-08-13,3,12:00,33
2026-08-13,3,13:00,29
2026-08-13,3,14:00,10
2026-08-13,3,15:00,28
2026-08-13,3,16:00,22
2026-08-13,3,17:00,17
2026-08-13,3,18:00,4
2026-08-13,3,19:00,24
2026-08-13,3,20:00,31
2026-08-13,3,21:00,7
2026-08-14,1,08:00,6
2026-08-14,1,09:00,1
2026-08-14,1,10:00,21
2026-08-14,1,11:00,2
2026-08-14,1,12:00,19
2026-08-14,1,13:00,26
2026-08-14,1,14:00,35
2026-08-14,1,15:00,28
2026-08-14,1,16:00,31
2026-08-14,1,17:00,12
2026-08-14,1,18:00,12
2026-08-14,1,19:00,4
2026-08-14,2,08:30,27
2026-08-14,2,09:30,23
2026-08-14,2,10:30,8
2026-08-14,2,11:30,31
2026-08-14,2,12:30,17
2026-08-14,2,13:30,4
2026-08-14,2,14:30,9
2026-08-14,2,15:30,2
2026-08-14,2,16:30,20
2026-08-14,2,17:30,35
2026-08-14,2,18:30,25
2026-08-14,2,19:30,7
2026-08-14,3,08:00,9
2026-08-14,3,09:00,15
2026-08-14,3,10:00,31
2026-08-14,3,11:00,21
2026-08-14,3,12:00,18
2026-08-14,3,13:00,35
2026-08-14,3,14:00,32
2026-08-14,3,15:00,35
2026-08-14,3,16:00,8
2026-08-14,3,17:00,34
2026-08-14,3,18:00,4
2026-08-14,3,19:00,17
2026-08-14,3,20:00,24
2026-08-14,3,21:00,9
2026-08-15,1,08:00,15
2026-08-15,1,09:00,31
2026-08-15,1,10:00,26
2026-08-15,1,11:00,34
2026-08-15,1,12:00,17
2026-08-15,1,13:00,30
2026-08-15,1,14:00,8
2026-08-15,1,15:00,33
2026-08-15,1,16:00,5
2026-08-15,1,17:00,4
2026-08-15,1,18:00,6
2026-08-15,1,19:00,00
2026-08-15,2,08:30,36
2026-08-15,2,09:30,00
2026-08-15,2,10:30,30
2026-08-15,2,11:30,23
2026-08-15,2,12:30,21
2026-08-15,2,13:30,31
2026-08-15,2,14:30,24
2026-08-15,2,15:30,19
2026-08-15,2,16:30,3
2026-08-15,2,17:30,8
2026-08-15,2,18:30,28
2026-08-15,2,19:30,6
2026-08-15,3,08:00,1
2026-08-15,3,09:00,35
2026-08-15,3,10:00,25
2026-08-15,3,11:00,31
2026-08-15,3,12:00,27
2026-08-15,3,13:00,11
2026-08-15,3,14:00,2
2026-08-15,3,15:00,15
2026-08-15,3,16:00,9
2026-08-15,3,17:00,11
2026-08-15,3,18:00,32
2026-08-15,3,19:00,28
2026-08-15,3,20:00,17
2026-08-15,3,21:00,00
2026-08-16,1,08:00,35
2026-08-16,1,09:00,11
2026-08-16,1,10:00,21
2026-08-16,1,11:00,15
2026-08-16,1,12:00,11
2026-08-16,1,13:00,1
2026-08-16,1,14:00,13
2026-08-16,1,15:00,26
2026-08-16,1,16:00,23
2026-08-16,1,17:00,00
2026-08-16,1,18:00,7
2026-08-16,1,19:00,31
2026-08-16,2,08:30,24
2026-08-16,2,09:30,22
2026-08-16,2,10:30,33
2026-08-16,2,11:30,27
2026-08-16,2,12:30,36
2026-08-16,2,13:30,7
2026-08-16,2,14:30,30
2026-08-16,2,15:30,2
2026-08-16,2,16:30,8
2026-08-16,2,17:30,19
2026-08-16,2,18:30,26
2026-08-16,2,19:30,36
2026-08-16,3,08:00,5
2026-08-16,3,09:00,00
2026-08-16,3,10:00,19
2026-08-16,3,11:00,1
2026-08-16,3,12:00,1
2026-08-16,3,13:00,27
2026-08-16,3,14:00,17
2026-08-16,3,15:00,13
2026-08-16,3,16:00,32
2026-08-16,3,17:00,29
2026-08-16,3,18:00,21
2026-08-16,3,19:00,28
2026-08-16,3,20:00,23
2026-08-16,3,21:00,9
2026-08-17,1,08:00,33
2026-08-17,1,09:00,35
2026-08-17,1,10:00,10
2026-08-17,1,11:00,26
2026-08-17,1,12:00,34
2026-08-17,1,13:00,4
2026-08-17,1,14:00,21
2026-08-17,1,15:00,21
2026-08-17,1,16:00,12
2026-08-17,1,17:00,10
2026-08-17,1,18:00,00
2026-08-17,1,19:00,19
2026-08-17,2,08:30,21
2026-08-17,2,09:30,0
2026-08-17,2,10:30,8
2026-08-17,2,11:30,35
2026-08-17,2,12:30,00
2026-08-17,2,13:30,14
2026-08-17,2,14:30,4
2026-08-17,2,15:30,17
2026-08-17,2,16:30,19
2026-08-17,2,17:30,32
2026-08-17,2,18:30,27
2026-08-17,2,19:30,6
2026-08-17,3,08:00,32
2026-08-17,3,09:00,28
2026-08-17,3,10:00,14
2026-08-17,3,11:00,4
2026-08-17,3,12:00,7
2026-08-17,3,13:00,3
2026-08-17,3,14:00,23
2026-08-17,3,15:00,24
2026-08-17,3,16:00,20
2026-08-17,3,17:00,5
2026-08-17,3,18:00,0
2026-08-17,3,19:00,33
2026-08-17,3,20:00,15
2026-08-17,3,21:00,36
2026-08-18,1,08:00,29
2026-08-18,1,09:00,21
2026-08-18,1,10:00,27
2026-08-18,1,11:00,0
2026-08-18,1,12:00,35
2026-08-18,1,13:00,25
2026-08-18,1,14:00,34
2026-08-18,1,15:00,6
2026-08-18,1,16:00,19
2026-08-18,1,17:00,29
2026-08-18,1,18:00,9
2026-08-18,1,19:00,31
2026-08-18,2,08:30,36
2026-08-18,2,09:30,34
2026-08-18,2,10:30,18
2026-08-18,2,11:30,4
2026-08-18,2,12:30,12
2026-08-18,2,13:30,2
2026-08-18,2,14:30,33
2026-08-18,2,15:30,22
2026-08-18,2,16:30,31
2026-08-18,2,17:30,3
2026-08-18,2,18:30,0
2026-08-18,2,19:30,19
2026-08-18,3,08:00,35
2026-08-18,3,09:00,35
2026-08-18,3,10:00,29
2026-08-18,3,11:00,12
2026-08-18,3,12:00,18
2026-08-18,3,13:00,1
2026-08-18,3,14:00,32
2026-08-18,3,15:00,34
2026-08-18,3,16:00,13
2026-08-18,3,17:00,16
2026-08-18,3,18:00,19
2026-08-18,3,19:00,1
2026-08-18,3,20:00,35
2026-08-18,3,21:00,16
2026-08-19,1,08:00,16
2026-08-19,1,09:00,31
2026-08-19,1,10:00,14
2026-08-19,1,11:00,5
2026-08-19,1,12:00,1
2026-08-19,1,13:00,35
2026-08-19,1,14:00,00
2026-08-19,1,15:00,16
2026-08-19,1,16:00,36
2026-08-19,1,17:00,22
2026-08-19,1,18:00,31
2026-08-19,1,19:00,3
2026-08-19,2,08:30,6
2026-08-19,2,09:30,33
2026-08-19,2,10:30,22
2026-08-19,2,11:30,23
2026-08-19,2,12:30,20
2026-08-19,2,13:30,31
2026-08-19,2,14:30,25
2026-08-19,2,15:30,27
2026-08-19,2,16:30,9
2026-08-19,2,17:30,7
2026-08-19,2,18:30,27
2026-08-19,2,19:30,28
2026-08-19,3,08:00,24
2026-08-19,3,09:00,0
2026-08-19,3,10:00,15
2026-08-19,3,11:00,21
2026-08-19,3,12:00,29
2026-08-19,3,13:00,21
2026-08-19,3,14:00,27
2026-08-19,3,15:00,4
2026-08-19,3,16:00,16
2026-08-19,3,17:00,31
2026-08-19,3,18:00,26
2026-08-19,3,19:00,33
2026-08-19,3,20:00,11
2026-08-19,3,21:00,31
2026-08-20,1,08:00,5
2026-08-20,1,09:00,18
2026-08-20,1,10:00,14
2026-08-20,1,11:00,00
2026-08-20,1,12:00,10
2026-08-20,1,13:00,16
2026-08-20,1,14:00,27
2026-08-20,1,15:00,21
2026-08-20,1,16:00,36
2026-08-20,1,17:00,17
2026-08-20,1,18:00,31
2026-08-20,1,19:00,6
2026-08-20,2,08:30,13
2026-08-20,2,09:30,35
2026-08-20,2,10:30,8
2026-08-20,2,11:30,6
2026-08-20,2,12:30,3
2026-08-20,2,13:30,17
2026-08-20,2,14:30,5
2026-08-20,2,15:30,34
2026-08-20,2,16:30,12
2026-08-20,2,17:30,3
2026-08-20,2,18:30,10
2026-08-20,2,19:30,18
2026-08-20,3,08:00,25
2026-08-20,3,09:00,26
2026-08-20,3,10:00,14
2026-08-20,3,11:00,35
2026-08-20,3,12:00,21
2026-08-20,3,13:00,0
2026-08-20,3,14:00,32
2026-08-20,3,15:00,35
2026-08-20,3,16:00,36
2026-08-20,3,17:00,8
2026-08-20,3,18:00,0
2026-08-20,3,19:00,2
2026-08-20,3,20:00,36
2026-08-20,3,21:00,14
2026-08-21,1,08:00,34
2026-08-21,1,09:00,32
2026-08-21,1,10:00,17
2026-08-21,1,11:00,25
2026-08-21,1,12:00,18
2026-08-21,1,13:00,8
2026-08-21,1,14:00,25
2026-08-21,1,15:00,4
2026-08-21,1,16:00,27
2026-08-21,1,17:00,20
2026-08-21,1,18:00,28
2026-08-21,1,19:00,32
2026-08-21,2,08:30,0
2026-08-21,2,09:30,21
2026-08-21,2,10:30,5
2026-08-21,2,11:30,34
2026-08-21,2,12:30,26
2026-08-21,2,13:30,32
2026-08-21,2,14:30,2
2026-08-21,2,15:30,27
2026-08-21,2,16:30,33
2026-08-21,2,17:30,12
2026-08-21,2,18:30,17
2026-08-21,2,19:30,36
2026-08-21,3,08:00,15
2026-08-21,3,09:00,27
2026-08-21,3,10:00,17
2026-08-21,3,11:00,8
2026-08-21,3,12:00,29
2026-08-21,3,13:00,34
2026-08-21,3,14:00,1
2026-08-21,3,15:00,12
2026-08-21,3,16:00,7
2026-08-21,3,17:00,36
2026-08-21,3,18:00,36
2026-08-21,3,19:00,25
2026-08-21,3,20:00,6
2026-08-21,3,21:00,25
2026-08-22,1,08:00,1
2026-08-22,1,09:00,3
2026-08-22,1,10:00,00
2026-08-22,1,11:00,17
2026-08-22,1,12:00,33
2026-08-22,1,13:00,26
2026-08-22,1,14:00,29
2026-08-22,1,15:00,14
2026-08-22,1,16:00,27
2026-08-22,1,17:00,9
2026-08-22,1,18:00,5
2026-08-22,1,19:00,27
2026-08-22,2,08:30,20
2026-08-22,2,09:30,12
2026-08-22,2,10:30,34
2026-08-22,2,11:30,13
2026-08-22,2,12:30,14
2026-08-22,2,13:30,21
2026-08-22,2,14:30,29
2026-08-22,2,15:30,16
2026-08-22,2,16:30,25
2026-08-22,2,17:30,3
2026-08-22,2,18:30,24
2026-08-22,2,19:30,9
2026-08-22,3,08:00,18
2026-08-22,3,09:00,5
2026-08-22,3,10:00,9
2026-08-22,3,11:00,24
2026-08-22,3,12:00,14
2026-08-22,3,13:00,33
2026-08-22,3,14:00,3
2026-08-22,3,15:00,18
2026-08-22,3,16:00,34
2026-08-22,3,17:00,0
2026-08-22,3,18:00,36
2026-08-22,3,19:00,6
2026-08-22,3,20:00,9
2026-08-22,3,21:00,7
2026-08-23,1,08:00,4
2026-08-23,1,09:00,8
2026-08-23,1,10:00,30
2026-08-23,1,11:00,24
2026-08-23,1,12:00,15
2026-08-23,1,13:00,23
2026-08-23,1,14:00,20
2026-08-23,1,15:00,16
2026-08-23,1,16:00,2
2026-08-23,1,17:00,11
2026-08-23,1,18:00,36
2026-08-23,1,19:00,29
2026-08-23,2,08:30,34
2026-08-23,2,09:30,24
2026-08-23,2,10:30,18
2026-08-23,2,11:30,7
2026-08-23,2,12:30,36
2026-08-23,2,13:30,17
2026-08-23,2,14:30,27
2026-08-23,2,15:30,15
2026-08-23,2,16:30,0
2026-08-23,2,17:30,1
2026-08-23,2,18:30,6
2026-08-23,2,19:30,11
2026-08-23,3,08:00,29
2026-08-23,3,09:00,36
2026-08-23,3,10:00,4
2026-08-23,3,11:00,8
2026-08-23,3,12:00,24
2026-08-23,3,13:00,16
2026-08-23,3,14:00,18
2026-08-23,3,15:00,9
2026-08-23,3,16:00,28
2026-08-23,3,17:00,1
2026-08-23,3,18:00,20
2026-08-23,3,19:00,30
2026-08-23,3,20:00,14
2026-08-23,3,21:00,24
2026-08-24,1,08:00,25
2026-08-24,1,09:00,1
2026-08-24,1,10:00,4
2026-08-24,1,11:00,9
2026-08-24,1,12:00,5
2026-08-24,1,13:00,32
2026-08-24,1,14:00,29
2026-08-24,1,15:00,12
2026-08-24,1,16:00,11
2026-08-24,1,17:00,15
2026-08-24,1,18:00,9
2026-08-24,1,19:00,18
2026-08-24,2,08:30,16
2026-08-24,2,09:30,23
2026-08-24,2,10:30,00
2026-08-24,2,11:30,29
2026-08-24,2,12:30,28
2026-08-24,2,13:30,36
2026-08-24,2,14:30,2
2026-08-24,2,15:30,4
2026-08-24,2,16:30,7
2026-08-24,2,17:30,13
2026-08-24,2,18:30,21
2026-08-24,2,19:30,30
2026-08-24,3,08:00,27
2026-08-24,3,09:00,5
2026-08-24,3,10:00,1
2026-08-24,3,11:00,0
2026-08-24,3,12:00,10
2026-08-24,3,13:00,18
2026-08-24,3,14:00,15
2026-08-24,3,15:00,29
2026-08-24,3,16:00,26
2026-08-24,3,17:00,7
2026-08-24,3,18:00,23
2026-08-24,3,19:00,11
2026-08-24,3,20:00,13
2026-08-24,3,21:00,5
2026-08-25,1,08:00,00
2026-08-25,1,09:00,30
2026-08-25,1,10:00,12
2026-08-25,1,11:00,0
2026-08-25,1,12:00,1
2026-08-25,1,13:00,20
2026-08-25,1,14:00,34
2026-08-25,1,15:00,27
2026-08-25,1,16:00,23
2026-08-25,1,17:00,8
2026-08-25,1,18:00,21
2026-08-25,1,19:00,25
2026-08-25,2,08:30,7
2026-08-25,2,09:30,27
2026-08-25,2,10:30,21
2026-08-25,2,11:30,31
2026-08-25,2,12:30,23
2026-08-25,2,13:30,5
2026-08-25,2,14:30,1
2026-08-25,2,15:30,24
2026-08-25,2,16:30,36
2026-08-25,2,17:30,34
2026-08-25,2,18:30,33
2026-08-25,2,19:30,20
2026-08-25,3,08:00,0
2026-08-25,3,09:00,36
2026-08-25,3,10:00,11
2026-08-25,3,11:00,11
2026-08-25,3,12:00,29
2026-08-25,3,13:00,16
2026-08-25,3,14:00,00
2026-08-25,3,15:00,14
2026-08-25,3,16:00,33
2026-08-25,3,17:00,15
2026-08-25,3,18:00,2
2026-08-25,3,19:00,7
2026-08-25,3,20:00,14
2026-08-25,3,21:00,28
2026-08-26,1,08:00,20
2026-08-26,1,09:00,13
2026-08-26,1,10:00,25
2026-08-26,1,11:00,15
2026-08-26,1,12:00,26
2026-08-26,1,13:00,32
2026-08-26,1,14:00,19
2026-08-26,1,15:00,10
2026-08-26,1,16:00,28
2026-08-26,1,17:00,00
2026-08-26,1,18:00,11
2026-08-26,1,19:00,18
2026-08-26,2,08:30,18
2026-08-26,2,09:30,00
2026-08-26,2,10:30,29
2026-08-26,2,11:30,8
2026-08-26,2,12:30,12
2026-08-26,2,13:30,21
2026-08-26,2,14:30,9
2026-08-26,2,15:30,27
2026-08-26,2,16:30,19
2026-08-26,2,17:30,24
2026-08-26,2,18:30,3
2026-08-26,2,19:30,35
2026-08-26,3,08:00,15
2026-08-26,3,09:00,11
2026-08-26,3,10:00,16
2026-08-26,3,11:00,10
2026-08-26,3,12:00,1
2026-08-26,3,13:00,15
2026-08-26,3,14:00,30
2026-08-26,3,15:00,18
2026-08-26,3,16:00,18
2026-08-26,3,17:00,7
2026-08-26,3,18:00,36
2026-08-26,3,19:00,7
2026-08-26,3,20:00,22
2026-08-26,3,21:00,2
2026-08-27,1,08:00,27
2026-08-27,1,09:00,00
2026-08-27,1,10:00,22
2026-08-27,1,11:00,32
2026-08-27,1,12:00,17
2026-08-27,1,13:00,12
2026-08-27,1,14:00,0
2026-08-27,1,15:00,7
2026-08-27,1,16:00,19
2026-08-27,1,17:00,28
2026-08-27,1,18:00,3
2026-08-27,1,19:00,21
2026-08-27,2,08:30,16
2026-08-27,2,09:30,31
2026-08-27,2,10:30,26
2026-08-27,2,11:30,7
2026-08-27,2,12:30,4
2026-08-27,2,13:30,00
2026-08-27,2,14:30,14
2026-08-27,2,15:30,24
2026-08-27,2,16:30,35
2026-08-27,2,17:30,22
2026-08-27,2,18:30,17
2026-08-27,2,19:30,34
2026-08-27,3,08:00,8
2026-08-27,3,09:00,31
2026-08-27,3,10:00,23
2026-08-27,3,11:00,16
2026-08-27,3,12:00,0
2026-08-27,3,13:00,13
2026-08-27,3,14:00,8
2026-08-27,3,15:00,8
2026-08-27,3,16:00,19
2026-08-27,3,17:00,22
2026-08-27,3,18:00,18
2026-08-27,3,19:00,00
2026-08-27,3,20:00,13
2026-08-27,3,21:00,4
2026-08-28,1,08:00,20
2026-08-28,1,09:00,0
2026-08-28,1,10:00,13
2026-08-28,1,11:00,24
2026-08-28,1,12:00,10
2026-08-28,1,13:00,11
2026-08-28,1,14:00,8
2026-08-28,1,15:00,36
2026-08-28,1,16:00,35
2026-08-28,1,17:00,16
2026-08-28,1,18:00,9
2026-08-28,1,19:00,6
2026-08-28,2,08:30,9
2026-08-28,2,09:30,25
2026-08-28,2,10:30,36
2026-08-28,2,11:30,29
2026-08-28,2,12:30,7
2026-08-28,2,13:30,21
2026-08-28,2,14:30,13
2026-08-28,2,15:30,10
2026-08-28,2,16:30,31
2026-08-28,2,17:30,22
2026-08-28,2,18:30,26
2026-08-28,2,19:30,8
2026-08-28,3,08:00,1
2026-08-28,3,09:00,19
2026-08-28,3,10:00,26
2026-08-28,3,11:00,22
2026-08-28,3,12:00,9
2026-08-28,3,13:00,22
2026-08-28,3,14:00,5
2026-08-28,3,15:00,13
2026-08-28,3,16:00,4
2026-08-28,3,17:00,10
2026-08-28,3,18:00,26
2026-08-28,3,19:00,0
2026-08-28,3,20:00,22
2026-08-28,3,21:00,24
2026-08-29,1,08:00,27
2026-08-29,1,09:00,29
2026-08-29,1,10:00,24
2026-08-29,1,11:00,17
2026-08-29,1,12:00,21
2026-08-29,1,13:00,23
2026-08-29,1,14:00,10
2026-08-29,1,15:00,22
2026-08-29,1,16:00,36
2026-08-29,1,17:00,0
2026-08-29,1,18:00,26
2026-08-29,1,19:00,22
2026-08-29,2,08:30,4
2026-08-29,2,09:30,7
2026-08-29,2,10:30,16
2026-08-29,2,11:30,23
2026-08-29,2,12:30,0
2026-08-29,2,13:30,34
2026-08-29,2,14:30,6
2026-08-29,2,15:30,2
2026-08-29,2,16:30,17
2026-08-29,2,17:30,9
2026-08-29,2,18:30,00
2026-08-29,2,19:30,24
2026-08-29,3,08:00,4
2026-08-29,3,09:00,25
2026-08-29,3,10:00,33
2026-08-29,3,11:00,14
2026-08-29,3,12:00,31
2026-08-29,3,13:00,25
2026-08-29,3,14:00,9
2026-08-29,3,15:00,17
2026-08-29,3,16:00,13
2026-08-29,3,17:00,32
2026-08-29,3,18:00,17
2026-08-29,3,19:00,25
2026-08-29,3,20:00,3
2026-08-29,3,21:00,2
2026-08-30,1,08:00,16
2026-08-30,1,09:00,25
2026-08-30,1,10:00,14
2026-08-30,1,11:00,13
2026-08-30,1,12:00,28
2026-08-30,1,13:00,27
2026-08-30,1,14:00,10
2026-08-30,1,15:00,4
2026-08-30,1,16:00,22
2026-08-30,1,17:00,29
2026-08-30,1,18:00,21
2026-08-30,1,19:00,19
2026-08-30,2,08:30,8
2026-08-30,2,09:30,19
2026-08-30,2,10:30,9
2026-08-30,2,11:30,10
2026-08-30,2,12:30,36
2026-08-30,2,13:30,32
2026-08-30,2,14:30,7
2026-08-30,2,15:30,23
2026-08-30,2,16:30,14
2026-08-30,2,17:30,15
2026-08-30,2,18:30,12
2026-08-30,2,19:30,9
2026-08-30,3,08:00,27
2026-08-30,3,09:00,16
2026-08-30,3,10:00,00
2026-08-30,3,11:00,1
2026-08-30,3,12:00,2
2026-08-30,3,13:00,26
2026-08-30,3,14:00,18
2026-08-30,3,15:00,6
2026-08-30,3,16:00,25
2026-08-30,3,17:00,25
2026-08-30,3,18:00,32
2026-08-30,3,19:00,36
2026-08-30,3,20:00,11
2026-08-30,3,21:00,17
2026-08-31,1,08:00,23
2026-08-31,1,09:00,6
2026-08-31,1,10:00,14
2026-08-31,1,11:00,11
2026-08-31,1,12:00,16
2026-08-31,1,13:00,0
2026-08-31,1,14:00,5
2026-08-31,1,15:00,24
2026-08-31,1,16:00,3
2026-08-31,1,17:00,18
2026-08-31,1,18:00,17
2026-08-31,1,19:00,27
2026-08-31,2,08:30,17
2026-08-31,2,09:30,25
2026-08-31,2,10:30,16
2026-08-31,2,11:30,32
2026-08-31,2,12:30,30
2026-08-31,2,13:30,11
2026-08-31,2,14:30,26
2026-08-31,2,15:30,7
2026-08-31,2,16:30,22
2026-08-31,2,17:30,2
2026-08-31,2,18:30,8
2026-08-31,2,19:30,11
2026-08-31,3,08:00,32
2026-08-31,3,09:00,10
2026-08-31,3,10:00,30
2026-08-31,3,11:00,22
2026-08-31,3,12:00,30
2026-08-31,3,13:00,32
2026-08-31,3,14:00,32
2026-08-31,3,15:00,32
2026-08-31,3,16:00,24
2026-08-31,3,17:00,13
2026-08-31,3,18:00,21
2026-08-31,3,19:00,7
2026-08-31,3,20:00,2
2026-08-31,3,21:00,13
2026-09-01,1,08:00,7
2026-09-01,1,09:00,26
2026-09-01,1,10:00,14
2026-09-01,1,11:00,29
2026-09-01,1,12:00,16
2026-09-01,1,13:00,28
2026-09-01,1,14:00,4
2026-09-01,1,15:00,0
2026-09-01,1,16:00,25
2026-09-01,1,17:00,19
2026-09-01,1,18:00,3
2026-09-01,1,19:00,23
2026-09-01,2,08:30,6
2026-09-01,2,09:30,34
2026-09-01,2,10:30,27
2026-09-01,2,11:30,19
2026-09-01,2,12:30,17
2026-09-01,2,13:30,5
2026-09-01,2,14:30,14
2026-09-01,2,15:30,21
2026-09-01,2,16:30,00
2026-09-01,2,17:30,8
2026-09-01,2,18:30,0
2026-09-01,2,19:30,16
2026-09-01,3,08:00,00
2026-09-01,3,09:00,5
2026-09-01,3,10:00,34
2026-09-01,3,11:00,3
2026-09-01,3,12:00,9
2026-09-01,3,13:00,10
2026-09-01,3,14:00,34
2026-09-01,3,15:00,10
2026-09-01,3,16:00,14
2026-09-01,3,17:00,7
2026-09-01,3,18:00,10
2026-09-01,3,19:00,3
2026-09-01,3,20:00,23
2026-09-01,3,21:00,25
2026-09-02,1,08:00,15
2026-09-02,1,09:00,31
2026-09-02,1,10:00,17
2026-09-02,1,11:00,16
2026-09-02,1,12:00,10
2026-09-02,1,13:00,28
2026-09-02,1,14:00,35
2026-09-02,1,15:00,20
2026-09-02,1,16:00,11
2026-09-02,1,17:00,4
2026-09-02,1,18:00,35
2026-09-02,1,19:00,3
2026-09-02,2,08:30,28
2026-09-02,2,09:30,0
2026-09-02,2,10:30,25
2026-09-02,2,11:30,24
2026-09-02,2,12:30,31
2026-09-02,2,13:30,32
2026-09-02,2,14:30,5
2026-09-02,2,15:30,27
2026-09-02,2,16:30,00
2026-09-02,2,17:30,2
2026-09-02,2,18:30,30
2026-09-02,2,19:30,32
2026-09-02,3,08:00,15
2026-09-02,3,09:00,11
2026-09-02,3,10:00,7
2026-09-02,3,11:00,10
2026-09-02,3,12:00,20
2026-09-02,3,13:00,1
2026-09-02,3,14:00,29
2026-09-02,3,15:00,23
2026-09-02,3,16:00,32
2026-09-02,3,17:00,20
2026-09-02,3,18:00,00
2026-09-02,3,19:00,1
2026-09-02,3,20:00,25
2026-09-02,3,21:00,13
2026-09-03,1,08:00,7
2026-09-03,1,09:00,16
2026-09-03,1,10:00,1
2026-09-03,1,11:00,35
2026-09-03,1,12:00,00
2026-09-03,1,13:00,31
2026-09-03,1,14:00,13
2026-09-03,1,15:00,11
2026-09-03,1,16:00,30
2026-09-03,1,17:00,9
2026-09-03,1,18:00,23
2026-09-03,1,19:00,16
2026-09-03,2,08:30,34
2026-09-03,2,09:30,24
2026-09-03,2,10:30,9
2026-09-03,2,11:30,28
2026-09-03,2,12:30,29
2026-09-03,2,13:30,23
2026-09-03,2,14:30,19
2026-09-03,2,15:30,25
2026-09-03,2,16:30,32
2026-09-03,2,17:30,29
2026-09-03,2,18:30,33
2026-09-03,2,19:30,10
2026-09-03,3,08:00,10
2026-09-03,3,09:00,33
2026-09-03,3,10:00,33
2026-09-03,3,11:00,36
2026-09-03,3,12:00,1
2026-09-03,3,13:00,23
2026-09-03,3,14:00,0
2026-09-03,3,15:00,35
2026-09-03,3,16:00,29
2026-09-03,3,17:00,22
2026-09-03,3,18:00,33
2026-09-03,3,19:00,23
2026-09-03,3,20:00,20
2026-09-03,3,21:00,3
2026-09-04,1,08:00,15
2026-09-04,1,09:00,7
2026-09-04,1,10:00,1
2026-09-04,1,11:00,12
2026-09-04,1,12:00,34
2026-09-04,1,13:00,12
2026-09-04,1,14:00,27
2026-09-04,1,15:00,6
2026-09-04,1,16:00,28
2026-09-04,1,17:00,25
2026-09-04,1,18:00,7
2026-09-04,1,19:00,36
2026-09-04,2,08:30,8
2026-09-04,2,09:30,2
2026-09-04,2,10:30,19
2026-09-04,2,11:30,18
2026-09-04,2,12:30,35
2026-09-04,2,13:30,34
2026-09-04,2,14:30,9
2026-09-04,2,15:30,11
2026-09-04,2,16:30,7
2026-09-04,2,17:30,23
2026-09-04,2,18:30,24
2026-09-04,2,19:30,31
2026-09-04,3,08:00,22
2026-09-04,3,09:00,15
2026-09-04,3,10:00,31
2026-09-04,3,11:00,10
2026-09-04,3,12:00,20
2026-09-04,3,13:00,32
2026-09-04,3,14:00,22
2026-09-04,3,15:00,18
2026-09-04,3,16:00,9
2026-09-04,3,17:00,27
2026-09-04,3,18:00,1
2026-09-04,3,19:00,00
2026-09-04,3,20:00,28
2026-09-04,3,21:00,6
2026-09-05,1,08:00,32
2026-09-05,1,09:00,27
2026-09-05,1,10:00,33
2026-09-05,1,11:00,19
2026-09-05,1,12:00,31
2026-09-05,1,13:00,35
2026-09-05,1,14:00,16
2026-09-05,1,15:00,11
2026-09-05,1,16:00,30
2026-09-05,1,17:00,29
2026-09-05,1,18:00,21
2026-09-05,1,19:00,34
2026-09-05,2,08:30,6
2026-09-05,2,09:30,13
2026-09-05,2,10:30,23
2026-09-05,2,11:30,27
2026-09-05,2,12:30,30
2026-09-05,2,13:30,5
2026-09-05,2,14:30,0
2026-09-05,2,15:30,32
2026-09-05,2,16:30,14
2026-09-05,2,17:30,3
2026-09-05,2,18:30,31
2026-09-05,2,19:30,0
2026-09-05,3,08:00,16
2026-09-05,3,09:00,2
2026-09-05,3,10:00,11
2026-09-05,3,11:00,22
2026-09-05,3,12:00,36
2026-09-05,3,13:00,11
2026-09-05,3,14:00,5
2026-09-05,3,15:00,34
2026-09-05,3,16:00,9
2026-09-05,3,17:00,00
2026-09-05,3,18:00,1
2026-09-05,3,19:00,15
2026-09-05,3,20:00,21
2026-09-05,3,21:00,6
2026-09-06,1,08:00,4
2026-09-06,1,09:00,15
2026-09-06,1,10:00,2
2026-09-06,1,11:00,22
2026-09-06,1,12:00,27
2026-09-06,1,13:00,32
2026-09-06,1,14:00,0
2026-09-06,1,15:00,33
2026-09-06,1,16:00,8
2026-09-06,1,17:00,11
2026-09-06,1,18:00,24
2026-09-06,1,19:00,6
2026-09-06,2,08:30,34
2026-09-06,2,09:30,2
2026-09-06,2,10:30,10
2026-09-06,2,11:30,5
2026-09-06,2,12:30,24
2026-09-06,2,13:30,29
2026-09-06,2,14:30,16
2026-09-06,2,15:30,20
2026-09-06,2,16:30,3
2026-09-06,2,17:30,6
2026-09-06,2,18:30,1
2026-09-06,2,19:30,00
2026-09-06,3,08:00,31
2026-09-06,3,09:00,25
2026-09-06,3,10:00,21
2026-09-06,3,11:00,26
2026-09-06,3,12:00,8
2026-09-06,3,13:00,32
2026-09-06,3,14:00,12
2026-09-06,3,15:00,3
2026-09-06,3,16:00,33
2026-09-06,3,17:00,7
2026-09-06,3,18:00,25
2026-09-06,3,19:00,34
2026-09-06,3,20:00,16
2026-09-06,3,21:00,12
2026-09-07,1,08:00,16
2026-09-07,1,09:00,22
2026-09-07,1,10:00,19
2026-09-07,1,11:00,36
2026-09-07,1,12:00,31
2026-09-07,1,13:00,23
2026-09-07,1,14:00,15
2026-09-07,1,15:00,29
2026-09-07,1,16:00,31
2026-09-07,1,17:00,10
2026-09-07,1,18:00,34
2026-09-07,1,19:00,30
2026-09-07,2,08:30,31
2026-09-07,2,09:30,23
2026-09-07,2,10:30,4
2026-09-07,2,11:30,33
2026-09-07,2,12:30,2
2026-09-07,2,13:30,11
2026-09-07,2,14:30,0
2026-09-07,2,15:30,24
2026-09-07,2,16:30,18
2026-09-07,2,17:30,20
2026-09-07,2,18:30,27
2026-09-07,2,19:30,16
2026-09-07,3,08:00,25
2026-09-07,3,09:00,16
2026-09-07,3,10:00,36
2026-09-07,3,11:00,36
2026-09-07,3,12:00,1
2026-09-07,3,13:00,19
2026-09-07,3,14:00,1
2026-09-07,3,15:00,33
2026-09-07,3,16:00,24
2026-09-07,3,17:00,26
2026-09-07,3,18:00,35
2026-09-07,3,19:00,14
2026-09-07,3,20:00,6
2026-09-07,3,21:00,19
2026-09-08,1,08:00,31
2026-09-08,1,09:00,14
2026-09-08,1,10:00,22
2026-09-08,1,11:00,8
2026-09-08,1,12:00,14
2026-09-08,1,13:00,10
2026-09-08,1,14:00,21
2026-09-08,1,15:00,35
2026-09-08,1,16:00,28
2026-09-08,1,17:00,36
2026-09-08,1,18:00,4
2026-09-08,1,19:00,29
2026-09-08,2,08:30,3
2026-09-08,2,09:30,30
2026-09-08,2,10:30,7
2026-09-08,2,11:30,18
2026-09-08,2,12:30,28
2026-09-08,2,13:30,36
2026-09-08,2,14:30,10
2026-09-08,2,15:30,32
2026-09-08,2,16:30,4
2026-09-08,2,17:30,1
2026-09-08,2,18:30,16
2026-09-08,2,19:30,2
2026-09-08,3,08:00,28
2026-09-08,3,09:00,26
2026-09-08,3,10:00,2
2026-09-08,3,11:00,6
2026-09-08,3,12:00,0
2026-09-08,3,13:00,11
2026-09-08,3,14:00,17
2026-09-08,3,15:00,8
2026-09-08,3,16:00,22
2026-09-08,3,17:00,15
2026-09-08,3,18:00,2
2026-09-08,3,19:00,29
2026-09-08,3,20:00,25
2026-09-08,3,21:00,17
2026-09-09,1,08:00,2
2026-09-09,1,09:00,5
2026-09-09,1,10:00,3
2026-09-09,1,11:00,19
2026-09-09,1,12:00,0
2026-09-09,1,13:00,27
2026-09-09,1,14:00,12
2026-09-09,1,15:00,36
2026-09-09,1,16:00,24
2026-09-09,1,17:00,30
2026-09-09,1,18:00,36
2026-09-09,1,19:00,15
2026-09-09,2,08:30,23
2026-09-09,2,09:30,31
2026-09-09,2,10:30,33
2026-09-09,2,11:30,7
2026-09-09,2,12:30,17
2026-09-09,2,13:30,25
2026-09-09,2,14:30,18
2026-09-09,2,15:30,0
2026-09-09,2,16:30,2
2026-09-09,2,17:30,32
2026-09-09,2,18:30,10
2026-09-09,2,19:30,11
2026-09-09,3,08:00,6
2026-09-09,3,09:00,15
2026-09-09,3,10:00,7
2026-09-09,3,11:00,12
2026-09-09,3,12:00,22
2026-09-09,3,13:00,36
2026-09-09,3,14:00,9
2026-09-09,3,15:00,26
2026-09-09,3,16:00,9
2026-09-09,3,17:00,8
2026-09-09,3,18:00,28
2026-09-09,3,19:00,3
2026-09-09,3,20:00,24
2026-09-09,3,21:00,9
2026-09-10,1,08:00,28
2026-09-10,1,09:00,24
2026-09-10,1,10:00,18
2026-09-10,1,11:00,14
2026-09-10,1,12:00,35
2026-09-10,1,13:00,16
2026-09-10,1,14:00,23
2026-09-10,1,15:00,13
2026-09-10,1,16:00,25
2026-09-10,1,17:00,3
2026-09-10,1,18:00,0
2026-09-10,1,19:00,0
2026-09-10,2,08:30,33
2026-09-10,2,09:30,35
2026-09-10,2,10:30,11
2026-09-10,2,11:30,17
2026-09-10,2,12:30,31
2026-09-10,2,13:30,8
2026-09-10,2,14:30,15
2026-09-10,2,15:30,18
2026-09-10,2,16:30,26
2026-09-10,2,17:30,10
2026-09-10,2,18:30,9
2026-09-10,2,19:30,20
2026-09-10,3,08:00,25
2026-09-10,3,09:00,22
2026-09-10,3,10:00,18
2026-09-10,3,11:00,8
2026-09-10,3,12:00,33
2026-09-10,3,13:00,00
2026-09-10,3,14:00,20
2026-09-10,3,15:00,3
2026-09-10,3,16:00,9
2026-09-10,3,17:00,28
2026-09-10,3,18:00,9
2026-09-10,3,19:00,5
2026-09-10,3,20:00,9
2026-09-10,3,21:00,27
2026-09-11,1,08:00,4
2026-09-11,1,09:00,31
2026-09-11,1,10:00,1
2026-09-11,1,11:00,28
2026-09-11,1,12:00,34
2026-09-11,1,13:00,5
2026-09-11,1,14:00,21
2026-09-11,1,15:00,16
2026-09-11,1,16:00,14
2026-09-11,1,17:00,20
2026-09-11,1,18:00,28
2026-09-11,1,19:00,8
2026-09-11,2,08:30,24
2026-09-11,2,09:30,23
2026-09-11,2,10:30,25
2026-09-11,2,11:30,7
2026-09-11,2,12:30,10
2026-09-11,2,13:30,8
2026-09-11,2,14:30,36
2026-09-11,2,15:30,17
2026-09-11,2,16:30,33
2026-09-11,2,17:30,13
2026-09-11,2,18:30,34
2026-09-11,2,19:30,24
2026-09-11,3,08:00,35
2026-09-11,3,09:00,00
2026-09-11,3,10:00,21
2026-09-11,3,11:00,00
2026-09-11,3,12:00,24
2026-09-11,3,13:00,15
2026-09-11,3,14:00,13
2026-09-11,3,15:00,36
2026-09-11,3,16:00,0
2026-09-11,3,17:00,34
2026-09-11,3,18:00,15
2026-09-11,3,19:00,2
2026-09-11,3,20:00,20
2026-09-11,3,21:00,31
2026-09-12,1,08:00,22
2026-09-12,1,09:00,20
2026-09-12,1,10:00,23
2026-09-12,1,11:00,36
2026-09-12,1,12:00,33
2026-09-12,1,13:00,4
2026-09-12,1,14:00,30
2026-09-12,1,15:00,28
2026-09-12,1,16:00,27
2026-09-12,1,17:00,3
2026-09-12,1,18:00,34
2026-09-12,1,19:00,14
2026-09-12,2,08:30,26
2026-09-12,2,09:30,9
2026-09-12,2,10:30,28
2026-09-12,2,11:30,0
2026-09-12,2,12:30,34
2026-09-12,2,13:30,18
2026-09-12,2,14:30,16
2026-09-12,2,15:30,15
2026-09-12,2,16:30,20
2026-09-12,2,17:30,24
2026-09-12,2,18:30,5
2026-09-12,2,19:30,36
2026-09-12,3,08:00,28
2026-09-12,3,09:00,2
2026-09-12,3,10:00,1
2026-09-12,3,11:00,14
2026-09-12,3,12:00,30
2026-09-12,3,13:00,13
2026-09-12,3,14:00,5
2026-09-12,3,15:00,20
2026-09-12,3,16:00,21
2026-09-12,3,17:00,25
2026-09-12,3,18:00,14
2026-09-12,3,19:00,28
2026-09-12,3,20:00,29
2026-09-12,3,21:00,15
2026-09-13,1,08:00,27
2026-09-13,1,09:00,1
2026-09-13,1,10:00,16
2026-09-13,1,11:00,8
2026-09-13,1,12:00,3
2026-09-13,1,13:00,2
2026-09-13,1,14:00,34
2026-09-13,1,15:00,7
2026-09-13,1,16:00,9
2026-09-13,1,17:00,22
2026-09-13,1,18:00,10
2026-09-13,1,19:00,8
2026-09-13,2,08:30,29
2026-09-13,2,09:30,10
2026-09-13,2,10:30,36
2026-09-13,2,11:30,16
2026-09-13,2,12:30,30
2026-09-13,2,13:30,18
2026-09-13,2,14:30,19
2026-09-13,2,15:30,4
2026-09-13,2,16:30,27
2026-09-13,2,17:30,2
2026-09-13,2,18:30,17
2026-09-13,2,19:30,12
2026-09-13,3,08:00,32
2026-09-13,3,09:00,29
2026-09-13,3,10:00,22
2026-09-13,3,11:00,17
2026-09-13,3,12:00,23
2026-09-13,3,13:00,29
2026-09-13,3,14:00,16
2026-09-13,3,15:00,6
2026-09-13,3,16:00,18
2026-09-13,3,17:00,26
2026-09-13,3,18:00,28
2026-09-13,3,19:00,30
2026-09-13,3,20:00,4
2026-09-13,3,21:00,4
2026-09-14,1,08:00,34
2026-09-14,1,09:00,24
2026-09-14,1,10:00,4
2026-09-14,1,11:00,27
2026-09-14,1,12:00,23
2026-09-14,1,13:00,20
2026-09-14,1,14:00,6
2026-09-14,1,15:00,1
2026-09-14,1,16:00,33
2026-09-14,1,17:00,18
2026-09-14,1,18:00,35
2026-09-14,1,19:00,31
2026-09-14,2,08:30,5
2026-09-14,2,09:30,20
2026-09-14,2,10:30,18
2026-09-14,2,11:30,22
2026-09-14,2,12:30,15
2026-09-14,2,13:30,26
2026-09-14,2,14:30,24
2026-09-14,2,15:30,13
2026-09-14,2,16:30,6
2026-09-14,2,17:30,23
2026-09-14,2,18:30,2
2026-09-14,2,19:30,15
2026-09-14,3,08:00,8
2026-09-14,3,09:00,28
2026-09-14,3,10:00,21
2026-09-14,3,11:00,13
2026-09-14,3,12:00,3
2026-09-14,3,13:00,28
2026-09-14,3,14:00,15
2026-09-14,3,15:00,29
2026-09-14,3,16:00,32
2026-09-14,3,17:00,0
2026-09-14,3,18:00,1
2026-09-14,3,19:00,20
2026-09-14,3,20:00,2
2026-09-14,3,21:00,9
2026-09-15,1,08:00,13
2026-09-15,1,09:00,6
2026-09-15,1,10:00,25
2026-09-15,1,11:00,20
2026-09-15,1,12:00,29
2026-09-15,1,13:00,33
2026-09-15,1,14:00,2
2026-09-15,1,15:00,22
2026-09-15,1,16:00,31
2026-09-15,1,17:00,7
2026-09-15,1,18:00,34
2026-09-15,1,19:00,29
2026-09-15,2,08:30,19
2026-09-15,2,09:30,10
2026-09-15,2,10:30,15
2026-09-15,2,11:30,1
2026-09-15,2,12:30,4
2026-09-15,2,13:30,3
2026-09-15,2,14:30,0
2026-09-15,2,15:30,18
2026-09-15,2,16:30,12
2026-09-15,2,17:30,16
2026-09-15,2,18:30,5
2026-09-15,2,19:30,6
2026-09-15,3,08:00,14
2026-09-15,3,09:00,22
2026-09-15,3,10:00,2
2026-09-15,3,11:00,3
2026-09-15,3,12:00,19
2026-09-15,3,13:00,17
2026-09-15,3,14:00,15
2026-09-15,3,15:00,21
2026-09-15,3,16:00,19
2026-09-15,3,17:00,9
2026-09-15,3,18:00,19
2026-09-15,3,19:00,10
2026-09-15,3,20:00,22
2026-09-15,3,21:00,20
2026-09-16,1,08:00,30
2026-09-16,1,09:00,29
2026-09-16,1,10:00,0
2026-09-16,1,11:00,15
2026-09-16,1,12:00,34
2026-09-16,1,13:00,12
2026-09-16,1,14:00,30
2026-09-16,1,15:00,32
2026-09-16,1,16:00,10
2026-09-16,1,17:00,31
2026-09-16,1,18:00,9
2026-09-16,1,19:00,12
2026-09-16,2,08:30,12
2026-09-16,2,09:30,14
2026-09-16,2,10:30,30
2026-09-16,2,11:30,31
2026-09-16,2,12:30,6
2026-09-16,2,13:30,11
2026-09-16,2,14:30,20
2026-09-16,2,15:30,9
2026-09-16,2,16:30,1
2026-09-16,2,17:30,17
2026-09-16,2,18:30,35
2026-09-16,2,19:30,2
2026-09-16,3,08:00,11
2026-09-16,3,09:00,20
2026-09-16,3,10:00,00
2026-09-16,3,11:00,0
2026-09-16,3,12:00,6
2026-09-16,3,13:00,22
2026-09-16,3,14:00,4
2026-09-16,3,15:00,31
2026-09-16,3,16:00,24
2026-09-16,3,17:00,13
2026-09-16,3,18:00,33
2026-09-16,3,19:00,35
2026-09-16,3,20:00,30
2026-09-16,3,21:00,2
2026-09-17,1,08:00,7
2026-09-17,1,09:00,26
2026-09-17,1,10:00,33
2026-09-17,1,11:00,16
2026-09-17,1,12:00,7
2026-09-17,1,13:00,23
2026-09-17,1,14:00,15
2026-09-17,1,15:00,19
2026-09-17,1,16:00,8
2026-09-17,1,17:00,36
2026-09-17,1,18:00,1
2026-09-17,1,19:00,25
2026-09-17,2,08:30,15
2026-09-17,2,09:30,1
2026-09-17,2,10:30,27
2026-09-17,2,11:30,30
2026-09-17,2,12:30,36
2026-09-17,2,13:30,35
2026-09-17,2,14:30,12
2026-09-17,2,15:30,26
2026-09-17,2,16:30,31
2026-09-17,2,17:30,2
2026-09-17,2,18:30,27
2026-09-17,2,19:30,20
2026-09-17,3,08:00,20
2026-09-17,3,09:00,15
2026-09-17,3,10:00,18
2026-09-17,3,11:00,31
2026-09-17,3,12:00,26
2026-09-17,3,13:00,32
2026-09-17,3,14:00,33
2026-09-17,3,15:00,24
2026-09-17,3,16:00,12
2026-09-17,3,17:00,22
2026-09-17,3,18:00,33
2026-09-17,3,19:00,34
2026-09-17,3,20:00,11
2026-09-17,3,21:00,17
2026-09-18,1,08:00,13
2026-09-18,1,09:00,30
2026-09-18,1,10:00,34
2026-09-18,1,11:00,21
2026-09-18,1,12:00,0
2026-09-18,1,13:00,23
2026-09-18,1,14:00,5
2026-09-18,1,15:00,7
2026-09-18,1,16:00,27
2026-09-18,1,17:00,16
2026-09-18,1,18:00,30
2026-09-18,1,19:00,18
2026-09-18,2,08:30,29
2026-09-18,2,09:30,35
2026-09-18,2,10:30,6
2026-09-18,2,11:30,36
2026-09-18,2,12:30,9
2026-09-18,2,13:30,2
2026-09-18,2,14:30,10
2026-09-18,2,15:30,21
2026-09-18,2,16:30,26
2026-09-18,2,17:30,0
2026-09-18,2,18:30,00
2026-09-18,2,19:30,32
2026-09-18,3,08:00,20
2026-09-18,3,09:00,32
2026-09-18,3,10:00,14
2026-09-18,3,11:00,24
2026-09-18,3,12:00,34
2026-09-18,3,13:00,29
2026-09-18,3,14:00,10
2026-09-18,3,15:00,12
2026-09-18,3,16:00,7
2026-09-18,3,17:00,1
2026-09-18,3,18:00,12
2026-09-18,3,19:00,4
2026-09-18,3,20:00,12
2026-09-18,3,21:00,00
2026-09-19,1,08:00,23
2026-09-19,1,09:00,8
2026-09-19,1,10:00,1
2026-09-19,1,11:00,12
2026-09-19,1,12:00,6
2026-09-19,1,13:00,4
2026-09-19,1,14:00,30
2026-09-19,1,15:00,33
2026-09-19,1,16:00,10
2026-09-19,1,17:00,23
2026-09-19,1,18:00,27
2026-09-19,1,19:00,25
2026-09-19,2,08:30,28
2026-09-19,2,09:30,21
2026-09-19,2,10:30,13
2026-09-19,2,11:30,33
2026-09-19,2,12:30,27
2026-09-19,2,13:30,14
2026-09-19,2,14:30,29
2026-09-19,2,15:30,23
2026-09-19,2,16:30,36
2026-09-19,2,17:30,31
2026-09-19,2,18:30,1
2026-09-19,2,19:30,12
2026-09-19,3,08:00,19
2026-09-19,3,09:00,6
2026-09-19,3,10:00,16
2026-09-19,3,11:00,17
2026-09-19,3,12:00,2
2026-09-19,3,13:00,25
2026-09-19,3,14:00,34
2026-09-19,3,15:00,36
2026-09-19,3,16:00,26
2026-09-19,3,17:00,6
2026-09-19,3,18:00,29
2026-09-19,3,19:00,15
2026-09-19,3,20:00,26
2026-09-19,3,21:00,11
2026-09-20,1,08:00,35
2026-09-20,1,09:00,22
2026-09-20,1,10:00,15
2026-09-20,1,11:00,17
2026-09-20,1,12:00,8
2026-09-20,1,13:00,28
2026-09-20,1,14:00,7
2026-09-20,1,15:00,13
2026-09-20,1,16:00,33
2026-09-20,1,17:00,5
2026-09-20,1,18:00,18
2026-09-20,1,19:00,19
2026-09-20,2,08:30,1
2026-09-20,2,09:30,8
2026-09-20,2,10:30,00
2026-09-20,2,11:30,13
2026-09-20,2,12:30,20
2026-09-20,2,13:30,14
2026-09-20,2,14:30,5
2026-09-20,2,15:30,26
2026-09-20,2,16:30,12
2026-09-20,2,17:30,4
2026-09-20,2,18:30,25
2026-09-20,2,19:30,32
2026-09-20,3,08:00,22
2026-09-20,3,09:00,16
2026-09-20,3,10:00,18
2026-09-20,3,11:00,30
2026-09-20,3,12:00,35
2026-09-20,3,13:00,16
2026-09-20,3,14:00,22
2026-09-20,3,15:00,00
2026-09-20,3,16:00,00
2026-09-20,3,17:00,6
2026-09-20,3,18:00,27
2026-09-20,3,19:00,12
2026-09-20,3,20:00,33
2026-09-20,3,21:00,3
2026-09-21,1,08:00,30
2026-09-21,1,09:00,13
2026-09-21,1,10:00,12
2026-09-21,1,11:00,31
2026-09-21,1,12:00,10
2026-09-21,1,13:00,36
2026-09-21,1,14:00,19
2026-09-21,1,15:00,24
2026-09-21,1,16:00,18
2026-09-21,1,17:00,16
2026-09-21,1,18:00,0
2026-09-21,1,19:00,23
2026-09-21,2,08:30,33
2026-09-21,2,09:30,35
2026-09-21,2,10:30,19
2026-09-21,2,11:30,30
2026-09-21,2,12:30,0
2026-09-21,2,13:30,2
2026-09-21,2,14:30,24
2026-09-21,2,15:30,5
2026-09-21,2,16:30,31
2026-09-21,2,17:30,8
2026-09-21,2,18:30,32
2026-09-21,2,19:30,2
2026-09-21,3,08:00,27
2026-09-21,3,09:00,18
2026-09-21,3,10:00,0
2026-09-21,3,11:00,10
2026-09-21,3,12:00,12
2026-09-21,3,13:00,11
2026-09-21,3,14:00,9
2026-09-21,3,15:00,18
2026-09-21,3,16:00,8
2026-09-21,3,17:00,30
2026-09-21,3,18:00,31
2026-09-21,3,19:00,23
2026-09-21,3,20:00,26
2026-09-21,3,21:00,2
2026-09-22,1,08:00,18
2026-09-22,1,09:00,10
2026-09-22,1,10:00,29
2026-09-22,1,11:00,9
2026-09-22,1,12:00,2
2026-09-22,1,13:00,15
2026-09-22,1,14:00,13
2026-09-22,1,15:00,8
2026-09-22,1,16:00,35
2026-09-22,1,17:00,7
2026-09-22,1,18:00,4
2026-09-22,1,19:00,0
2026-09-22,2,08:30,12
2026-09-22,2,09:30,11
2026-09-22,2,10:30,21
2026-09-22,2,11:30,3
2026-09-22,2,12:30,33
2026-09-22,2,13:30,22
2026-09-22,2,14:30,0
2026-09-22,2,15:30,7
2026-09-22,2,16:30,29
2026-09-22,2,17:30,13
2026-09-22,2,18:30,19
2026-09-22,2,19:30,28
2026-09-22,3,08:00,18
2026-09-22,3,09:00,35
2026-09-22,3,10:00,32
2026-09-22,3,11:00,5
2026-09-22,3,12:00,14
2026-09-22,3,13:00,31
2026-09-22,3,14:00,15
2026-09-22,3,15:00,11
2026-09-22,3,16:00,10
2026-09-22,3,17:00,31
2026-09-22,3,18:00,28
2026-09-22,3,19:00,31
2026-09-22,3,20:00,17
2026-09-22,3,21:00,21
